technical_name (use with ::give),display_name,cert_of,source_file
01_wind_strike,,,scripts/_unpack/377/all.obj
03_confuse,,,scripts/_unpack/377/all.obj
05_water_strike,,,scripts/_unpack/377/all.obj
07_enchant_amulet_lvl1,,,scripts/_unpack/377/all.obj
09_earth_strike,,,scripts/_unpack/377/all.obj
100_ilm_snake_burnt,Snake over-cooked,,scripts/_unpack/377/all.obj
100_journal_head_dave,Evil dave,,scripts/_unpack/377/all.obj
100_journal_head_dwarf,Dwarf,,scripts/_unpack/377/all.obj
100_journal_head_goblin,Goblins,,scripts/_unpack/377/all.obj
100_journal_head_guide,Lumbridge guide,,scripts/_unpack/377/all.obj
100_journal_head_monkey,Monkey,,scripts/_unpack/377/all.obj
100_journal_head_osman,Osman,,scripts/_unpack/377/all.obj
100_journal_head_pirate,Pirate pete,,scripts/_unpack/377/all.obj
100_journal_head_sir,Sir amik varze,,scripts/_unpack/377/all.obj
100_journal_head_skrach,Skrach,,scripts/_unpack/377/all.obj
100_jubbly_balloon_toad_brown,Balloon toad,,scripts/_unpack/377/all.obj
100_jubbly_balloon_toad_white,Balloon toad,,scripts/_unpack/377/all.obj
100_jubbly_meat_burned,Burnt jubbly,,scripts/_unpack/377/all.obj
100_jubbly_meat_cooked,Cooked jubbly,,scripts/_unpack/377/all.obj
100_jubbly_meat_raw,Raw jubbly,,scripts/_unpack/377/all.obj
100goblin_compromise_mush,Slop of compromise,,scripts/_unpack/377/all.obj
100goblin_dyed_oranges,Dyed orange,,scripts/_unpack/377/all.obj
100goblin_soggy_bread,Soggy bread,,scripts/_unpack/377/all.obj
100goblin_spicey_maggots,Spicy maggots,,scripts/_unpack/377/all.obj
100guide_airrune_dum,Air rune,,scripts/_unpack/377/all.obj
100guide_bucket_milk,Enchanted milk,,scripts/_unpack/377/all.obj
100guide_chaosrune_dum,Chaos rune,,scripts/_unpack/377/all.obj
100guide_druid_pouch_dum,Druid pouch,,scripts/_unpack/377/all.obj
100guide_egg,Enchanted egg,,scripts/_unpack/377/all.obj
100guide_firerune_dum,Fire rune,,scripts/_unpack/377/all.obj
100guide_guidecake,Cake of guidance,,scripts/_unpack/377/all.obj
100guide_guidecake_uncooked,Raw guide cake,,scripts/_unpack/377/all.obj
100guide_mithril_arrow_dum,Mithril arrow,,scripts/_unpack/377/all.obj
100guide_onion_seed_dum,Onion seed,,scripts/_unpack/377/all.obj
100guide_pot_flour,Enchanted flour,,scripts/_unpack/377/all.obj
100guide_potato_seed_dum,Potato seed,,scripts/_unpack/377/all.obj
100guide_tomato_seed_dum,Tomato seed,,scripts/_unpack/377/all.obj
100guide_waterrune_dum,Water rune,,scripts/_unpack/377/all.obj
11_weaken,,,scripts/_unpack/377/all.obj
13_fire_strike,,,scripts/_unpack/377/all.obj
15_bones_bananas,,,scripts/_unpack/377/all.obj
17_wind_bolt,,,scripts/_unpack/377/all.obj
19_curse,,,scripts/_unpack/377/all.obj
1dose1agility,Agility potion(1),,scripts/_unpack/377/all.obj
1dose1antidragon,Antifire potion(1),,scripts/_unpack/377/all.obj
1dose1attack,Attack potion(1),,scripts/_unpack/377/all.obj
1dose1defense,Defence potion(1),,scripts/_unpack/377/all.obj
1dose1energy,Energy potion(1),,scripts/_unpack/377/all.obj
1dose1magic,Magic potion(1),,scripts/_unpack/377/all.obj
1dose1strength,Strength potion(1),,scripts/_unpack/377/all.obj
1dose2antipoison,Superantipoison(1),,scripts/_unpack/377/all.obj
1dose2attack,Super attack(1),,scripts/_unpack/377/all.obj
1dose2defense,Super defence(1),,scripts/_unpack/377/all.obj
1dose2energy,Super energy(1),,scripts/_unpack/377/all.obj
1dose2restore,Super restore(1),,scripts/_unpack/377/all.obj
1dose2strength,Super strength(1),,scripts/_unpack/377/all.obj
1doseantipoison,Antipoison(1),,scripts/_unpack/377/all.obj
1dosefisherspotion,Fishing potion(1),,scripts/_unpack/377/all.obj
1dosepotionofsaradomin,Saradomin brew(1),,scripts/_unpack/377/all.obj
1dosepotionofzamorak,Zamorak brew(1),,scripts/_unpack/377/all.obj
1doseprayerrestore,Prayer potion(1),,scripts/_unpack/377/all.obj
1doserangerspotion,Ranging potion(1),,scripts/_unpack/377/all.obj
1dosestatrestore,Restore potion(1),,scripts/_unpack/377/all.obj
20_bind,,,scripts/_unpack/377/all.obj
21_low_alchemy,,,scripts/_unpack/377/all.obj
23_water_bolt,,,scripts/_unpack/377/all.obj
25_varrock_teleport,,,scripts/_unpack/377/all.obj
27_enchant_amulet_lvl2,,,scripts/_unpack/377/all.obj
29_earth_bolt,,,scripts/_unpack/377/all.obj
2dose1agility,Agility potion(2),,scripts/_unpack/377/all.obj
2dose1antidragon,Antifire potion(2),,scripts/_unpack/377/all.obj
2dose1attack,Attack potion(2),,scripts/_unpack/377/all.obj
2dose1defense,Defence potion(2),,scripts/_unpack/377/all.obj
2dose1energy,Energy potion(2),,scripts/_unpack/377/all.obj
2dose1magic,Magic potion(2),,scripts/_unpack/377/all.obj
2dose1strength,Strength potion(2),,scripts/_unpack/377/all.obj
2dose2antipoison,Superantipoison(2),,scripts/_unpack/377/all.obj
2dose2attack,Super attack(2),,scripts/_unpack/377/all.obj
2dose2defense,Super defence(2),,scripts/_unpack/377/all.obj
2dose2energy,Super energy(2),,scripts/_unpack/377/all.obj
2dose2restore,Super restore(2),,scripts/_unpack/377/all.obj
2dose2strength,Super strength(2),,scripts/_unpack/377/all.obj
2doseantipoison,Antipoison(2),,scripts/_unpack/377/all.obj
2dosefisherspotion,Fishing potion(2),,scripts/_unpack/377/all.obj
2dosepotionofsaradomin,Saradomin brew(2),,scripts/_unpack/377/all.obj
2dosepotionofzamorak,Zamorak brew(2),,scripts/_unpack/377/all.obj
2doseprayerrestore,Prayer potion(2),,scripts/_unpack/377/all.obj
2doserangerspotion,Ranging potion(2),,scripts/_unpack/377/all.obj
2dosestatrestore,Restore potion(2),,scripts/_unpack/377/all.obj
31_lumbridge_teleport,,,scripts/_unpack/377/all.obj
33_tele_grab,,,scripts/_unpack/377/all.obj
35_fire_bolt,,,scripts/_unpack/377/all.obj
37_falador_teleport,,,scripts/_unpack/377/all.obj
39_crumble_undead,,,scripts/_unpack/377/all.obj
3dose1agility,Agility potion(3),,scripts/_unpack/377/all.obj
3dose1antidragon,Antifire potion(3),,scripts/_unpack/377/all.obj
3dose1attack,Attack potion(3),,scripts/_unpack/377/all.obj
3dose1defense,Defence potion(3),,scripts/_unpack/377/all.obj
3dose1energy,Energy potion(3),,scripts/_unpack/377/all.obj
3dose1magic,Magic potion(3),,scripts/_unpack/377/all.obj
3dose1strength,Strength potion(3),,scripts/_unpack/377/all.obj
3dose2antipoison,Superantipoison(3),,scripts/_unpack/377/all.obj
3dose2attack,Super attack(3),,scripts/_unpack/377/all.obj
3dose2defense,Super defence(3),,scripts/_unpack/377/all.obj
3dose2energy,Super energy(3),,scripts/_unpack/377/all.obj
3dose2restore,Super restore(3),,scripts/_unpack/377/all.obj
3dose2strength,Super strength(3),,scripts/_unpack/377/all.obj
3doseantipoison,Antipoison(3),,scripts/_unpack/377/all.obj
3dosefisherspotion,Fishing potion(3),,scripts/_unpack/377/all.obj
3dosepotionofsaradomin,Saradomin brew(3),,scripts/_unpack/377/all.obj
3dosepotionofzamorak,Zamorak brew(3),,scripts/_unpack/377/all.obj
3doseprayerrestore,Prayer potion(3),,scripts/_unpack/377/all.obj
3doserangerspotion,Ranging potion(3),,scripts/_unpack/377/all.obj
3dosestatrestore,Restore potion(3),,scripts/_unpack/377/all.obj
41_wind_blast,,,scripts/_unpack/377/all.obj
43_superheat_item,,,scripts/_unpack/377/all.obj
45_camelot_teleport,,,scripts/_unpack/377/all.obj
47_water_blast,,,scripts/_unpack/377/all.obj
49_enchant_amulet_lvl3,,,scripts/_unpack/377/all.obj
4dose1agility,Agility potion(4),,scripts/_unpack/377/all.obj
4dose1antidragon,Antifire potion(4),,scripts/_unpack/377/all.obj
4dose1attack,Attack potion(4),,scripts/_unpack/377/all.obj
4dose1defense,Defence potion(4),,scripts/_unpack/377/all.obj
4dose1energy,Energy potion(4),,scripts/_unpack/377/all.obj
4dose1magic,Magic potion(4),,scripts/_unpack/377/all.obj
4dose2antipoison,Superantipoison(4),,scripts/_unpack/377/all.obj
4dose2attack,Super attack(4),,scripts/_unpack/377/all.obj
4dose2defense,Super defence(4),,scripts/_unpack/377/all.obj
4dose2energy,Super energy(4),,scripts/_unpack/377/all.obj
4dose2restore,Super restore(4),,scripts/_unpack/377/all.obj
4dose2strength,Super strength(4),,scripts/_unpack/377/all.obj
4doseantipoison,Antipoison(4),,scripts/_unpack/377/all.obj
4dosefisherspotion,Fishing potion(4),,scripts/_unpack/377/all.obj
4dosepotionofsaradomin,Saradomin brew(4),,scripts/_unpack/377/all.obj
4dosepotionofzamorak,Zamorak brew(4),,scripts/_unpack/377/all.obj
4doseprayerrestore,Prayer potion(4),,scripts/_unpack/377/all.obj
4doserangerspotion,Ranging potion(4),,scripts/_unpack/377/all.obj
4dosestatrestore,Restore potion(4),,scripts/_unpack/377/all.obj
50_iban_blast,,,scripts/_unpack/377/all.obj
50_magic_dart,,,scripts/_unpack/377/all.obj
50_slayer_dart,,,scripts/_unpack/377/all.obj
50_smoke_rush,,,scripts/_unpack/377/all.obj
50_snare,,,scripts/_unpack/377/all.obj
51_ardougne_teleport,,,scripts/_unpack/377/all.obj
52_shadow_rush,,,scripts/_unpack/377/all.obj
53_earth_blast,,,scripts/_unpack/377/all.obj
54_paddewwa_teleport,,,scripts/_unpack/377/all.obj
55_high_alchemy,,,scripts/_unpack/377/all.obj
56_blood_rush,,,scripts/_unpack/377/all.obj
56_charge_water_orb,,,scripts/_unpack/377/all.obj
57_enchant_amulet_lvl4,,,scripts/_unpack/377/all.obj
58_ice_rush,,,scripts/_unpack/377/all.obj
58_watchtower_teleport,,,scripts/_unpack/377/all.obj
59_fire_blast,,,scripts/_unpack/377/all.obj
60_bones_peaches,,,scripts/_unpack/377/all.obj
60_charge_earth_orb,,,scripts/_unpack/377/all.obj
60_claws_of_guthix,,,scripts/_unpack/377/all.obj
60_flames_of_zamorak,,,scripts/_unpack/377/all.obj
60_saradomin_strike,,,scripts/_unpack/377/all.obj
60_senntisten_teleport,,,scripts/_unpack/377/all.obj
61_trollheim_teleport,,,scripts/_unpack/377/all.obj
62_smoke_burst,,,scripts/_unpack/377/all.obj
62_wind_wave,,,scripts/_unpack/377/all.obj
63_charge_fire_orb,,,scripts/_unpack/377/all.obj
64_ape_atoll_teleport,,,scripts/_unpack/377/all.obj
64_shadow_burst,,,scripts/_unpack/377/all.obj
65_water_wave,,,scripts/_unpack/377/all.obj
66_charge_air_orb,,,scripts/_unpack/377/all.obj
66_kharyllyl_teleport,,,scripts/_unpack/377/all.obj
66_vulnerability,,,scripts/_unpack/377/all.obj
68_blood_burst,,,scripts/_unpack/377/all.obj
68_enchant_amulet_lvl5,,,scripts/_unpack/377/all.obj
70_earth_wave,,,scripts/_unpack/377/all.obj
70_ice_burst,,,scripts/_unpack/377/all.obj
72_lassar_teleport,,,scripts/_unpack/377/all.obj
73_enfeeble,,,scripts/_unpack/377/all.obj
74_smoke_blitz,,,scripts/_unpack/377/all.obj
74_teleother_lumbridge,,,scripts/_unpack/377/all.obj
75_fire_wave,,,scripts/_unpack/377/all.obj
76_shadow_blitz,,,scripts/_unpack/377/all.obj
78_dareeyak_teleport,,,scripts/_unpack/377/all.obj
79_entangle,,,scripts/_unpack/377/all.obj
80_blood_blitz,,,scripts/_unpack/377/all.obj
80_charge,,,scripts/_unpack/377/all.obj
80_stun,,,scripts/_unpack/377/all.obj
82_ice_blitz,,,scripts/_unpack/377/all.obj
82_teleother_falador,,,scripts/_unpack/377/all.obj
84_carrallagar_teleport,,,scripts/_unpack/377/all.obj
85_teleport_block,,,scripts/_unpack/377/all.obj
86_smoke_barrage,,,scripts/_unpack/377/all.obj
87_enchant_amulet_lvl6,,,scripts/_unpack/377/all.obj
88_shadow_barrage,,,scripts/_unpack/377/all.obj
90_annakarl_teleport,,,scripts/_unpack/377/all.obj
90_teleother_camelot,,,scripts/_unpack/377/all.obj
92_blood_barrage,,,scripts/_unpack/377/all.obj
94_ice_barrage,,,scripts/_unpack/377/all.obj
96_ghorrock_teleport,,,scripts/_unpack/377/all.obj
abyssal_whip,Abyssal whip,,scripts/_unpack/377/all.obj
achey_tree_logs,Achey tree logs,,scripts/_unpack/377/all.obj
acne_potion,Potion,,scripts/_unpack/377/all.obj
acorn,Acorn,,scripts/_unpack/377/all.obj
acorns_2,,,scripts/_unpack/377/all.obj
acorns_3,,,scripts/_unpack/377/all.obj
acorns_4,,,scripts/_unpack/377/all.obj
acorns_5,,,scripts/_unpack/377/all.obj
adamant_2h_sword,Adamant 2h sword,,scripts/_unpack/377/all.obj
adamant_armoured_boots,Adamant boots,,scripts/_unpack/377/all.obj
adamant_arrow,Adamant arrow,,scripts/_unpack/377/all.obj
adamant_arrow_2,,,scripts/_unpack/377/all.obj
adamant_arrow_3,,,scripts/_unpack/377/all.obj
adamant_arrow_4,,,scripts/_unpack/377/all.obj
adamant_arrow_5,,,scripts/_unpack/377/all.obj
adamant_arrow_p,Adamant arrow(p),,scripts/_unpack/377/all.obj
adamant_arrow_p_2,,,scripts/_unpack/377/all.obj
adamant_arrow_p_3,,,scripts/_unpack/377/all.obj
adamant_arrow_p_4,,,scripts/_unpack/377/all.obj
adamant_arrow_p_5,,,scripts/_unpack/377/all.obj
adamant_arrowheads,Adamant arrowtips,,scripts/_unpack/377/all.obj
adamant_axe,Adamant axe,,scripts/skill_woodcutting/configs/axes/axes.obj
adamant_battleaxe,Adamant battleaxe,,scripts/_unpack/377/all.obj
adamant_chainbody,Adamant chainbody,,scripts/_unpack/377/all.obj
adamant_claws,Adamant claws,,scripts/skill_combat/configs/melee/claws.obj
adamant_dagger,Adamant dagger,,scripts/_unpack/377/all.obj
adamant_dagger_p,Adamant dagger(p),,scripts/_unpack/377/all.obj
adamant_dart,Adamant dart,,scripts/_unpack/377/all.obj
adamant_dart_p,Adamant dart(p),,scripts/_unpack/377/all.obj
adamant_dart_tip,Adamant dart tip,,scripts/_unpack/377/all.obj
adamant_full_helm,Adamant full helm,,scripts/_unpack/377/all.obj
adamant_full_helm_gold,Adam full helm (g),,scripts/_unpack/377/all.obj
adamant_full_helm_trim,Adam full helm (t),,scripts/_unpack/377/all.obj
adamant_halberd,Adamant halberd,,scripts/_unpack/377/all.obj
adamant_heraldic_kiteshield1,Adam kiteshield(h),,scripts/_unpack/377/all.obj
adamant_heraldic_kiteshield2,Adam kiteshield(h),,scripts/_unpack/377/all.obj
adamant_heraldic_kiteshield3,Adam kiteshield(h),,scripts/_unpack/377/all.obj
adamant_heraldic_kiteshield4,Adam kiteshield(h),,scripts/_unpack/377/all.obj
adamant_heraldic_kiteshield5,Adam kiteshield(h),,scripts/_unpack/377/all.obj
adamant_javelin,Adamant javelin,,scripts/_unpack/377/all.obj
adamant_javelin_p,Adamant javelin(p),,scripts/_unpack/377/all.obj
adamant_kiteshield,Adamant kiteshield,,scripts/_unpack/377/all.obj
adamant_kiteshield_gold,Adam kiteshield (g),,scripts/_unpack/377/all.obj
adamant_kiteshield_trim,Adam kiteshield (t),,scripts/_unpack/377/all.obj
adamant_knife,Adamant knife,,scripts/_unpack/377/all.obj
adamant_knife_p,Adamant knife(p),,scripts/_unpack/377/all.obj
adamant_litarrow,Addy fire arrows,,scripts/_unpack/377/all.obj
adamant_longsword,Adamant longsword,,scripts/_unpack/377/all.obj
adamant_mace,Adamant mace,,scripts/_unpack/377/all.obj
adamant_med_helm,Adamant med helm,,scripts/_unpack/377/all.obj
adamant_pickaxe,Adamant pickaxe,,scripts/_unpack/377/all.obj
adamant_platebody,Adamant platebody,,scripts/_unpack/377/all.obj
adamant_platebody_gold,Adam platebody (g),,scripts/_unpack/377/all.obj
adamant_platebody_trim,Adam platebody (t),,scripts/_unpack/377/all.obj
adamant_platelegs,Adamant platelegs,,scripts/_unpack/377/all.obj
adamant_platelegs_gold,Adam platelegs (g),,scripts/_unpack/377/all.obj
adamant_platelegs_trim,Adam platelegs (t),,scripts/_unpack/377/all.obj
adamant_plateskirt,Adamant plateskirt,,scripts/_unpack/377/all.obj
adamant_plateskirt_gold,Adam plateskirt (g),,scripts/_unpack/377/all.obj
adamant_plateskirt_trim,Adam plateskirt (t),,scripts/_unpack/377/all.obj
adamant_scimitar,Adamant scimitar,,scripts/_unpack/377/all.obj
adamant_spear,Adamant spear,,scripts/_unpack/377/all.obj
adamant_spear_p,Adamant spear(p),,scripts/_unpack/377/all.obj
adamant_sq_shield,Adamant sq shield,,scripts/_unpack/377/all.obj
adamant_sword,Adamant sword,,scripts/_unpack/377/all.obj
adamant_unlitarrow,Addy fire arrows,,scripts/_unpack/377/all.obj
adamantite_bar,Adamantite bar,,scripts/_unpack/377/all.obj
adamantite_ore,Adamantite ore,,scripts/_unpack/377/all.obj
adamnt_thrownaxe,Adamnt thrownaxe,,scripts/_unpack/377/all.obj
adamnt_warhammer,Addy warhammer,,scripts/_unpack/377/all.obj
admiral_pie,Admiral pie,,scripts/_unpack/377/all.obj
agility_balance,Agility balance,,scripts/_unpack/377/all.obj
agility_balance_area,Agility balance,,scripts/_unpack/377/all.obj
agility_climb,Agility climb,,scripts/_unpack/377/all.obj
agility_climb_area,Agility climb,,scripts/_unpack/377/all.obj
agility_contortion,Agility contortion,,scripts/_unpack/377/all.obj
agility_contortion_area,Agility contortion,,scripts/_unpack/377/all.obj
agility_jump,Agility jump,,scripts/_unpack/377/all.obj
agility_jump_area,Agility jump,,scripts/_unpack/377/all.obj
agility_pyramid_gold_pyramid,Pyramid top,,scripts/_unpack/377/all.obj
agilityarena_ticket,Agility arena ticket,,scripts/minigames/game_agilityarena/configs/agilityarena.obj
agrith_book,Demonic tome,,scripts/_unpack/377/all.obj
agrith_desert_robe_dyed,Black desert robe,,scripts/_unpack/377/all.obj
agrith_desert_shirt_dyed,Black desert shirt,,scripts/_unpack/377/all.obj
agrith_sigil,Demonic sigil,,scripts/_unpack/377/all.obj
agrith_sigil_mould,Demonic sigil mould,,scripts/_unpack/377/all.obj
agrith_silverlight_dyed,Silverlight,,scripts/_unpack/377/all.obj
ahoy_bedsheet,Bedsheet,,scripts/_unpack/377/all.obj
ahoy_bedsheetgreen,Bedsheet,,scripts/_unpack/377/all.obj
ahoy_bone_key,Bone key,,scripts/_unpack/377/all.obj
ahoy_book_of_haricanto,Book of haricanto,,scripts/_unpack/377/all.obj
ahoy_chest_key,Chest key,,scripts/_unpack/377/all.obj
ahoy_map_complete,Treasure map,,scripts/_unpack/377/all.obj
ahoy_map_scrap_1,Map scrap,,scripts/_unpack/377/all.obj
ahoy_map_scrap_2,Map scrap,,scripts/_unpack/377/all.obj
ahoy_map_scrap_3,Map scrap,,scripts/_unpack/377/all.obj
ahoy_petition,Petition form,,scripts/_unpack/377/all.obj
ahoy_robes_of_necrovarus,Mystical robes,,scripts/_unpack/377/all.obj
ahoy_toy_boat,Model ship,,scripts/_unpack/377/all.obj
ahoy_toy_boat_repaired,Model ship,,scripts/_unpack/377/all.obj
ahoy_translation_manual,Translation manual,,scripts/_unpack/377/all.obj
air_battlestaff,Air battlestaff,,scripts/_unpack/377/all.obj
air_orb,Air orb,,scripts/_unpack/377/all.obj
air_talisman,Air talisman,,scripts/skill_runecraft/configs/runecraft.obj
airrune,Air rune,,scripts/_unpack/377/all.obj
ale_yeast,Ale yeast,,scripts/_unpack/377/all.obj
ammo_mould,Ammo mould,,scripts/_unpack/377/all.obj
ammonium_nitrate,Ammonium nitrate,,scripts/_unpack/377/all.obj
amulet_mould,Amulet mould,,scripts/_unpack/377/all.obj
amulet_of_accuracy,Amulet of accuracy,,scripts/_unpack/377/all.obj
amulet_of_defence,Amulet of defence,,scripts/_unpack/377/all.obj
amulet_of_ghostspeak,Ghostspeak amulet,,scripts/_unpack/377/all.obj
amulet_of_ghostspeak_enchanted,Ghostspeak amulet,,scripts/_unpack/377/all.obj
amulet_of_glory,Amulet of glory,,scripts/_unpack/377/all.obj
amulet_of_glory_1,Amulet of glory(1),,scripts/_unpack/377/all.obj
amulet_of_glory_2,Amulet of glory(2),,scripts/_unpack/377/all.obj
amulet_of_glory_3,Amulet of glory(3),,scripts/_unpack/377/all.obj
amulet_of_glory_4,Amulet of glory(4),,scripts/_unpack/377/all.obj
amulet_of_magic,Amulet of magic,,scripts/_unpack/377/all.obj
amulet_of_power,Amulet of power,,scripts/_unpack/377/all.obj
amulet_of_strength,Amulet of strength,,scripts/_unpack/377/all.obj
anchovie_pizza,Anchovy pizza,,scripts/skill_cooking/configs/cooking_inv/configs/pizza/pizza.obj
anchovies,Anchovies,,scripts/_unpack/377/all.obj
antidragonbreathshield,Anti-dragon shield,,scripts/_unpack/377/all.obj
anvil_icon_dummy,,,scripts/_unpack/377/all.obj
apple_mush,Apple mush,,scripts/_unpack/377/all.obj
apple_pie,Apple pie,,scripts/skill_cooking/configs/cooking_inv/configs/pies/pies.obj
apple_seed_2,,,scripts/_unpack/377/all.obj
apple_seed_3,,,scripts/_unpack/377/all.obj
apple_seed_4,,,scripts/_unpack/377/all.obj
apple_seed_5,,,scripts/_unpack/377/all.obj
apple_tree_seed,Apple tree seed,,scripts/_unpack/377/all.obj
applebarrel_full,Rotten apples,,scripts/_unpack/377/all.obj
arcenia_root,Arcenia root,,scripts/_unpack/377/all.obj
archery_ticket,Archery ticket,,scripts/_unpack/377/all.obj
ardougne_book,Guide book,,scripts/_unpack/377/all.obj
ardougnescroll,A magic scroll,,scripts/_unpack/377/all.obj
ardrigal,Ardrigal,,scripts/_unpack/377/all.obj
ardrigal_sol,Ardrigal mixture,,scripts/_unpack/377/all.obj
arravcertificate,Certificate,,scripts/_unpack/377/all.obj
arravshield1,Broken shield,,scripts/_unpack/377/all.obj
arravshield2,Broken shield,,scripts/_unpack/377/all.obj
arrow_shaft,Arrow shaft,,scripts/_unpack/377/all.obj
arrow_shaft_2,,,scripts/_unpack/377/all.obj
arrow_shaft_3,,,scripts/_unpack/377/all.obj
arrow_shaft_4,,,scripts/_unpack/377/all.obj
arrow_shaft_5,,,scripts/_unpack/377/all.obj
asgarnian_ale,Asgarnian ale,,scripts/skill_cooking/configs/cooking_generic/cooking.obj
asgarnian_hop_seed,Asgarnian seed,,scripts/_unpack/377/all.obj
asgarnian_hop_seed_2,,,scripts/_unpack/377/all.obj
asgarnian_hop_seed_3,,,scripts/_unpack/377/all.obj
asgarnian_hop_seed_4,,,scripts/_unpack/377/all.obj
asgarnian_hop_seed_5,,,scripts/_unpack/377/all.obj
asgarnian_hops,Asgarnian hops,,scripts/_unpack/377/all.obj
ashes,Ashes,,scripts/_unpack/377/all.obj
ashesvial,Unfinished potion,,scripts/_unpack/377/all.obj
avan_crest,Crest part,,scripts/_unpack/377/all.obj
avantoe,Avantoe,,scripts/skill_herblore/configs/herbs.obj
avantoe_seed,Avantoe seed,,scripts/_unpack/377/all.obj
avantoevial,Unfinished potion,,scripts/_unpack/377/all.obj
axemans_folly,Axeman's folly,,scripts/_unpack/377/all.obj
babydragon_bones,Babydragon bones,,scripts/skill_prayer/configs/bones.obj
baguette,Baguette,,scripts/_unpack/377/all.obj
ball,Ball,,scripts/_unpack/377/all.obj
ball_gnomeball_game,Gnomeball,,scripts/_unpack/377/all.obj
ball_of_wool,Ball of wool,,scripts/_unpack/377/all.obj
banana,Banana,,scripts/skill_cooking/configs/cooking_generic/cooking.obj
banana_left,Banana left,,scripts/_unpack/377/all.obj
banana_seed_2,,,scripts/_unpack/377/all.obj
banana_seed_3,,,scripts/_unpack/377/all.obj
banana_seed_4,,,scripts/_unpack/377/all.obj
banana_seed_5,,,scripts/_unpack/377/all.obj
banana_tree_seed,Banana tree seed,,scripts/_unpack/377/all.obj
bandit_brew,Bandit's brew,,scripts/_unpack/377/all.obj
bank_icon_dummy,,,scripts/_unpack/377/all.obj
barbed_bolt,Barbed bolts,,scripts/_unpack/377/all.obj
barbed_bolt2,,,scripts/_unpack/377/all.obj
barbed_bolt3,,,scripts/_unpack/377/all.obj
barbed_bolt4,,,scripts/_unpack/377/all.obj
barbed_bolts,,,scripts/_unpack/377/all.obj
barbed_bolttips,Barb bolttips,,scripts/_unpack/377/all.obj
barcrawl_card,Barcrawl card,,scripts/_unpack/377/all.obj
barley,Barley,,scripts/_unpack/377/all.obj
barley_malt,Barley malt,,scripts/_unpack/377/all.obj
barley_seed,Barley seed,,scripts/_unpack/377/all.obj
barley_seed_2,,,scripts/_unpack/377/all.obj
barley_seed_3,,,scripts/_unpack/377/all.obj
barley_seed_4,,,scripts/_unpack/377/all.obj
barley_seed_5,,,scripts/_unpack/377/all.obj
barrows_ahrim_body,Ahrims robetop,,scripts/_unpack/377/all.obj
barrows_ahrim_body_100,Ahrims top 100,,scripts/_unpack/377/all.obj
barrows_ahrim_body_25,Ahrims top 25,,scripts/_unpack/377/all.obj
barrows_ahrim_body_50,Ahrims top 50,,scripts/_unpack/377/all.obj
barrows_ahrim_body_75,Ahrims top 75,,scripts/_unpack/377/all.obj
barrows_ahrim_body_broken,Ahrims top 0,,scripts/_unpack/377/all.obj
barrows_ahrim_head,Ahrims hood,,scripts/_unpack/377/all.obj
barrows_ahrim_head_100,Ahrims hood 100,,scripts/_unpack/377/all.obj
barrows_ahrim_head_25,Ahrims hood 25,,scripts/_unpack/377/all.obj
barrows_ahrim_head_50,Ahrims hood 50,,scripts/_unpack/377/all.obj
barrows_ahrim_head_75,Ahrims hood 75,,scripts/_unpack/377/all.obj
barrows_ahrim_head_broken,Ahrims hood 0,,scripts/_unpack/377/all.obj
barrows_ahrim_legs,Ahrims robeskirt,,scripts/_unpack/377/all.obj
barrows_ahrim_legs_100,Ahrims skirt 100,,scripts/_unpack/377/all.obj
barrows_ahrim_legs_25,Ahrims skirt 25,,scripts/_unpack/377/all.obj
barrows_ahrim_legs_50,Ahrims skirt 50,,scripts/_unpack/377/all.obj
barrows_ahrim_legs_75,Ahrims skirt 75,,scripts/_unpack/377/all.obj
barrows_ahrim_legs_broken,Ahrims skirt 0,,scripts/_unpack/377/all.obj
barrows_ahrim_weapon,Ahrims staff,,scripts/_unpack/377/all.obj
barrows_ahrim_weapon_100,Ahrims staff 100,,scripts/_unpack/377/all.obj
barrows_ahrim_weapon_25,Ahrims staff 25,,scripts/_unpack/377/all.obj
barrows_ahrim_weapon_50,Ahrims staff 50,,scripts/_unpack/377/all.obj
barrows_ahrim_weapon_75,Ahrims staff 75,,scripts/_unpack/377/all.obj
barrows_ahrim_weapon_broken,Ahrims staff 0,,scripts/_unpack/377/all.obj
barrows_book_history,Crumbling tome,,scripts/_unpack/377/all.obj
barrows_dharok_body,Dharoks platebody,,scripts/_unpack/377/all.obj
barrows_dharok_body_100,Dharoks body 100,,scripts/_unpack/377/all.obj
barrows_dharok_body_25,Dharoks body 25,,scripts/_unpack/377/all.obj
barrows_dharok_body_50,Dharoks body 50,,scripts/_unpack/377/all.obj
barrows_dharok_body_75,Dharoks body 75,,scripts/_unpack/377/all.obj
barrows_dharok_body_broken,Dharoks body 0,,scripts/_unpack/377/all.obj
barrows_dharok_head,Dharoks helm,,scripts/_unpack/377/all.obj
barrows_dharok_head_100,Dharoks helm 100,,scripts/_unpack/377/all.obj
barrows_dharok_head_25,Dharoks helm 25,,scripts/_unpack/377/all.obj
barrows_dharok_head_50,Dharoks helm 50,,scripts/_unpack/377/all.obj
barrows_dharok_head_75,Dharoks helm 75,,scripts/_unpack/377/all.obj
barrows_dharok_head_broken,Dharoks helm 0,,scripts/_unpack/377/all.obj
barrows_dharok_legs,Dharoks platelegs,,scripts/_unpack/377/all.obj
barrows_dharok_legs_100,Dharoks legs 100,,scripts/_unpack/377/all.obj
barrows_dharok_legs_25,Dharoks legs 25,,scripts/_unpack/377/all.obj
barrows_dharok_legs_50,Dharoks legs 50,,scripts/_unpack/377/all.obj
barrows_dharok_legs_75,Dharoks legs 75,,scripts/_unpack/377/all.obj
barrows_dharok_legs_broken,Dharoks legs 0,,scripts/_unpack/377/all.obj
barrows_dharok_weapon,Dharoks greataxe,,scripts/_unpack/377/all.obj
barrows_dharok_weapon_100,Dharoks axe 100,,scripts/_unpack/377/all.obj
barrows_dharok_weapon_25,Dharoks axe 25,,scripts/_unpack/377/all.obj
barrows_dharok_weapon_50,Dharoks axe 50,,scripts/_unpack/377/all.obj
barrows_dharok_weapon_75,Dharoks axe 75,,scripts/_unpack/377/all.obj
barrows_dharok_weapon_broken,Dharoks axe 0,,scripts/_unpack/377/all.obj
barrows_guthan_body,Guthans platebody,,scripts/_unpack/377/all.obj
barrows_guthan_body_100,Guthans body 100,,scripts/_unpack/377/all.obj
barrows_guthan_body_25,Guthans body 25,,scripts/_unpack/377/all.obj
barrows_guthan_body_50,Guthans body 50,,scripts/_unpack/377/all.obj
barrows_guthan_body_75,Guthans body 75,,scripts/_unpack/377/all.obj
barrows_guthan_body_broken,Guthans body 0,,scripts/_unpack/377/all.obj
barrows_guthan_head,Guthans helm,,scripts/_unpack/377/all.obj
barrows_guthan_head_100,Guthans helm 100,,scripts/_unpack/377/all.obj
barrows_guthan_head_25,Guthans helm 25,,scripts/_unpack/377/all.obj
barrows_guthan_head_50,Guthans helm 50,,scripts/_unpack/377/all.obj
barrows_guthan_head_75,Guthans helm 75,,scripts/_unpack/377/all.obj
barrows_guthan_head_broken,Guthans helm 0,,scripts/_unpack/377/all.obj
barrows_guthan_legs,Guthans chainskirt,,scripts/_unpack/377/all.obj
barrows_guthan_legs_100,Guthans skirt 100,,scripts/_unpack/377/all.obj
barrows_guthan_legs_25,Guthans skirt 25,,scripts/_unpack/377/all.obj
barrows_guthan_legs_50,Guthans skirt 50,,scripts/_unpack/377/all.obj
barrows_guthan_legs_75,Guthans skirt 75,,scripts/_unpack/377/all.obj
barrows_guthan_legs_broken,Guthans skirt 0,,scripts/_unpack/377/all.obj
barrows_guthan_weapon,Guthans warspear,,scripts/_unpack/377/all.obj
barrows_guthan_weapon_100,Guthans spear 100,,scripts/_unpack/377/all.obj
barrows_guthan_weapon_25,Guthans spear 25,,scripts/_unpack/377/all.obj
barrows_guthan_weapon_50,Guthans spear 50,,scripts/_unpack/377/all.obj
barrows_guthan_weapon_75,Guthans spear 75,,scripts/_unpack/377/all.obj
barrows_guthan_weapon_broken,Guthans spear 0,,scripts/_unpack/377/all.obj
barrows_interface_ahrim,,,scripts/_unpack/377/all.obj
barrows_interface_ahrim_green,,,scripts/_unpack/377/all.obj
barrows_interface_dharok,,,scripts/_unpack/377/all.obj
barrows_interface_dharok_green,,,scripts/_unpack/377/all.obj
barrows_interface_guthan,,,scripts/_unpack/377/all.obj
barrows_interface_guthan_green,,,scripts/_unpack/377/all.obj
barrows_interface_karil,,,scripts/_unpack/377/all.obj
barrows_interface_karil_green,,,scripts/_unpack/377/all.obj
barrows_interface_torag,,,scripts/_unpack/377/all.obj
barrows_interface_torag_green,,,scripts/_unpack/377/all.obj
barrows_interface_verac,,,scripts/_unpack/377/all.obj
barrows_interface_verac_green,,,scripts/_unpack/377/all.obj
barrows_karil_ammo,Bolt rack,,scripts/_unpack/377/all.obj
barrows_karil_ammo_2,,,scripts/_unpack/377/all.obj
barrows_karil_ammo_3,,,scripts/_unpack/377/all.obj
barrows_karil_ammo_4,,,scripts/_unpack/377/all.obj
barrows_karil_ammo_5,,,scripts/_unpack/377/all.obj
barrows_karil_body,Karils leathertop,,scripts/_unpack/377/all.obj
barrows_karil_body_100,Karils top 100,,scripts/_unpack/377/all.obj
barrows_karil_body_25,Karils top 25,,scripts/_unpack/377/all.obj
barrows_karil_body_50,Karils top 50,,scripts/_unpack/377/all.obj
barrows_karil_body_75,Karils top 75,,scripts/_unpack/377/all.obj
barrows_karil_body_broken,Karils top 0,,scripts/_unpack/377/all.obj
barrows_karil_head,Karils coif,,scripts/_unpack/377/all.obj
barrows_karil_head_100,Karils coif 100,,scripts/_unpack/377/all.obj
barrows_karil_head_25,Karils coif 25,,scripts/_unpack/377/all.obj
barrows_karil_head_50,Karils coif 50,,scripts/_unpack/377/all.obj
barrows_karil_head_75,Karils coif 75,,scripts/_unpack/377/all.obj
barrows_karil_head_broken,Karils coif 0,,scripts/_unpack/377/all.obj
barrows_karil_legs,Karils leatherskirt,,scripts/_unpack/377/all.obj
barrows_karil_legs_100,Karils skirt 100,,scripts/_unpack/377/all.obj
barrows_karil_legs_25,Karils skirt 25,,scripts/_unpack/377/all.obj
barrows_karil_legs_50,Karils skirt 50,,scripts/_unpack/377/all.obj
barrows_karil_legs_75,Karils skirt 75,,scripts/_unpack/377/all.obj
barrows_karil_legs_broken,Karils skirt 0,,scripts/_unpack/377/all.obj
barrows_karil_weapon,Karils crossbow,,scripts/_unpack/377/all.obj
barrows_karil_weapon_100,Karils x-bow 100,,scripts/_unpack/377/all.obj
barrows_karil_weapon_25,Karils x-bow 25,,scripts/_unpack/377/all.obj
barrows_karil_weapon_50,Karils x-bow 50,,scripts/_unpack/377/all.obj
barrows_karil_weapon_75,Karils x-bow 75,,scripts/_unpack/377/all.obj
barrows_karil_weapon_broken,Karils x-bow 0,,scripts/_unpack/377/all.obj
barrows_torag_body,Torags platebody,,scripts/_unpack/377/all.obj
barrows_torag_body_100,Torags body 100,,scripts/_unpack/377/all.obj
barrows_torag_body_25,Torags body 25,,scripts/_unpack/377/all.obj
barrows_torag_body_50,Torags body 50,,scripts/_unpack/377/all.obj
barrows_torag_body_75,Torags body 75,,scripts/_unpack/377/all.obj
barrows_torag_body_broken,Torags body 0,,scripts/_unpack/377/all.obj
barrows_torag_head,Torags helm,,scripts/_unpack/377/all.obj
barrows_torag_head_100,Torags helm 100,,scripts/_unpack/377/all.obj
barrows_torag_head_25,Torags helm 25,,scripts/_unpack/377/all.obj
barrows_torag_head_50,Torags helm 50,,scripts/_unpack/377/all.obj
barrows_torag_head_75,Torags helm 75,,scripts/_unpack/377/all.obj
barrows_torag_head_broken,Torags helm 0,,scripts/_unpack/377/all.obj
barrows_torag_legs,Torags platelegs,,scripts/_unpack/377/all.obj
barrows_torag_legs_100,Torags legs 100,,scripts/_unpack/377/all.obj
barrows_torag_legs_25,Torags legs 25,,scripts/_unpack/377/all.obj
barrows_torag_legs_50,Torags legs 50,,scripts/_unpack/377/all.obj
barrows_torag_legs_75,Torags legs 75,,scripts/_unpack/377/all.obj
barrows_torag_legs_broken,Torags legs 0,,scripts/_unpack/377/all.obj
barrows_torag_weapon,Torags hammers,,scripts/_unpack/377/all.obj
barrows_torag_weapon_100,Torags hammer 100,,scripts/_unpack/377/all.obj
barrows_torag_weapon_25,Torags hammer 25,,scripts/_unpack/377/all.obj
barrows_torag_weapon_50,Torags hammer 50,,scripts/_unpack/377/all.obj
barrows_torag_weapon_75,Torags hammer 75,,scripts/_unpack/377/all.obj
barrows_torag_weapon_broken,Torags hammer 0,,scripts/_unpack/377/all.obj
barrows_verac_body,Veracs brassard,,scripts/_unpack/377/all.obj
barrows_verac_body_100,Veracs top 100,,scripts/_unpack/377/all.obj
barrows_verac_body_25,Veracs top 25,,scripts/_unpack/377/all.obj
barrows_verac_body_50,Veracs top 50,,scripts/_unpack/377/all.obj
barrows_verac_body_75,Veracs top 75,,scripts/_unpack/377/all.obj
barrows_verac_body_broken,Veracs top 0,,scripts/_unpack/377/all.obj
barrows_verac_head,Veracs helm,,scripts/_unpack/377/all.obj
barrows_verac_head_100,Veracs helm 100,,scripts/_unpack/377/all.obj
barrows_verac_head_25,Veracs helm 25,,scripts/_unpack/377/all.obj
barrows_verac_head_50,Veracs helm 50,,scripts/_unpack/377/all.obj
barrows_verac_head_75,Veracs helm 75,,scripts/_unpack/377/all.obj
barrows_verac_head_broken,Veracs helm 0,,scripts/_unpack/377/all.obj
barrows_verac_legs,Veracs plateskirt,,scripts/_unpack/377/all.obj
barrows_verac_legs_100,Veracs skirt 100,,scripts/_unpack/377/all.obj
barrows_verac_legs_25,Veracs skirt 25,,scripts/_unpack/377/all.obj
barrows_verac_legs_50,Veracs skirt 50,,scripts/_unpack/377/all.obj
barrows_verac_legs_75,Veracs skirt 75,,scripts/_unpack/377/all.obj
barrows_verac_legs_broken,Veracs skirt 0,,scripts/_unpack/377/all.obj
barrows_verac_weapon,Veracs flail,,scripts/_unpack/377/all.obj
barrows_verac_weapon_100,Veracs flail 100,,scripts/_unpack/377/all.obj
barrows_verac_weapon_25,Veracs flail 25,,scripts/_unpack/377/all.obj
barrows_verac_weapon_50,Veracs flail 50,,scripts/_unpack/377/all.obj
barrows_verac_weapon_75,Veracs flail 75,,scripts/_unpack/377/all.obj
barrows_verac_weapon_broken,Veracs flail 0,,scripts/_unpack/377/all.obj
basic_tk_body,Initiate platemail,,scripts/_unpack/377/all.obj
basic_tk_helm,Initiate helm,,scripts/_unpack/377/all.obj
basic_tk_legs,Initiate platelegs,,scripts/_unpack/377/all.obj
basket_apple_1,Apples(1),,scripts/_unpack/377/all.obj
basket_apple_2,Apples(2),,scripts/_unpack/377/all.obj
basket_apple_3,Apples(3),,scripts/_unpack/377/all.obj
basket_apple_4,Apples(4),,scripts/_unpack/377/all.obj
basket_apple_5,Apples(5),,scripts/_unpack/377/all.obj
basket_banana_1,Bananas(1),,scripts/_unpack/377/all.obj
basket_banana_2,Bananas(2),,scripts/_unpack/377/all.obj
basket_banana_3,Bananas(3),,scripts/_unpack/377/all.obj
basket_banana_4,Bananas(4),,scripts/_unpack/377/all.obj
basket_banana_5,Bananas(5),,scripts/_unpack/377/all.obj
basket_empty,Basket,,scripts/_unpack/377/all.obj
basket_for_snake,Snake basket,,scripts/_unpack/377/all.obj
basket_orange_1,Oranges(1),,scripts/_unpack/377/all.obj
basket_orange_2,Oranges(2),,scripts/_unpack/377/all.obj
basket_orange_3,Oranges(3),,scripts/_unpack/377/all.obj
basket_orange_4,Oranges(4),,scripts/_unpack/377/all.obj
basket_orange_5,Oranges(5),,scripts/_unpack/377/all.obj
basket_strawberry_1,Strawberries(1),,scripts/_unpack/377/all.obj
basket_strawberry_2,Strawberries(2),,scripts/_unpack/377/all.obj
basket_strawberry_3,Strawberries(3),,scripts/_unpack/377/all.obj
basket_strawberry_4,Strawberries(4),,scripts/_unpack/377/all.obj
basket_strawberry_5,Strawberries(5),,scripts/_unpack/377/all.obj
basket_tomato_1,Tomatoes(1),,scripts/_unpack/377/all.obj
basket_tomato_2,Tomatoes(2),,scripts/_unpack/377/all.obj
basket_tomato_3,Tomatoes(3),,scripts/_unpack/377/all.obj
basket_tomato_4,Tomatoes(4),,scripts/_unpack/377/all.obj
basket_tomato_5,Tomatoes(5),,scripts/_unpack/377/all.obj
basket_with_snake,Snake basket full,,scripts/_unpack/377/all.obj
bass,Bass,,scripts/_unpack/377/all.obj
bat_bones,Bat bones,,scripts/skill_prayer/configs/bones.obj
batta_tin,Batta tin,,scripts/skill_cooking/configs/gnome_cooking/gnome_cooking.obj
battle_tortoise_shell,Tortoise shell,,scripts/_unpack/377/all.obj
battlestaff,Battlestaff,,scripts/_unpack/377/all.obj
baxtorian_book_waterfall_quest,Book on baxtorian,,scripts/_unpack/377/all.obj
baxtorian_key_waterfall_quest,A key,,scripts/_unpack/377/all.obj
beer,Beer,,scripts/skill_cooking/configs/cooking_generic/cooking.obj
beer_glass,Beer glass,,scripts/skill_cooking/configs/cooking_generic/cooking.obj
belladonna_seed,Belladonna seed,,scripts/_unpack/377/all.obj
belladonna_seed_2,,,scripts/_unpack/377/all.obj
belladonna_seed_3,,,scripts/_unpack/377/all.obj
belladonna_seed_4,,,scripts/_unpack/377/all.obj
belladonna_seed_5,,,scripts/_unpack/377/all.obj
berret_black,Black beret,,scripts/_unpack/377/all.obj
berret_blue,Blue beret,,scripts/_unpack/377/all.obj
berret_white,White beret,,scripts/_unpack/377/all.obj
berzerker_ring,Berserker ring,,scripts/_unpack/377/all.obj
big_bones,Big bones,,scripts/skill_prayer/configs/bones.obj
big_net,Big fishing net,,scripts/_unpack/377/all.obj
bigblankrune,Bob,,scripts/_unpack/377/all.obj
bigoysterpearls,Oyster pearls,,scripts/_unpack/377/all.obj
bird_egg_blue,Bird's egg,,scripts/_unpack/377/all.obj
bird_egg_green,Bird's egg,,scripts/_unpack/377/all.obj
bird_egg_red,Bird's egg,,scripts/_unpack/377/all.obj
bird_nest_cheapseeds,Bird nest,,scripts/_unpack/377/all.obj
bird_nest_egg_blue,Bird nest,,scripts/_unpack/377/all.obj
bird_nest_egg_green,Bird nest,,scripts/_unpack/377/all.obj
bird_nest_egg_red,Bird nest,,scripts/_unpack/377/all.obj
bird_nest_empty,Bird nest,,scripts/_unpack/377/all.obj
bird_nest_ring,Bird nest,,scripts/_unpack/377/all.obj
bird_nest_seeds,Bird nest,,scripts/_unpack/377/all.obj
birdfeed,Bird feed,,scripts/_unpack/377/all.obj
bittercap_mushroom,Mushroom,,scripts/_unpack/377/all.obj
black_2h_sword,Black 2h sword,,scripts/_unpack/377/all.obj
black_amulet,,,scripts/_unpack/377/all.obj
black_armoured_boots,Black boots,,scripts/_unpack/377/all.obj
black_axe,Black axe,,scripts/skill_woodcutting/configs/axes/axes.obj
black_battleaxe,Black battleaxe,,scripts/_unpack/377/all.obj
black_bead,Black bead,,scripts/quests/quest_imp/configs/quest_imp.obj
black_cape,Cape,,scripts/_unpack/377/all.obj
black_chainbody,Black chainbody,,scripts/_unpack/377/all.obj
black_claws,Black claws,,scripts/skill_combat/configs/melee/claws.obj
black_dagger,Black dagger,,scripts/_unpack/377/all.obj
black_dagger_p,Black dagger(p),,scripts/_unpack/377/all.obj
black_dart,Black dart,,scripts/_unpack/377/all.obj
black_dart_p,Black dart(p),,scripts/_unpack/377/all.obj
black_dragon_vambraces,Black d'hide vamb,,scripts/_unpack/377/all.obj
black_dragonhide_body,Black d'hide body,,scripts/_unpack/377/all.obj
black_dragonhide_chaps,Black d'hide chaps,,scripts/_unpack/377/all.obj
black_full_helm,Black full helm,,scripts/_unpack/377/all.obj
black_full_helm_gold,Black full helm (g),,scripts/_unpack/377/all.obj
black_full_helm_trim,Black full helm (t),,scripts/_unpack/377/all.obj
black_halberd,Black halberd,,scripts/_unpack/377/all.obj
black_heraldic_kiteshield1,Black kiteshield(h),,scripts/_unpack/377/all.obj
black_heraldic_kiteshield2,Black kiteshield(h),,scripts/_unpack/377/all.obj
black_heraldic_kiteshield3,Black kiteshield(h),,scripts/_unpack/377/all.obj
black_heraldic_kiteshield4,Black kiteshield(h),,scripts/_unpack/377/all.obj
black_heraldic_kiteshield5,Black kiteshield(h),,scripts/_unpack/377/all.obj
black_kiteshield,Black kiteshield,,scripts/_unpack/377/all.obj
black_kiteshield_gold,Black kiteshield (g),,scripts/_unpack/377/all.obj
black_kiteshield_trim,Black kiteshield (t),,scripts/_unpack/377/all.obj
black_knife,Black knife,,scripts/_unpack/377/all.obj
black_knife_p,Black knife(p),,scripts/_unpack/377/all.obj
black_longsword,Black longsword,,scripts/_unpack/377/all.obj
black_mace,Black mace,,scripts/_unpack/377/all.obj
black_med_helm,Black med helm,,scripts/_unpack/377/all.obj
black_necklace,,,scripts/_unpack/377/all.obj
black_platebody,Black platebody,,scripts/_unpack/377/all.obj
black_platebody_gold,Black platebody (g),,scripts/_unpack/377/all.obj
black_platebody_trim,Black platebody (t),,scripts/_unpack/377/all.obj
black_platelegs,Black platelegs,,scripts/_unpack/377/all.obj
black_platelegs_gold,Black platelegs (g),,scripts/_unpack/377/all.obj
black_platelegs_trim,Black platelegs (t),,scripts/_unpack/377/all.obj
black_plateskirt,Black plateskirt,,scripts/_unpack/377/all.obj
black_plateskirt_gold,Black plateskirt (g),,scripts/_unpack/377/all.obj
black_plateskirt_trim,Black plateskirt (t),,scripts/_unpack/377/all.obj
black_ring,,,scripts/_unpack/377/all.obj
black_robe,Black robe,,scripts/_unpack/377/all.obj
black_scimitar,Black scimitar,,scripts/_unpack/377/all.obj
black_skirt,Black skirt,,scripts/_unpack/377/all.obj
black_spear,Black spear,,scripts/_unpack/377/all.obj
black_spear_p,Black spear(p),,scripts/_unpack/377/all.obj
black_sq_shield,Black sq shield,,scripts/_unpack/377/all.obj
black_sword,Black sword,,scripts/_unpack/377/all.obj
black_warhammer,Black warhammer,,scripts/_unpack/377/all.obj
blackcog,Cog,,scripts/_unpack/377/all.obj
blackjack_oak,Oak-blackjack,,scripts/_unpack/377/all.obj
blackjack_willow,Willow-blackjack,,scripts/_unpack/377/all.obj
blackrobebottom,Shade robe,,scripts/_unpack/377/all.obj
blackrobetop,Shade robe,,scripts/_unpack/377/all.obj
blackwizhat,Wizard hat,,scripts/_unpack/377/all.obj
blamish_oil,Blamish oil,,scripts/_unpack/377/all.obj
blamish_snail_slime,Blamish snail slime,,scripts/_unpack/377/all.obj
blankobject,,,scripts/_unpack/377/all.obj
blankrune,Rune essence,,scripts/_unpack/377/all.obj
blankrune_high,Pure essence,,scripts/_unpack/377/all.obj
blast_furnace_coke_spade,Spadeful of coke,,scripts/_unpack/377/all.obj
blast_furnace_conveyor_held,,,scripts/_unpack/377/all.obj
blast_furnace_pump_held,,,scripts/_unpack/377/all.obj
blessedsnake,Unholy symbol,,scripts/_unpack/377/all.obj
blessedstar,Holy symbol,,scripts/_unpack/377/all.obj
bloated_toad,Bloated toad,,scripts/_unpack/377/all.obj
blondwig,Wig,,scripts/_unpack/377/all.obj
blood_talisman,Blood talisman,,scripts/skill_runecraft/configs/runecraft.obj
bloodrune,Blood rune,,scripts/_unpack/377/all.obj
bloom_spell,Druidic spell,,scripts/_unpack/377/all.obj
blue_cape,Cape,,scripts/_unpack/377/all.obj
blue_dragon_scale,Blue dragon scale,,scripts/_unpack/377/all.obj
blue_dragon_vambraces,Blue d'hide vamb,,scripts/_unpack/377/all.obj
blue_dragonhide_body,Blue d'hide body,,scripts/_unpack/377/all.obj
blue_dragonhide_body_trim,D-hide body (t),,scripts/_unpack/377/all.obj
blue_dragonhide_body_trim_gold,D-hide body (g),,scripts/_unpack/377/all.obj
blue_dragonhide_chaps,Blue d'hide chaps,,scripts/_unpack/377/all.obj
blue_dragonhide_chaps_trim,D-hide chaps (t),,scripts/_unpack/377/all.obj
blue_dragonhide_chaps_trim_gold,D-hide chaps (g),,scripts/_unpack/377/all.obj
blue_logs,Blue logs,,scripts/_unpack/377/all.obj
blue_partyhat,Blue partyhat,,scripts/_unpack/377/all.obj
blue_skirt,Blue skirt,,scripts/_unpack/377/all.obj
blue_skirt_trim,Blue skirt (t),,scripts/_unpack/377/all.obj
blue_skirt_trim_gold,Blue skirt (g),,scripts/_unpack/377/all.obj
bluecog,Cog,,scripts/_unpack/377/all.obj
bluedye,Blue dye,,scripts/_unpack/377/all.obj
bluekey,Key,,scripts/_unpack/377/all.obj
bluewizhat,Wizard hat,,scripts/_unpack/377/all.obj
bluewizhat_trim,Wizard hat (t),,scripts/_unpack/377/all.obj
bluewizhat_trim_gold,Wizard hat (g),,scripts/_unpack/377/all.obj
blurberry_special,Blurberry special,,scripts/skill_cooking/configs/gnome_cooking/cocktails.obj
blurite_ore,Blurite ore,,scripts/_unpack/377/all.obj
boardgames_airrune,Board game piece,,scripts/_unpack/377/all.obj
boardgames_bloodrune,Board game piece,,scripts/_unpack/377/all.obj
boardgames_bodyrune,Board game piece,,scripts/_unpack/377/all.obj
boardgames_chaosrune,Board game piece,,scripts/_unpack/377/all.obj
boardgames_cosmicrune,Board game piece,,scripts/_unpack/377/all.obj
boardgames_draughts_airrune_king,Board game piece,,scripts/minigames/boardgames/boardgames_draughts/configs/boardgames_draughts.obj
boardgames_draughts_bloodrune_king,Board game piece,,scripts/minigames/boardgames/boardgames_draughts/configs/boardgames_draughts.obj
boardgames_draughts_bodyrune_king,Board game piece,,scripts/minigames/boardgames/boardgames_draughts/configs/boardgames_draughts.obj
boardgames_draughts_chaosrune_king,Board game piece,,scripts/minigames/boardgames/boardgames_draughts/configs/boardgames_draughts.obj
boardgames_draughts_cosmicrune_king,Board game piece,,scripts/minigames/boardgames/boardgames_draughts/configs/boardgames_draughts.obj
boardgames_draughts_earthrune_king,Board game piece,,scripts/minigames/boardgames/boardgames_draughts/configs/boardgames_draughts.obj
boardgames_draughts_firerune_king,Board game piece,,scripts/minigames/boardgames/boardgames_draughts/configs/boardgames_draughts.obj
boardgames_draughts_lawrune_king,Board game piece,,scripts/minigames/boardgames/boardgames_draughts/configs/boardgames_draughts.obj
boardgames_draughts_mindrune_king,Board game piece,,scripts/minigames/boardgames/boardgames_draughts/configs/boardgames_draughts.obj
boardgames_draughts_naturerune_king,Board game piece,,scripts/minigames/boardgames/boardgames_draughts/configs/boardgames_draughts.obj
boardgames_draughts_soulrune_king,Board game piece,,scripts/minigames/boardgames/boardgames_draughts/configs/boardgames_draughts.obj
boardgames_draughts_waterrune_king,Board game piece,,scripts/minigames/boardgames/boardgames_draughts/configs/boardgames_draughts.obj
boardgames_earthrune,Board game piece,,scripts/_unpack/377/all.obj
boardgames_firerune,Board game piece,,scripts/_unpack/377/all.obj
boardgames_lawrune,Board game piece,,scripts/_unpack/377/all.obj
boardgames_mindrune,Board game piece,,scripts/_unpack/377/all.obj
boardgames_naturerune,Board game piece,,scripts/_unpack/377/all.obj
boardgames_runelink_airrune,Board game piece,,scripts/minigames/boardgames/boardgames_runelink/configs/boardgames_runelink.obj
boardgames_runelink_bloodrune,Board game piece,,scripts/minigames/boardgames/boardgames_runelink/configs/boardgames_runelink.obj
boardgames_runelink_bodyrune,Board game piece,,scripts/minigames/boardgames/boardgames_runelink/configs/boardgames_runelink.obj
boardgames_runelink_chaosrune,Board game piece,,scripts/minigames/boardgames/boardgames_runelink/configs/boardgames_runelink.obj
boardgames_runelink_cosmicrune,Board game piece,,scripts/minigames/boardgames/boardgames_runelink/configs/boardgames_runelink.obj
boardgames_runelink_earthrune,Board game piece,,scripts/minigames/boardgames/boardgames_runelink/configs/boardgames_runelink.obj
boardgames_runelink_firerune,Board game piece,,scripts/minigames/boardgames/boardgames_runelink/configs/boardgames_runelink.obj
boardgames_runelink_lawrune,Board game piece,,scripts/minigames/boardgames/boardgames_runelink/configs/boardgames_runelink.obj
boardgames_runelink_mindrune,Board game piece,,scripts/minigames/boardgames/boardgames_runelink/configs/boardgames_runelink.obj
boardgames_runelink_naturerune,Board game piece,,scripts/minigames/boardgames/boardgames_runelink/configs/boardgames_runelink.obj
boardgames_runelink_soulrune,Board game piece,,scripts/minigames/boardgames/boardgames_runelink/configs/boardgames_runelink.obj
boardgames_runelink_waterrune,Board game piece,,scripts/minigames/boardgames/boardgames_runelink/configs/boardgames_runelink.obj
boardgames_soulrune,Board game piece,,scripts/_unpack/377/all.obj
boardgames_waterrune,Board game piece,,scripts/_unpack/377/all.obj
body_talisman,Body talisman,,scripts/skill_runecraft/configs/runecraft.obj
bodyrune,Body rune,,scripts/_unpack/377/all.obj
bolt,Bolts,,scripts/_unpack/377/all.obj
bolt2,,,scripts/_unpack/377/all.obj
bolt3,,,scripts/_unpack/377/all.obj
bolt4,,,scripts/_unpack/377/all.obj
bolts,,,scripts/_unpack/377/all.obj
bones,Bones,,scripts/skill_prayer/configs/bones.obj
bones_burnt,Burnt bones,,scripts/skill_prayer/configs/bones.obj
book_of_astrology,Astrology book,,scripts/_unpack/377/all.obj
book_of_binding,Book of binding,,scripts/_unpack/377/all.obj
book_recipie_pie,Pie recipe book,,scripts/_unpack/377/all.obj
bookindex,,,scripts/_unpack/377/all.obj
bookindex1,,,scripts/_unpack/377/all.obj
bookindex10,,,scripts/_unpack/377/all.obj
bookindex11,,,scripts/_unpack/377/all.obj
bookindex12,,,scripts/_unpack/377/all.obj
bookindex13,,,scripts/_unpack/377/all.obj
bookindex14,,,scripts/_unpack/377/all.obj
bookindex15,,,scripts/_unpack/377/all.obj
bookindex16,,,scripts/_unpack/377/all.obj
bookindex2,,,scripts/_unpack/377/all.obj
bookindex3,,,scripts/_unpack/377/all.obj
bookindex4,,,scripts/_unpack/377/all.obj
bookindex5,,,scripts/_unpack/377/all.obj
bookindex6,,,scripts/_unpack/377/all.obj
bookindex7,,,scripts/_unpack/377/all.obj
bookindex8,,,scripts/_unpack/377/all.obj
bookindex9,,,scripts/_unpack/377/all.obj
boots_ranger,Ranger boots,,scripts/_unpack/377/all.obj
boots_wizard,Wizard boots,,scripts/_unpack/377/all.obj
bow_string,Bow string,,scripts/_unpack/377/all.obj
bowl_carne,Minced meat,,scripts/_unpack/377/all.obj
bowl_chilli,Spicy sauce,,scripts/_unpack/377/all.obj
bowl_egg_burnt,Burnt egg,,scripts/_unpack/377/all.obj
bowl_egg_raw,Uncooked egg,,scripts/_unpack/377/all.obj
bowl_egg_scrambled,Scrambled egg,,scripts/_unpack/377/all.obj
bowl_empty,Bowl,,scripts/_unpack/377/all.obj
bowl_empty_filliman,Washing bowl,,scripts/_unpack/377/all.obj
bowl_garlic,Chopped garlic,,scripts/_unpack/377/all.obj
bowl_hot_water,Bowl of hot water,,scripts/_unpack/377/all.obj
bowl_mushroom_burnt,Burnt mushroom,,scripts/_unpack/377/all.obj
bowl_mushroom_fried,Fried mushrooms,,scripts/_unpack/377/all.obj
bowl_mushroom_raw,Sliced mushrooms,,scripts/_unpack/377/all.obj
bowl_nettletea,Nettle tea,,scripts/_unpack/377/all.obj
bowl_nettletea_milky,Nettle tea,,scripts/_unpack/377/all.obj
bowl_nettlewater,Nettle-water,,scripts/_unpack/377/all.obj
bowl_onion,Chopped onion,,scripts/skill_cooking/configs/cooking_inv/configs/ugthanki_kebab/ugthanki_kebab.obj
bowl_onion_burnt,Burnt onion,,scripts/_unpack/377/all.obj
bowl_onion_fried,Fried onions,,scripts/_unpack/377/all.obj
bowl_oniontomato,Onion & tomato,,scripts/skill_cooking/configs/cooking_inv/configs/ugthanki_kebab/ugthanki_kebab.obj
bowl_oniontomugthanki,Kebab mix,,scripts/skill_cooking/configs/cooking_inv/configs/ugthanki_kebab/ugthanki_kebab.obj
bowl_sweetcorn,Sweetcorn,,scripts/_unpack/377/all.obj
bowl_tomato,Chopped tomato,,scripts/skill_cooking/configs/cooking_inv/configs/ugthanki_kebab/ugthanki_kebab.obj
bowl_tuna,Chopped tuna,,scripts/_unpack/377/all.obj
bowl_ugthanki,Chopped ugthanki,,scripts/skill_cooking/configs/cooking_inv/configs/ugthanki_kebab/ugthanki_kebab.obj
bowl_ugthankionion,Ugthanki & onion,,scripts/skill_cooking/configs/cooking_inv/configs/ugthanki_kebab/ugthanki_kebab.obj
bowl_ugthankitomato,Ugthanki & tomato,,scripts/skill_cooking/configs/cooking_inv/configs/ugthanki_kebab/ugthanki_kebab.obj
bowl_unfired,Unfired bowl,,scripts/_unpack/377/all.obj
bowl_water,Bowl of water,,scripts/_unpack/377/all.obj
brandy,Brandy,,scripts/skill_cooking/configs/gnome_cooking/cocktails.obj
brass_necklace,Brass necklace,,scripts/_unpack/377/all.obj
bravery_pot,Bravery potion,,scripts/_unpack/377/all.obj
bread,Bread,,scripts/skill_cooking/configs/cooking_inv/configs/dough/dough.obj
bread_dough,Bread dough,,scripts/skill_cooking/configs/cooking_inv/configs/dough/dough.obj
broken_glass,Broken glass,,scripts/_unpack/377/all.obj
broken_rod,Broken fishing rod,,scripts/_unpack/377/all.obj
brokenibanstaff,Iban's staff,,scripts/_unpack/377/all.obj
bronze_2h_sword,Bronze 2h sword,,scripts/_unpack/377/all.obj
bronze_armoured_boots,Bronze boots,,scripts/_unpack/377/all.obj
bronze_arrow,Bronze arrow,,scripts/_unpack/377/all.obj
bronze_arrow_2,,,scripts/_unpack/377/all.obj
bronze_arrow_3,,,scripts/_unpack/377/all.obj
bronze_arrow_4,,,scripts/_unpack/377/all.obj
bronze_arrow_5,,,scripts/_unpack/377/all.obj
bronze_arrow_p,Bronze arrow(p),,scripts/_unpack/377/all.obj
bronze_arrow_p_2,,,scripts/_unpack/377/all.obj
bronze_arrow_p_3,,,scripts/_unpack/377/all.obj
bronze_arrow_p_4,,,scripts/_unpack/377/all.obj
bronze_arrow_p_5,,,scripts/_unpack/377/all.obj
bronze_arrowheads,Bronze arrowtips,,scripts/_unpack/377/all.obj
bronze_axe,Bronze axe,,scripts/skill_woodcutting/configs/axes/axes.obj
bronze_bar,Bronze bar,,scripts/_unpack/377/all.obj
bronze_battleaxe,Bronze battleaxe,,scripts/_unpack/377/all.obj
bronze_chainbody,Bronze chainbody,,scripts/_unpack/377/all.obj
bronze_claws,Bronze claws,,scripts/skill_combat/configs/melee/claws.obj
bronze_dagger,Bronze dagger,,scripts/_unpack/377/all.obj
bronze_dagger_p,Bronze dagger(p),,scripts/_unpack/377/all.obj
bronze_dart,Bronze dart,,scripts/_unpack/377/all.obj
bronze_dart_p,Bronze dart(p),,scripts/_unpack/377/all.obj
bronze_dart_tip,Bronze dart tip,,scripts/_unpack/377/all.obj
bronze_full_helm,Bronze full helm,,scripts/_unpack/377/all.obj
bronze_halberd,Bronze halberd,,scripts/_unpack/377/all.obj
bronze_javelin,Bronze javelin,,scripts/_unpack/377/all.obj
bronze_javelin_p,Bronze javelin(p),,scripts/_unpack/377/all.obj
bronze_kiteshield,Bronze kiteshield,,scripts/_unpack/377/all.obj
bronze_knife,Bronze knife,,scripts/_unpack/377/all.obj
bronze_knife_p,Bronze knife(p),,scripts/_unpack/377/all.obj
bronze_longsword,Bronze longsword,,scripts/_unpack/377/all.obj
bronze_mace,Bronze mace,,scripts/_unpack/377/all.obj
bronze_med_helm,Bronze med helm,,scripts/_unpack/377/all.obj
bronze_pickaxe,Bronze pickaxe,,scripts/_unpack/377/all.obj
bronze_platebody,Bronze platebody,,scripts/_unpack/377/all.obj
bronze_platelegs,Bronze platelegs,,scripts/_unpack/377/all.obj
bronze_plateskirt,Bronze plateskirt,,scripts/_unpack/377/all.obj
bronze_scimitar,Bronze scimitar,,scripts/_unpack/377/all.obj
bronze_spear,Bronze spear,,scripts/_unpack/377/all.obj
bronze_spear_p,Bronze spear(p),,scripts/_unpack/377/all.obj
bronze_sq_shield,Bronze sq shield,,scripts/_unpack/377/all.obj
bronze_sword,Bronze sword,,scripts/_unpack/377/all.obj
bronze_thrownaxe,Bronze thrownaxe,,scripts/_unpack/377/all.obj
bronze_warhammer,Bronze warhammer,,scripts/_unpack/377/all.obj
bronzecraftwire,Bronze wire,,scripts/_unpack/377/all.obj
broodoo_combatshield,Broodoo shield,,scripts/_unpack/377/all.obj
broodoo_combatshield_1,Broodoo shield (1),,scripts/_unpack/377/all.obj
broodoo_combatshield_10,Broodoo shield (10),,scripts/_unpack/377/all.obj
broodoo_combatshield_2,Broodoo shield (2),,scripts/_unpack/377/all.obj
broodoo_combatshield_3,Broodoo shield (3),,scripts/_unpack/377/all.obj
broodoo_combatshield_4,Broodoo shield (4),,scripts/_unpack/377/all.obj
broodoo_combatshield_5,Broodoo shield (5),,scripts/_unpack/377/all.obj
broodoo_combatshield_6,Broodoo shield (6),,scripts/_unpack/377/all.obj
broodoo_combatshield_7,Broodoo shield (7),,scripts/_unpack/377/all.obj
broodoo_combatshield_8,Broodoo shield (8),,scripts/_unpack/377/all.obj
broodoo_combatshield_9,Broodoo shield (9),,scripts/_unpack/377/all.obj
broodoo_diseaseshield,Broodoo shield,,scripts/_unpack/377/all.obj
broodoo_diseaseshield_1,Broodoo shield (1),,scripts/_unpack/377/all.obj
broodoo_diseaseshield_10,Broodoo shield (10),,scripts/_unpack/377/all.obj
broodoo_diseaseshield_2,Broodoo shield (2),,scripts/_unpack/377/all.obj
broodoo_diseaseshield_3,Broodoo shield (3),,scripts/_unpack/377/all.obj
broodoo_diseaseshield_4,Broodoo shield (4),,scripts/_unpack/377/all.obj
broodoo_diseaseshield_5,Broodoo shield (5),,scripts/_unpack/377/all.obj
broodoo_diseaseshield_6,Broodoo shield (6),,scripts/_unpack/377/all.obj
broodoo_diseaseshield_7,Broodoo shield (7),,scripts/_unpack/377/all.obj
broodoo_diseaseshield_8,Broodoo shield (8),,scripts/_unpack/377/all.obj
broodoo_diseaseshield_9,Broodoo shield (9),,scripts/_unpack/377/all.obj
broodoo_poisonshield,Broodoo shield,,scripts/_unpack/377/all.obj
broodoo_poisonshield_1,Broodoo shield (1),,scripts/_unpack/377/all.obj
broodoo_poisonshield_10,Broodoo shield (10),,scripts/_unpack/377/all.obj
broodoo_poisonshield_2,Broodoo shield (2),,scripts/_unpack/377/all.obj
broodoo_poisonshield_3,Broodoo shield (3),,scripts/_unpack/377/all.obj
broodoo_poisonshield_4,Broodoo shield (4),,scripts/_unpack/377/all.obj
broodoo_poisonshield_5,Broodoo shield (5),,scripts/_unpack/377/all.obj
broodoo_poisonshield_6,Broodoo shield (6),,scripts/_unpack/377/all.obj
broodoo_poisonshield_7,Broodoo shield (7),,scripts/_unpack/377/all.obj
broodoo_poisonshield_8,Broodoo shield (8),,scripts/_unpack/377/all.obj
broodoo_poisonshield_9,Broodoo shield (9),,scripts/_unpack/377/all.obj
broodoomask_combat,Tribal mask,,scripts/_unpack/377/all.obj
broodoomask_disease,Tribal mask,,scripts/_unpack/377/all.obj
broodoomask_poison,Tribal mask,,scripts/_unpack/377/all.obj
brown_apron,Brown apron,,scripts/_unpack/377/all.obj
bucket_bailing,Bailing bucket,,scripts/_unpack/377/all.obj
bucket_bailingfull,Bailing bucket,,scripts/_unpack/377/all.obj
bucket_blessedwater,Bucket of water,,scripts/quests/quest_priestperil/configs/priestperil.obj
bucket_compost,Compost,,scripts/_unpack/377/all.obj
bucket_ectoplasm,Bucket of slime,,scripts/_unpack/377/all.obj
bucket_empty,Bucket,,scripts/_unpack/377/all.obj
bucket_milk,Bucket of milk,,scripts/skill_cooking/configs/cooking_inv/configs/cakes/cakes.obj
bucket_murkywater,Bucket of water,,scripts/quests/quest_priestperil/configs/priestperil.obj
bucket_sand,Bucket of sand,,scripts/_unpack/377/all.obj
bucket_supercompost,Super compost,,scripts/_unpack/377/all.obj
bucket_water,Bucket of water,,scripts/_unpack/377/all.obj
bucket_wax,Bucket of wax,,scripts/_unpack/377/all.obj
bullroarer,Bull roarer,,scripts/_unpack/377/all.obj
bullseye_lantern_empty,Bullseye lantern,,scripts/_unpack/377/all.obj
bullseye_lantern_lens,Lantern lens,,scripts/_unpack/377/all.obj
bullseye_lantern_lit,Bullseye lantern,,scripts/_unpack/377/all.obj
bullseye_lantern_nolens,Bullseye lantern,,scripts/_unpack/377/all.obj
bullseye_lantern_unlit,Bullseye lantern,,scripts/_unpack/377/all.obj
bunnyears,Bunny ears,,scripts/_unpack/377/all.obj
burgh_book_historiesofhallowland,Battered tome,,scripts/_unpack/377/all.obj
burgh_book_moderndaymorytania,Leather book,,scripts/_unpack/377/all.obj
burgh_book_sevenwarriors,Ancient book,,scripts/_unpack/377/all.obj
burgh_efaritay_info_scroll,Dusty scroll,,scripts/_unpack/377/all.obj
burgh_generalstore_crate,Crate,,scripts/_unpack/377/all.obj
burgh_guthix_balance_1,Guthix balance(1),,scripts/_unpack/377/all.obj
burgh_guthix_balance_2,Guthix balance(2),,scripts/_unpack/377/all.obj
burgh_guthix_balance_3,Guthix balance(3),,scripts/_unpack/377/all.obj
burgh_guthix_balance_4,Guthix balance(4),,scripts/_unpack/377/all.obj
burgh_key,Temple library key,,scripts/_unpack/377/all.obj
burgh_plaster_inscription_ivandis,Plaster fragment,,scripts/_unpack/377/all.obj
burgh_rod_clay,Rod clay mould,,scripts/_unpack/377/all.obj
burgh_rod_command1,Silvthrill rod,,scripts/_unpack/377/all.obj
burgh_rod_command2,Silvthrill rod,,scripts/_unpack/377/all.obj
burgh_rod_command_dust,Rod dust,,scripts/_unpack/377/all.obj
burgh_rod_command_final_1,Rod of ivandis(1),,scripts/_unpack/377/all.obj
burgh_rod_command_final_10,Rod of ivandis(10),,scripts/_unpack/377/all.obj
burgh_rod_command_final_2,Rod of ivandis(2),,scripts/_unpack/377/all.obj
burgh_rod_command_final_3,Rod of ivandis(3),,scripts/_unpack/377/all.obj
burgh_rod_command_final_4,Rod of ivandis(4),,scripts/_unpack/377/all.obj
burgh_rod_command_final_5,Rod of ivandis(5),,scripts/_unpack/377/all.obj
burgh_rod_command_final_6,Rod of ivandis(6),,scripts/_unpack/377/all.obj
burgh_rod_command_final_7,Rod of ivandis(7),,scripts/_unpack/377/all.obj
burgh_rod_command_final_8,Rod of ivandis(8),,scripts/_unpack/377/all.obj
burgh_rod_command_final_9,Rod of ivandis(9),,scripts/_unpack/377/all.obj
burgh_rod_control_black,,,scripts/_unpack/377/all.obj
burgh_rubble_bucket_1,Bucket of rubble,,scripts/_unpack/377/all.obj
burgh_rubble_bucket_2,Bucket of rubble,,scripts/_unpack/377/all.obj
burgh_rubble_bucket_3,Bucket of rubble,,scripts/_unpack/377/all.obj
burgh_unfinished_guthix_balance_1,Unfinished potion.,,scripts/_unpack/377/all.obj
burgh_unfinished_guthix_balance_2,Unfinished potion.,,scripts/_unpack/377/all.obj
burgh_unfinished_guthix_balance_3,Unfinished potion.,,scripts/_unpack/377/all.obj
burgh_unfinished_guthix_balance_4,Unfinished potion.,,scripts/_unpack/377/all.obj
burnt_batta,Burnt batta,,scripts/skill_cooking/configs/gnome_cooking/battas.obj
burnt_bread,Burnt bread,,scripts/skill_cooking/configs/cooking_inv/configs/dough/dough.obj
burnt_cake,Burnt cake,,scripts/skill_cooking/configs/cooking_inv/configs/cakes/cakes.obj
burnt_cave_eel,Burnt cave eel,,scripts/_unpack/377/all.obj
burnt_chicken,Burnt chicken,,scripts/skill_cooking/configs/cooking_generic/food_burnt.obj
burnt_crunchies,Burnt crunchies,,scripts/skill_cooking/configs/gnome_cooking/crunchies.obj
burnt_curry,Burnt curry,,scripts/skill_cooking/configs/cooking_inv/configs/stew/stew.obj
burnt_eel,Burnt eel,,scripts/_unpack/377/all.obj
burnt_gnomebowl,Burnt gnomebowl,,scripts/skill_cooking/configs/gnome_cooking/gnomebowls.obj
burnt_lobster,Burnt lobster,,scripts/_unpack/377/all.obj
burnt_mantaray,Burnt manta ray,,scripts/_unpack/377/all.obj
burnt_meat,Burnt meat,,scripts/skill_cooking/configs/cooking_generic/food_burnt.obj
burnt_monkfish,Burnt monkfish,,scripts/_unpack/377/all.obj
burnt_oomlie,Burnt oomlie wrap,,scripts/skill_cooking/configs/cooking_inv/configs/oomlie_bird_meat/oomlie_bird_meat.obj
burnt_pie,Burnt pie,,scripts/skill_cooking/configs/cooking_inv/configs/pies/pies.obj
burnt_pitta_bread,Burnt pitta bread,,scripts/skill_cooking/configs/cooking_inv/configs/dough/dough.obj
burnt_pizza,Burnt pizza,,scripts/skill_cooking/configs/cooking_inv/configs/pizza/pizza.obj
burnt_seaturtle,Burnt sea turtle,,scripts/_unpack/377/all.obj
burnt_shark,Burnt shark,,scripts/_unpack/377/all.obj
burnt_shrimp,Burnt shrimp,,scripts/_unpack/377/all.obj
burnt_snail,Burnt snail,,scripts/_unpack/377/all.obj
burnt_stew,Burnt stew,,scripts/skill_cooking/configs/cooking_inv/configs/stew/stew.obj
burnt_swordfish,Burnt swordfish,,scripts/_unpack/377/all.obj
burnt_uw_oomlie,Burnt oomlie,,scripts/skill_cooking/configs/cooking_inv/configs/oomlie_bird_meat/oomlie_bird_meat.obj
burntfish1,Burnt fish,,scripts/_unpack/377/all.obj
burntfish2,Burnt fish,,scripts/_unpack/377/all.obj
burntfish3,Burnt fish,,scripts/_unpack/377/all.obj
burntfish4,Burnt fish,,scripts/_unpack/377/all.obj
burntfish5,Burnt fish,,scripts/_unpack/377/all.obj
cabbage,Cabbage,,scripts/skill_cooking/configs/cooking_generic/cooking.obj
cabbage_seed,Cabbage seed,,scripts/_unpack/377/all.obj
cabbage_seed_2,,,scripts/_unpack/377/all.obj
cabbage_seed_3,,,scripts/_unpack/377/all.obj
cabbage_seed_4,,,scripts/_unpack/377/all.obj
cabbage_seed_5,,,scripts/_unpack/377/all.obj
cactus_potato,Potato cactus,,scripts/_unpack/377/all.obj
cactus_seed,Cactus seed,,scripts/_unpack/377/all.obj
cactus_seed_2,,,scripts/_unpack/377/all.obj
cactus_seed_3,,,scripts/_unpack/377/all.obj
cactus_seed_4,,,scripts/_unpack/377/all.obj
cactus_seed_5,,,scripts/_unpack/377/all.obj
cactus_spine,Cactus spine,,scripts/_unpack/377/all.obj
cadantine,Cadantine,,scripts/skill_herblore/configs/herbs.obj
cadantine_seed,Cadantine seed,,scripts/_unpack/377/all.obj
cadantinevial,Unfinished potion,,scripts/_unpack/377/all.obj
cadava,Cadava potion,,scripts/_unpack/377/all.obj
cadavaberries,Cadava berries,,scripts/_unpack/377/all.obj
cadavaberry_bush_seed,Cadavaberry seed,,scripts/_unpack/377/all.obj
cadavaberry_seed_2,,,scripts/_unpack/377/all.obj
cadavaberry_seed_3,,,scripts/_unpack/377/all.obj
cadavaberry_seed_4,,,scripts/_unpack/377/all.obj
cadavaberry_seed_5,,,scripts/_unpack/377/all.obj
cake,Cake,,scripts/skill_cooking/configs/cooking_inv/configs/cakes/cakes.obj
cake_slice,Slice of cake,,scripts/skill_cooking/configs/cooking_inv/configs/cakes/cakes.obj
cake_tin,Cake tin,,scripts/skill_cooking/configs/cooking_inv/configs/cakes/cakes.obj
caleb_crest,Crest part,,scripts/_unpack/377/all.obj
calquat_fruit,Calquat fruit,,scripts/_unpack/377/all.obj
calquat_fruit_keg_empty,Calquat keg,,scripts/_unpack/377/all.obj
calquat_tree_seed,Calquat tree seed,,scripts/_unpack/377/all.obj
calquat_tree_seed_2,,,scripts/_unpack/377/all.obj
calquat_tree_seed_3,,,scripts/_unpack/377/all.obj
calquat_tree_seed_4,,,scripts/_unpack/377/all.obj
calquat_tree_seed_5,,,scripts/_unpack/377/all.obj
camulet,Camulet,,scripts/_unpack/377/all.obj
candle_lantern_black_lit,Candle lantern,,scripts/_unpack/377/all.obj
candle_lantern_black_unlit,Candle lantern,,scripts/_unpack/377/all.obj
candle_lantern_empty,Candle lantern,,scripts/_unpack/377/all.obj
candle_lantern_lit,Candle lantern,,scripts/_unpack/377/all.obj
candle_lantern_unlit,Candle lantern,,scripts/_unpack/377/all.obj
canoeing_paddle,Paddle,,scripts/_unpack/377/all.obj
cape_of_legends,Cape of legends,,scripts/_unpack/377/all.obj
carnillean_armour,Carnillean armour,,scripts/_unpack/377/all.obj
carnilleanchestkey,Chest key,,scripts/_unpack/377/all.obj
casket,Casket,,scripts/_unpack/377/all.obj
castlewars_armour_body,Decorative armour,,scripts/minigames/game_castlewars/configs/castlewars.obj
castlewars_armour_body_2,Decorative armour,,scripts/minigames/game_castlewars/configs/castlewars.obj
castlewars_armour_body_3,Decorative armour,,scripts/minigames/game_castlewars/configs/castlewars.obj
castlewars_armour_legs,Decorative armour,,scripts/minigames/game_castlewars/configs/castlewars.obj
castlewars_armour_legs_2,Decorative armour,,scripts/minigames/game_castlewars/configs/castlewars.obj
castlewars_armour_legs_3,Decorative armour,,scripts/minigames/game_castlewars/configs/castlewars.obj
castlewars_bandages,Bandages,,scripts/minigames/game_castlewars/configs/castlewars.obj
castlewars_barricade,Barricade,,scripts/minigames/game_castlewars/configs/castlewars.obj
castlewars_catapult,,,scripts/minigames/game_castlewars/configs/castlewars.obj
castlewars_catapult_rock,Rock,,scripts/minigames/game_castlewars/configs/castlewars.obj
castlewars_climbing_rope,Climbing rope,,scripts/minigames/game_castlewars/configs/castlewars.obj
castlewars_cloak_saradomin,Hooded cloak,,scripts/minigames/game_castlewars/configs/castlewars.obj
castlewars_cloak_saradomin_prize,Castlewars cloak,,scripts/minigames/game_castlewars/configs/castlewars.obj
castlewars_cloak_zamorak,Hooded cloak,,scripts/minigames/game_castlewars/configs/castlewars.obj
castlewars_cloak_zamorak_prize,Castlewars cloak,,scripts/minigames/game_castlewars/configs/castlewars.obj
castlewars_explosives_potion,Explosive potion,,scripts/minigames/game_castlewars/configs/castlewars.obj
castlewars_hood_saradomin_prize,Castlewars hood,,scripts/minigames/game_castlewars/configs/castlewars.obj
castlewars_hood_zamorak_prize,Castlewars hood,,scripts/minigames/game_castlewars/configs/castlewars.obj
castlewars_manual,Castlewars manual,,scripts/minigames/game_castlewars/configs/castlewars.obj
castlewars_med_helm,Decorative helm,,scripts/minigames/game_castlewars/configs/castlewars.obj
castlewars_med_helm_2,Decorative helm,,scripts/minigames/game_castlewars/configs/castlewars.obj
castlewars_med_helm_3,Decorative helm,,scripts/minigames/game_castlewars/configs/castlewars.obj
castlewars_no0,,,scripts/minigames/game_castlewars/configs/castlewars.obj
castlewars_no1,,,scripts/minigames/game_castlewars/configs/castlewars.obj
castlewars_no2,,,scripts/minigames/game_castlewars/configs/castlewars.obj
castlewars_no3,,,scripts/minigames/game_castlewars/configs/castlewars.obj
castlewars_no4,,,scripts/minigames/game_castlewars/configs/castlewars.obj
castlewars_no5,,,scripts/minigames/game_castlewars/configs/castlewars.obj
castlewars_no6,,,scripts/minigames/game_castlewars/configs/castlewars.obj
castlewars_no7,,,scripts/minigames/game_castlewars/configs/castlewars.obj
castlewars_no8,,,scripts/minigames/game_castlewars/configs/castlewars.obj
castlewars_no9,,,scripts/minigames/game_castlewars/configs/castlewars.obj
castlewars_saradomin_banner,Saradomin banner,,scripts/minigames/game_castlewars/configs/castlewars.obj
castlewars_shield,Decorative shield,,scripts/minigames/game_castlewars/configs/castlewars.obj
castlewars_shield_2,Decorative shield,,scripts/minigames/game_castlewars/configs/castlewars.obj
castlewars_shield_3,Decorative shield,,scripts/minigames/game_castlewars/configs/castlewars.obj
castlewars_sword,Decorative sword,,scripts/minigames/game_castlewars/configs/castlewars.obj
castlewars_sword_2,Decorative sword,,scripts/minigames/game_castlewars/configs/castlewars.obj
castlewars_sword_3,Decorative sword,,scripts/minigames/game_castlewars/configs/castlewars.obj
castlewars_ticket,Castle wars ticket,,scripts/minigames/game_castlewars/configs/castlewars.obj
castlewars_toolkit,Toolbox,,scripts/minigames/game_castlewars/configs/castlewars.obj
castlewars_zamorak_banner,Zamorak banner,,scripts/minigames/game_castlewars/configs/castlewars.obj
cattleprod,Cattleprod,,scripts/_unpack/377/all.obj
cavalier_black,Black cavalier,,scripts/_unpack/377/all.obj
cavalier_brown,Tan cavalier,,scripts/_unpack/377/all.obj
cavalier_dark,Dark cavalier,,scripts/_unpack/377/all.obj
cave_eel,Cave eel,,scripts/_unpack/377/all.obj
cave_goblin_bone_club,Bone club,,scripts/_unpack/377/all.obj
cave_goblin_bone_spear,Bone spear,,scripts/_unpack/377/all.obj
cave_goblin_mining_helmet_lit,Mining helmet,,scripts/_unpack/377/all.obj
cave_goblin_mining_helmet_unlit,Mining helmet,,scripts/_unpack/377/all.obj
cave_unicorn_horn,Unicorn horn,,scripts/_unpack/377/all.obj
caveorb1,Orb of light,,scripts/_unpack/377/all.obj
caveorb2,Orb of light,,scripts/_unpack/377/all.obj
caveorb3,Orb of light,,scripts/_unpack/377/all.obj
caveorb4,Orb of light,,scripts/_unpack/377/all.obj
caveorb4dot,Orb of light,,scripts/_unpack/377/all.obj
caverailing,Piece of railing,,scripts/_unpack/377/all.obj
cavewitchcat,Witch's cat,,scripts/_unpack/377/all.obj
cbhat1,Chompy bird hat,,scripts/_unpack/377/all.obj
cbhat10,Chompy bird hat,,scripts/_unpack/377/all.obj
cbhat11,Chompy bird hat,,scripts/_unpack/377/all.obj
cbhat12,Chompy bird hat,,scripts/_unpack/377/all.obj
cbhat13,Chompy bird hat,,scripts/_unpack/377/all.obj
cbhat14,Chompy bird hat,,scripts/_unpack/377/all.obj
cbhat15,Chompy bird hat,,scripts/_unpack/377/all.obj
cbhat16,Chompy bird hat,,scripts/_unpack/377/all.obj
cbhat17,Chompy bird hat,,scripts/_unpack/377/all.obj
cbhat18,Chompy bird hat,,scripts/_unpack/377/all.obj
cbhat2,Chompy bird hat,,scripts/_unpack/377/all.obj
cbhat3,Chompy bird hat,,scripts/_unpack/377/all.obj
cbhat4,Chompy bird hat,,scripts/_unpack/377/all.obj
cbhat5,Chompy bird hat,,scripts/_unpack/377/all.obj
cbhat6,Chompy bird hat,,scripts/_unpack/377/all.obj
cbhat7,Chompy bird hat,,scripts/_unpack/377/all.obj
cbhat8,Chompy bird hat,,scripts/_unpack/377/all.obj
cbhat9,Chompy bird hat,,scripts/_unpack/377/all.obj
cert_100_jubbly_meat_burned,,100_jubbly_meat_burned,scripts/_unpack/377/all.obj
cert_100_jubbly_meat_cooked,,100_jubbly_meat_cooked,scripts/_unpack/377/all.obj
cert_100_jubbly_meat_raw,,100_jubbly_meat_raw,scripts/_unpack/377/all.obj
cert_100guide_airrune_dum,,100guide_airrune_dum,scripts/_unpack/377/all.obj
cert_100guide_chaosrune_dum,,100guide_chaosrune_dum,scripts/_unpack/377/all.obj
cert_100guide_firerune_dum,,100guide_firerune_dum,scripts/_unpack/377/all.obj
cert_100guide_mithril_arrow_dum,,100guide_mithril_arrow_dum,scripts/_unpack/377/all.obj
cert_100guide_onion_seed_dum,,100guide_onion_seed_dum,scripts/_unpack/377/all.obj
cert_100guide_potato_seed_dum,,100guide_potato_seed_dum,scripts/_unpack/377/all.obj
cert_100guide_tomato_seed_dum,,100guide_tomato_seed_dum,scripts/_unpack/377/all.obj
cert_100guide_waterrune_dum,,100guide_waterrune_dum,scripts/_unpack/377/all.obj
cert_1dose1agility,,1dose1agility,scripts/_unpack/377/all.obj
cert_1dose1antidragon,,1dose1antidragon,scripts/_unpack/377/all.obj
cert_1dose1attack,,1dose1attack,scripts/_unpack/377/all.obj
cert_1dose1defense,,1dose1defense,scripts/_unpack/377/all.obj
cert_1dose1energy,,1dose1energy,scripts/_unpack/377/all.obj
cert_1dose1magic,,1dose1magic,scripts/_unpack/377/all.obj
cert_1dose1strength,,1dose1strength,scripts/_unpack/377/all.obj
cert_1dose2antipoison,,1dose2antipoison,scripts/_unpack/377/all.obj
cert_1dose2attack,,1dose2attack,scripts/_unpack/377/all.obj
cert_1dose2defense,,1dose2defense,scripts/_unpack/377/all.obj
cert_1dose2energy,,1dose2energy,scripts/_unpack/377/all.obj
cert_1dose2restore,,1dose2restore,scripts/_unpack/377/all.obj
cert_1dose2strength,,1dose2strength,scripts/_unpack/377/all.obj
cert_1doseantipoison,,1doseantipoison,scripts/_unpack/377/all.obj
cert_1dosefisherspotion,,1dosefisherspotion,scripts/_unpack/377/all.obj
cert_1dosepotionofsaradomin,,1dosepotionofsaradomin,scripts/_unpack/377/all.obj
cert_1dosepotionofzamorak,,1dosepotionofzamorak,scripts/_unpack/377/all.obj
cert_1doseprayerrestore,,1doseprayerrestore,scripts/_unpack/377/all.obj
cert_1doserangerspotion,,1doserangerspotion,scripts/_unpack/377/all.obj
cert_1dosestatrestore,,1dosestatrestore,scripts/_unpack/377/all.obj
cert_2dose1agility,,2dose1agility,scripts/_unpack/377/all.obj
cert_2dose1antidragon,,2dose1antidragon,scripts/_unpack/377/all.obj
cert_2dose1attack,,2dose1attack,scripts/_unpack/377/all.obj
cert_2dose1defense,,2dose1defense,scripts/_unpack/377/all.obj
cert_2dose1energy,,2dose1energy,scripts/_unpack/377/all.obj
cert_2dose1magic,,2dose1magic,scripts/_unpack/377/all.obj
cert_2dose1strength,,2dose1strength,scripts/_unpack/377/all.obj
cert_2dose2antipoison,,2dose2antipoison,scripts/_unpack/377/all.obj
cert_2dose2attack,,2dose2attack,scripts/_unpack/377/all.obj
cert_2dose2defense,,2dose2defense,scripts/_unpack/377/all.obj
cert_2dose2energy,,2dose2energy,scripts/_unpack/377/all.obj
cert_2dose2restore,,2dose2restore,scripts/_unpack/377/all.obj
cert_2dose2strength,,2dose2strength,scripts/_unpack/377/all.obj
cert_2doseantipoison,,2doseantipoison,scripts/_unpack/377/all.obj
cert_2dosefisherspotion,,2dosefisherspotion,scripts/_unpack/377/all.obj
cert_2dosepotionofsaradomin,,2dosepotionofsaradomin,scripts/_unpack/377/all.obj
cert_2dosepotionofzamorak,,2dosepotionofzamorak,scripts/_unpack/377/all.obj
cert_2doseprayerrestore,,2doseprayerrestore,scripts/_unpack/377/all.obj
cert_2doserangerspotion,,2doserangerspotion,scripts/_unpack/377/all.obj
cert_2dosestatrestore,,2dosestatrestore,scripts/_unpack/377/all.obj
cert_3dose1agility,,3dose1agility,scripts/_unpack/377/all.obj
cert_3dose1antidragon,,3dose1antidragon,scripts/_unpack/377/all.obj
cert_3dose1attack,,3dose1attack,scripts/_unpack/377/all.obj
cert_3dose1defense,,3dose1defense,scripts/_unpack/377/all.obj
cert_3dose1energy,,3dose1energy,scripts/_unpack/377/all.obj
cert_3dose1magic,,3dose1magic,scripts/_unpack/377/all.obj
cert_3dose1strength,,3dose1strength,scripts/_unpack/377/all.obj
cert_3dose2antipoison,,3dose2antipoison,scripts/_unpack/377/all.obj
cert_3dose2attack,,3dose2attack,scripts/_unpack/377/all.obj
cert_3dose2defense,,3dose2defense,scripts/_unpack/377/all.obj
cert_3dose2energy,,3dose2energy,scripts/_unpack/377/all.obj
cert_3dose2restore,,3dose2restore,scripts/_unpack/377/all.obj
cert_3dose2strength,,3dose2strength,scripts/_unpack/377/all.obj
cert_3doseantipoison,,3doseantipoison,scripts/_unpack/377/all.obj
cert_3dosefisherspotion,,3dosefisherspotion,scripts/_unpack/377/all.obj
cert_3dosepotionofsaradomin,,3dosepotionofsaradomin,scripts/_unpack/377/all.obj
cert_3dosepotionofzamorak,,3dosepotionofzamorak,scripts/_unpack/377/all.obj
cert_3doseprayerrestore,,3doseprayerrestore,scripts/_unpack/377/all.obj
cert_3doserangerspotion,,3doserangerspotion,scripts/_unpack/377/all.obj
cert_3dosestatrestore,,3dosestatrestore,scripts/_unpack/377/all.obj
cert_4dose1agility,,4dose1agility,scripts/_unpack/377/all.obj
cert_4dose1antidragon,,4dose1antidragon,scripts/_unpack/377/all.obj
cert_4dose1attack,,4dose1attack,scripts/_unpack/377/all.obj
cert_4dose1defense,,4dose1defense,scripts/_unpack/377/all.obj
cert_4dose1energy,,4dose1energy,scripts/_unpack/377/all.obj
cert_4dose1magic,,4dose1magic,scripts/_unpack/377/all.obj
cert_4dose2antipoison,,4dose2antipoison,scripts/_unpack/377/all.obj
cert_4dose2attack,,4dose2attack,scripts/_unpack/377/all.obj
cert_4dose2defense,,4dose2defense,scripts/_unpack/377/all.obj
cert_4dose2energy,,4dose2energy,scripts/_unpack/377/all.obj
cert_4dose2restore,,4dose2restore,scripts/_unpack/377/all.obj
cert_4dose2strength,,4dose2strength,scripts/_unpack/377/all.obj
cert_4doseantipoison,,4doseantipoison,scripts/_unpack/377/all.obj
cert_4dosefisherspotion,,4dosefisherspotion,scripts/_unpack/377/all.obj
cert_4dosepotionofsaradomin,,4dosepotionofsaradomin,scripts/_unpack/377/all.obj
cert_4dosepotionofzamorak,,4dosepotionofzamorak,scripts/_unpack/377/all.obj
cert_4doseprayerrestore,,4doseprayerrestore,scripts/_unpack/377/all.obj
cert_4doserangerspotion,,4doserangerspotion,scripts/_unpack/377/all.obj
cert_4dosestatrestore,,4dosestatrestore,scripts/_unpack/377/all.obj
cert_abyssal_whip,,abyssal_whip,scripts/_unpack/377/all.obj
cert_achey_tree_logs,,achey_tree_logs,scripts/_unpack/377/all.obj
cert_acne_potion,,acne_potion,scripts/_unpack/377/all.obj
cert_adamant_2h_sword,,adamant_2h_sword,scripts/_unpack/377/all.obj
cert_adamant_armoured_boots,,adamant_armoured_boots,scripts/_unpack/377/all.obj
cert_adamant_axe,,adamant_axe,scripts/_unpack/377/all.obj
cert_adamant_battleaxe,,adamant_battleaxe,scripts/_unpack/377/all.obj
cert_adamant_chainbody,,adamant_chainbody,scripts/_unpack/377/all.obj
cert_adamant_claws,,adamant_claws,scripts/_unpack/377/all.obj
cert_adamant_dagger,,adamant_dagger,scripts/_unpack/377/all.obj
cert_adamant_dagger_p,,adamant_dagger_p,scripts/_unpack/377/all.obj
cert_adamant_full_helm,,adamant_full_helm,scripts/_unpack/377/all.obj
cert_adamant_full_helm_gold,,adamant_full_helm_gold,scripts/_unpack/377/all.obj
cert_adamant_full_helm_trim,,adamant_full_helm_trim,scripts/_unpack/377/all.obj
cert_adamant_halberd,,adamant_halberd,scripts/_unpack/377/all.obj
cert_adamant_heraldic_kiteshield1,,adamant_heraldic_kiteshield1,scripts/_unpack/377/all.obj
cert_adamant_heraldic_kiteshield2,,adamant_heraldic_kiteshield2,scripts/_unpack/377/all.obj
cert_adamant_heraldic_kiteshield3,,adamant_heraldic_kiteshield3,scripts/_unpack/377/all.obj
cert_adamant_heraldic_kiteshield4,,adamant_heraldic_kiteshield4,scripts/_unpack/377/all.obj
cert_adamant_heraldic_kiteshield5,,adamant_heraldic_kiteshield5,scripts/_unpack/377/all.obj
cert_adamant_kiteshield,,adamant_kiteshield,scripts/_unpack/377/all.obj
cert_adamant_kiteshield_gold,,adamant_kiteshield_gold,scripts/_unpack/377/all.obj
cert_adamant_kiteshield_trim,,adamant_kiteshield_trim,scripts/_unpack/377/all.obj
cert_adamant_longsword,,adamant_longsword,scripts/_unpack/377/all.obj
cert_adamant_mace,,adamant_mace,scripts/_unpack/377/all.obj
cert_adamant_med_helm,,adamant_med_helm,scripts/_unpack/377/all.obj
cert_adamant_pickaxe,,adamant_pickaxe,scripts/_unpack/377/all.obj
cert_adamant_platebody,,adamant_platebody,scripts/_unpack/377/all.obj
cert_adamant_platebody_gold,,adamant_platebody_gold,scripts/_unpack/377/all.obj
cert_adamant_platebody_trim,,adamant_platebody_trim,scripts/_unpack/377/all.obj
cert_adamant_platelegs,,adamant_platelegs,scripts/_unpack/377/all.obj
cert_adamant_platelegs_gold,,adamant_platelegs_gold,scripts/_unpack/377/all.obj
cert_adamant_platelegs_trim,,adamant_platelegs_trim,scripts/_unpack/377/all.obj
cert_adamant_plateskirt,,adamant_plateskirt,scripts/_unpack/377/all.obj
cert_adamant_plateskirt_gold,,adamant_plateskirt_gold,scripts/_unpack/377/all.obj
cert_adamant_plateskirt_trim,,adamant_plateskirt_trim,scripts/_unpack/377/all.obj
cert_adamant_scimitar,,adamant_scimitar,scripts/_unpack/377/all.obj
cert_adamant_spear,,adamant_spear,scripts/_unpack/377/all.obj
cert_adamant_spear_p,,adamant_spear_p,scripts/_unpack/377/all.obj
cert_adamant_sq_shield,,adamant_sq_shield,scripts/_unpack/377/all.obj
cert_adamant_sword,,adamant_sword,scripts/_unpack/377/all.obj
cert_adamantite_bar,,adamantite_bar,scripts/_unpack/377/all.obj
cert_adamantite_ore,,adamantite_ore,scripts/_unpack/377/all.obj
cert_adamnt_warhammer,,adamnt_warhammer,scripts/_unpack/377/all.obj
cert_admiral_pie,,admiral_pie,scripts/_unpack/377/all.obj
cert_agrith_desert_robe_dyed,,agrith_desert_robe_dyed,scripts/_unpack/377/all.obj
cert_agrith_desert_shirt_dyed,,agrith_desert_shirt_dyed,scripts/_unpack/377/all.obj
cert_air_battlestaff,,air_battlestaff,scripts/_unpack/377/all.obj
cert_air_orb,,air_orb,scripts/_unpack/377/all.obj
cert_air_talisman,,air_talisman,scripts/skill_runecraft/configs/runecraft.obj
cert_ale_yeast,,ale_yeast,scripts/_unpack/377/all.obj
cert_amulet_mould,,amulet_mould,scripts/_unpack/377/all.obj
cert_amulet_of_accuracy,,amulet_of_accuracy,scripts/_unpack/377/all.obj
cert_amulet_of_defence,,amulet_of_defence,scripts/_unpack/377/all.obj
cert_amulet_of_glory,,amulet_of_glory,scripts/_unpack/377/all.obj
cert_amulet_of_glory_1,,amulet_of_glory_1,scripts/_unpack/377/all.obj
cert_amulet_of_glory_2,,amulet_of_glory_2,scripts/_unpack/377/all.obj
cert_amulet_of_glory_3,,amulet_of_glory_3,scripts/_unpack/377/all.obj
cert_amulet_of_glory_4,,amulet_of_glory_4,scripts/_unpack/377/all.obj
cert_amulet_of_magic,,amulet_of_magic,scripts/_unpack/377/all.obj
cert_amulet_of_power,,amulet_of_power,scripts/_unpack/377/all.obj
cert_amulet_of_strength,,amulet_of_strength,scripts/_unpack/377/all.obj
cert_anchovie_pizza,,anchovie_pizza,scripts/_unpack/377/all.obj
cert_anchovies,,anchovies,scripts/_unpack/377/all.obj
cert_antidragonbreathshield,,antidragonbreathshield,scripts/_unpack/377/all.obj
cert_anvil_icon_dummy,Whoopsie,,scripts/_unpack/377/all.obj
cert_apple_mush,,apple_mush,scripts/_unpack/377/all.obj
cert_apple_pie,,apple_pie,scripts/_unpack/377/all.obj
cert_arravcertificate,,arravcertificate,scripts/_unpack/377/all.obj
cert_arravshield1,,arravshield1,scripts/_unpack/377/all.obj
cert_arravshield2,,arravshield2,scripts/_unpack/377/all.obj
cert_asgarnian_ale,,asgarnian_ale,scripts/_unpack/377/all.obj
cert_asgarnian_hops,,asgarnian_hops,scripts/_unpack/377/all.obj
cert_ashes,,ashes,scripts/_unpack/377/all.obj
cert_ashesvial,,ashesvial,scripts/_unpack/377/all.obj
cert_avantoe,,avantoe,scripts/_unpack/377/all.obj
cert_avantoevial,,avantoevial,scripts/_unpack/377/all.obj
cert_axemans_folly,,axemans_folly,scripts/_unpack/377/all.obj
cert_babydragon_bones,,babydragon_bones,scripts/_unpack/377/all.obj
cert_baguette,Waste disposal,,scripts/_unpack/377/all.obj
cert_ball_gnomeball_game,,ball_gnomeball_game,scripts/_unpack/377/all.obj
cert_ball_of_wool,,ball_of_wool,scripts/_unpack/377/all.obj
cert_banana,,banana,scripts/_unpack/377/all.obj
cert_banana_left,,banana_left,scripts/_unpack/377/all.obj
cert_bandit_brew,,bandit_brew,scripts/_unpack/377/all.obj
cert_bank_icon_dummy,Whoopsie,,scripts/_unpack/377/all.obj
cert_barley,,barley,scripts/_unpack/377/all.obj
cert_barley_malt,,barley_malt,scripts/_unpack/377/all.obj
cert_barrows_ahrim_body,,barrows_ahrim_body,scripts/_unpack/377/all.obj
cert_barrows_ahrim_body_broken,,barrows_ahrim_body_broken,scripts/_unpack/377/all.obj
cert_barrows_ahrim_head,,barrows_ahrim_head,scripts/_unpack/377/all.obj
cert_barrows_ahrim_head_broken,,barrows_ahrim_head_broken,scripts/_unpack/377/all.obj
cert_barrows_ahrim_legs,,barrows_ahrim_legs,scripts/_unpack/377/all.obj
cert_barrows_ahrim_legs_broken,,barrows_ahrim_legs_broken,scripts/_unpack/377/all.obj
cert_barrows_ahrim_weapon,,barrows_ahrim_weapon,scripts/_unpack/377/all.obj
cert_barrows_ahrim_weapon_broken,,barrows_ahrim_weapon_broken,scripts/_unpack/377/all.obj
cert_barrows_dharok_body,,barrows_dharok_body,scripts/_unpack/377/all.obj
cert_barrows_dharok_body_broken,,barrows_dharok_body_broken,scripts/_unpack/377/all.obj
cert_barrows_dharok_head,,barrows_dharok_head,scripts/_unpack/377/all.obj
cert_barrows_dharok_head_broken,,barrows_dharok_head_broken,scripts/_unpack/377/all.obj
cert_barrows_dharok_legs,,barrows_dharok_legs,scripts/_unpack/377/all.obj
cert_barrows_dharok_legs_broken,,barrows_dharok_legs_broken,scripts/_unpack/377/all.obj
cert_barrows_dharok_weapon,,barrows_dharok_weapon,scripts/_unpack/377/all.obj
cert_barrows_dharok_weapon_broken,,barrows_dharok_weapon_broken,scripts/_unpack/377/all.obj
cert_barrows_guthan_body,,barrows_guthan_body,scripts/_unpack/377/all.obj
cert_barrows_guthan_body_broken,,barrows_guthan_body_broken,scripts/_unpack/377/all.obj
cert_barrows_guthan_head,,barrows_guthan_head,scripts/_unpack/377/all.obj
cert_barrows_guthan_head_broken,,barrows_guthan_head_broken,scripts/_unpack/377/all.obj
cert_barrows_guthan_legs,,barrows_guthan_legs,scripts/_unpack/377/all.obj
cert_barrows_guthan_legs_broken,,barrows_guthan_legs_broken,scripts/_unpack/377/all.obj
cert_barrows_guthan_weapon,,barrows_guthan_weapon,scripts/_unpack/377/all.obj
cert_barrows_guthan_weapon_broken,,barrows_guthan_weapon_broken,scripts/_unpack/377/all.obj
cert_barrows_karil_body,,barrows_karil_body,scripts/_unpack/377/all.obj
cert_barrows_karil_body_broken,,barrows_karil_body_broken,scripts/_unpack/377/all.obj
cert_barrows_karil_head,,barrows_karil_head,scripts/_unpack/377/all.obj
cert_barrows_karil_head_broken,,barrows_karil_head_broken,scripts/_unpack/377/all.obj
cert_barrows_karil_legs,,barrows_karil_legs,scripts/_unpack/377/all.obj
cert_barrows_karil_legs_broken,,barrows_karil_legs_broken,scripts/_unpack/377/all.obj
cert_barrows_karil_weapon,,barrows_karil_weapon,scripts/_unpack/377/all.obj
cert_barrows_karil_weapon_broken,,barrows_karil_weapon_broken,scripts/_unpack/377/all.obj
cert_barrows_torag_body,,barrows_torag_body,scripts/_unpack/377/all.obj
cert_barrows_torag_body_broken,,barrows_torag_body_broken,scripts/_unpack/377/all.obj
cert_barrows_torag_head,,barrows_torag_head,scripts/_unpack/377/all.obj
cert_barrows_torag_head_broken,,barrows_torag_head_broken,scripts/_unpack/377/all.obj
cert_barrows_torag_legs,,barrows_torag_legs,scripts/_unpack/377/all.obj
cert_barrows_torag_legs_broken,,barrows_torag_legs_broken,scripts/_unpack/377/all.obj
cert_barrows_torag_weapon,,barrows_torag_weapon,scripts/_unpack/377/all.obj
cert_barrows_torag_weapon_broken,,barrows_torag_weapon_broken,scripts/_unpack/377/all.obj
cert_barrows_verac_body,,barrows_verac_body,scripts/_unpack/377/all.obj
cert_barrows_verac_body_broken,,barrows_verac_body_broken,scripts/_unpack/377/all.obj
cert_barrows_verac_head,,barrows_verac_head,scripts/_unpack/377/all.obj
cert_barrows_verac_head_broken,,barrows_verac_head_broken,scripts/_unpack/377/all.obj
cert_barrows_verac_legs,,barrows_verac_legs,scripts/_unpack/377/all.obj
cert_barrows_verac_legs_broken,,barrows_verac_legs_broken,scripts/_unpack/377/all.obj
cert_barrows_verac_weapon,,barrows_verac_weapon,scripts/_unpack/377/all.obj
cert_barrows_verac_weapon_broken,,barrows_verac_weapon_broken,scripts/_unpack/377/all.obj
cert_basic_tk_body,,basic_tk_body,scripts/_unpack/377/all.obj
cert_basic_tk_helm,,basic_tk_helm,scripts/_unpack/377/all.obj
cert_basic_tk_legs,,basic_tk_legs,scripts/_unpack/377/all.obj
cert_basket_apple_1,,basket_apple_1,scripts/_unpack/377/all.obj
cert_basket_apple_2,,basket_apple_2,scripts/_unpack/377/all.obj
cert_basket_apple_3,,basket_apple_3,scripts/_unpack/377/all.obj
cert_basket_apple_4,,basket_apple_4,scripts/_unpack/377/all.obj
cert_basket_apple_5,,basket_apple_5,scripts/_unpack/377/all.obj
cert_basket_banana_1,,basket_banana_1,scripts/_unpack/377/all.obj
cert_basket_banana_2,,basket_banana_2,scripts/_unpack/377/all.obj
cert_basket_banana_3,,basket_banana_3,scripts/_unpack/377/all.obj
cert_basket_banana_4,,basket_banana_4,scripts/_unpack/377/all.obj
cert_basket_banana_5,,basket_banana_5,scripts/_unpack/377/all.obj
cert_basket_empty,,basket_empty,scripts/_unpack/377/all.obj
cert_basket_orange_1,,basket_orange_1,scripts/_unpack/377/all.obj
cert_basket_orange_2,,basket_orange_2,scripts/_unpack/377/all.obj
cert_basket_orange_3,,basket_orange_3,scripts/_unpack/377/all.obj
cert_basket_orange_4,,basket_orange_4,scripts/_unpack/377/all.obj
cert_basket_orange_5,,basket_orange_5,scripts/_unpack/377/all.obj
cert_basket_strawberry_1,,basket_strawberry_1,scripts/_unpack/377/all.obj
cert_basket_strawberry_2,,basket_strawberry_2,scripts/_unpack/377/all.obj
cert_basket_strawberry_3,,basket_strawberry_3,scripts/_unpack/377/all.obj
cert_basket_strawberry_4,,basket_strawberry_4,scripts/_unpack/377/all.obj
cert_basket_strawberry_5,,basket_strawberry_5,scripts/_unpack/377/all.obj
cert_basket_tomato_1,,basket_tomato_1,scripts/_unpack/377/all.obj
cert_basket_tomato_2,,basket_tomato_2,scripts/_unpack/377/all.obj
cert_basket_tomato_3,,basket_tomato_3,scripts/_unpack/377/all.obj
cert_basket_tomato_4,,basket_tomato_4,scripts/_unpack/377/all.obj
cert_basket_tomato_5,,basket_tomato_5,scripts/_unpack/377/all.obj
cert_bass,,bass,scripts/_unpack/377/all.obj
cert_bat_bones,,bat_bones,scripts/_unpack/377/all.obj
cert_battle_tortoise_shell,,battle_tortoise_shell,scripts/_unpack/377/all.obj
cert_battlestaff,,battlestaff,scripts/_unpack/377/all.obj
cert_beer,,beer,scripts/_unpack/377/all.obj
cert_beer_glass,,beer_glass,scripts/_unpack/377/all.obj
cert_berret_black,,berret_black,scripts/_unpack/377/all.obj
cert_berret_blue,,berret_blue,scripts/_unpack/377/all.obj
cert_berret_white,,berret_white,scripts/_unpack/377/all.obj
cert_berzerker_ring,,berzerker_ring,scripts/_unpack/377/all.obj
cert_big_bones,,big_bones,scripts/_unpack/377/all.obj
cert_big_net,,big_net,scripts/_unpack/377/all.obj
cert_bigoysterpearls,,bigoysterpearls,scripts/_unpack/377/all.obj
cert_bittercap_mushroom,,bittercap_mushroom,scripts/_unpack/377/all.obj
cert_black_2h_sword,,black_2h_sword,scripts/_unpack/377/all.obj
cert_black_amulet,Whoopsie,,scripts/_unpack/377/all.obj
cert_black_armoured_boots,,black_armoured_boots,scripts/_unpack/377/all.obj
cert_black_axe,,black_axe,scripts/_unpack/377/all.obj
cert_black_battleaxe,,black_battleaxe,scripts/_unpack/377/all.obj
cert_black_bead,,black_bead,scripts/quests/quest_imp/configs/quest_imp.obj
cert_black_cape,,black_cape,scripts/_unpack/377/all.obj
cert_black_chainbody,,black_chainbody,scripts/_unpack/377/all.obj
cert_black_claws,,black_claws,scripts/_unpack/377/all.obj
cert_black_dagger,,black_dagger,scripts/_unpack/377/all.obj
cert_black_dagger_p,,black_dagger_p,scripts/_unpack/377/all.obj
cert_black_dragon_vambraces,,black_dragon_vambraces,scripts/_unpack/377/all.obj
cert_black_dragonhide_body,,black_dragonhide_body,scripts/_unpack/377/all.obj
cert_black_dragonhide_chaps,,black_dragonhide_chaps,scripts/_unpack/377/all.obj
cert_black_full_helm,,black_full_helm,scripts/_unpack/377/all.obj
cert_black_full_helm_gold,,black_full_helm_gold,scripts/_unpack/377/all.obj
cert_black_full_helm_trim,,black_full_helm_trim,scripts/_unpack/377/all.obj
cert_black_halberd,,black_halberd,scripts/_unpack/377/all.obj
cert_black_heraldic_kiteshield1,,black_heraldic_kiteshield1,scripts/_unpack/377/all.obj
cert_black_heraldic_kiteshield2,,black_heraldic_kiteshield2,scripts/_unpack/377/all.obj
cert_black_heraldic_kiteshield3,,black_heraldic_kiteshield3,scripts/_unpack/377/all.obj
cert_black_heraldic_kiteshield4,,black_heraldic_kiteshield4,scripts/_unpack/377/all.obj
cert_black_heraldic_kiteshield5,,black_heraldic_kiteshield5,scripts/_unpack/377/all.obj
cert_black_kiteshield,,black_kiteshield,scripts/_unpack/377/all.obj
cert_black_kiteshield_gold,,black_kiteshield_gold,scripts/_unpack/377/all.obj
cert_black_kiteshield_trim,,black_kiteshield_trim,scripts/_unpack/377/all.obj
cert_black_longsword,,black_longsword,scripts/_unpack/377/all.obj
cert_black_mace,,black_mace,scripts/_unpack/377/all.obj
cert_black_med_helm,,black_med_helm,scripts/_unpack/377/all.obj
cert_black_necklace,Whoopsie,,scripts/_unpack/377/all.obj
cert_black_platebody,,black_platebody,scripts/_unpack/377/all.obj
cert_black_platebody_gold,,black_platebody_gold,scripts/_unpack/377/all.obj
cert_black_platebody_trim,,black_platebody_trim,scripts/_unpack/377/all.obj
cert_black_platelegs,,black_platelegs,scripts/_unpack/377/all.obj
cert_black_platelegs_gold,,black_platelegs_gold,scripts/_unpack/377/all.obj
cert_black_platelegs_trim,,black_platelegs_trim,scripts/_unpack/377/all.obj
cert_black_plateskirt,,black_plateskirt,scripts/_unpack/377/all.obj
cert_black_plateskirt_gold,,black_plateskirt_gold,scripts/_unpack/377/all.obj
cert_black_plateskirt_trim,,black_plateskirt_trim,scripts/_unpack/377/all.obj
cert_black_ring,Whoopsie,,scripts/_unpack/377/all.obj
cert_black_robe,,black_robe,scripts/_unpack/377/all.obj
cert_black_scimitar,,black_scimitar,scripts/_unpack/377/all.obj
cert_black_skirt,,black_skirt,scripts/_unpack/377/all.obj
cert_black_spear,,black_spear,scripts/_unpack/377/all.obj
cert_black_spear_p,,black_spear_p,scripts/_unpack/377/all.obj
cert_black_sq_shield,,black_sq_shield,scripts/_unpack/377/all.obj
cert_black_sword,,black_sword,scripts/_unpack/377/all.obj
cert_black_warhammer,,black_warhammer,scripts/_unpack/377/all.obj
cert_blackjack_willow,,blackjack_willow,scripts/_unpack/377/all.obj
cert_blackrobebottom,,blackrobebottom,scripts/_unpack/377/all.obj
cert_blackrobetop,,blackrobetop,scripts/_unpack/377/all.obj
cert_blackwizhat,,blackwizhat,scripts/_unpack/377/all.obj
cert_blankrune,,blankrune,scripts/_unpack/377/all.obj
cert_blankrune_high,,blankrune_high,scripts/_unpack/377/all.obj
cert_blast_furnace_conveyor_held,Whoopsie,,scripts/_unpack/377/all.obj
cert_blast_furnace_pump_held,Whoopsie,,scripts/_unpack/377/all.obj
cert_blessedsnake,,blessedsnake,scripts/_unpack/377/all.obj
cert_blessedstar,,blessedstar,scripts/_unpack/377/all.obj
cert_blondwig,Brass monkey,,scripts/_unpack/377/all.obj
cert_blood_talisman,,blood_talisman,scripts/skill_runecraft/configs/runecraft.obj
cert_blue_cape,,blue_cape,scripts/_unpack/377/all.obj
cert_blue_dragon_scale,,blue_dragon_scale,scripts/_unpack/377/all.obj
cert_blue_dragon_vambraces,,blue_dragon_vambraces,scripts/_unpack/377/all.obj
cert_blue_dragonhide_body,,blue_dragonhide_body,scripts/_unpack/377/all.obj
cert_blue_dragonhide_body_trim,,blue_dragonhide_body_trim,scripts/_unpack/377/all.obj
cert_blue_dragonhide_body_trim_gold,,blue_dragonhide_body_trim_gold,scripts/_unpack/377/all.obj
cert_blue_dragonhide_chaps,,blue_dragonhide_chaps,scripts/_unpack/377/all.obj
cert_blue_dragonhide_chaps_trim,,blue_dragonhide_chaps_trim,scripts/_unpack/377/all.obj
cert_blue_dragonhide_chaps_trim_gold,,blue_dragonhide_chaps_trim_gold,scripts/_unpack/377/all.obj
cert_blue_partyhat,,blue_partyhat,scripts/_unpack/377/all.obj
cert_blue_skirt,,blue_skirt,scripts/_unpack/377/all.obj
cert_blue_skirt_trim,,blue_skirt_trim,scripts/_unpack/377/all.obj
cert_blue_skirt_trim_gold,,blue_skirt_trim_gold,scripts/_unpack/377/all.obj
cert_bluedye,,bluedye,scripts/_unpack/377/all.obj
cert_bluewizhat,,bluewizhat,scripts/_unpack/377/all.obj
cert_bluewizhat_trim,,bluewizhat_trim,scripts/_unpack/377/all.obj
cert_bluewizhat_trim_gold,,bluewizhat_trim_gold,scripts/_unpack/377/all.obj
cert_blurberry_special,,blurberry_special,scripts/_unpack/377/all.obj
cert_body_talisman,,body_talisman,scripts/skill_runecraft/configs/runecraft.obj
cert_bones,,bones,scripts/_unpack/377/all.obj
cert_bones_burnt,,bones_burnt,scripts/_unpack/377/all.obj
cert_book_recipie_pie,,book_recipie_pie,scripts/_unpack/377/all.obj
cert_boots_ranger,,boots_ranger,scripts/_unpack/377/all.obj
cert_boots_wizard,,boots_wizard,scripts/_unpack/377/all.obj
cert_bow_string,,bow_string,scripts/_unpack/377/all.obj
cert_bowl_carne,,bowl_carne,scripts/_unpack/377/all.obj
cert_bowl_chilli,,bowl_chilli,scripts/_unpack/377/all.obj
cert_bowl_egg_burnt,,bowl_egg_burnt,scripts/_unpack/377/all.obj
cert_bowl_egg_raw,,bowl_egg_raw,scripts/_unpack/377/all.obj
cert_bowl_egg_scrambled,,bowl_egg_scrambled,scripts/_unpack/377/all.obj
cert_bowl_empty,,bowl_empty,scripts/_unpack/377/all.obj
cert_bowl_empty_filliman,,bowl_empty_filliman,scripts/_unpack/377/all.obj
cert_bowl_garlic,,bowl_garlic,scripts/_unpack/377/all.obj
cert_bowl_hot_water,,bowl_hot_water,scripts/_unpack/377/all.obj
cert_bowl_mushroom_burnt,,bowl_mushroom_burnt,scripts/_unpack/377/all.obj
cert_bowl_mushroom_fried,,bowl_mushroom_fried,scripts/_unpack/377/all.obj
cert_bowl_mushroom_raw,,bowl_mushroom_raw,scripts/_unpack/377/all.obj
cert_bowl_onion,,bowl_onion,scripts/_unpack/377/all.obj
cert_bowl_onion_burnt,,bowl_onion_burnt,scripts/_unpack/377/all.obj
cert_bowl_onion_fried,,bowl_onion_fried,scripts/_unpack/377/all.obj
cert_bowl_oniontomato,,bowl_oniontomato,scripts/_unpack/377/all.obj
cert_bowl_oniontomugthanki,,bowl_oniontomugthanki,scripts/_unpack/377/all.obj
cert_bowl_sweetcorn,,bowl_sweetcorn,scripts/_unpack/377/all.obj
cert_bowl_tomato,,bowl_tomato,scripts/_unpack/377/all.obj
cert_bowl_tuna,,bowl_tuna,scripts/_unpack/377/all.obj
cert_bowl_ugthanki,,bowl_ugthanki,scripts/_unpack/377/all.obj
cert_bowl_ugthankionion,,bowl_ugthankionion,scripts/_unpack/377/all.obj
cert_bowl_ugthankitomato,,bowl_ugthankitomato,scripts/_unpack/377/all.obj
cert_bowl_unfired,,bowl_unfired,scripts/_unpack/377/all.obj
cert_bowl_water,,bowl_water,scripts/_unpack/377/all.obj
cert_brandy,,brandy,scripts/_unpack/377/all.obj
cert_brass_necklace,,brass_necklace,scripts/_unpack/377/all.obj
cert_bread,,bread,scripts/_unpack/377/all.obj
cert_bread_dough,,bread_dough,scripts/_unpack/377/all.obj
cert_bronze_2h_sword,,bronze_2h_sword,scripts/_unpack/377/all.obj
cert_bronze_armoured_boots,,bronze_armoured_boots,scripts/_unpack/377/all.obj
cert_bronze_axe,,bronze_axe,scripts/_unpack/377/all.obj
cert_bronze_bar,,bronze_bar,scripts/_unpack/377/all.obj
cert_bronze_battleaxe,,bronze_battleaxe,scripts/_unpack/377/all.obj
cert_bronze_chainbody,,bronze_chainbody,scripts/_unpack/377/all.obj
cert_bronze_claws,,bronze_claws,scripts/_unpack/377/all.obj
cert_bronze_dagger,,bronze_dagger,scripts/_unpack/377/all.obj
cert_bronze_dagger_p,,bronze_dagger_p,scripts/_unpack/377/all.obj
cert_bronze_full_helm,,bronze_full_helm,scripts/_unpack/377/all.obj
cert_bronze_halberd,,bronze_halberd,scripts/_unpack/377/all.obj
cert_bronze_kiteshield,,bronze_kiteshield,scripts/_unpack/377/all.obj
cert_bronze_longsword,,bronze_longsword,scripts/_unpack/377/all.obj
cert_bronze_mace,,bronze_mace,scripts/_unpack/377/all.obj
cert_bronze_med_helm,,bronze_med_helm,scripts/_unpack/377/all.obj
cert_bronze_pickaxe,,bronze_pickaxe,scripts/_unpack/377/all.obj
cert_bronze_platebody,,bronze_platebody,scripts/_unpack/377/all.obj
cert_bronze_platelegs,,bronze_platelegs,scripts/_unpack/377/all.obj
cert_bronze_plateskirt,,bronze_plateskirt,scripts/_unpack/377/all.obj
cert_bronze_scimitar,,bronze_scimitar,scripts/_unpack/377/all.obj
cert_bronze_spear,,bronze_spear,scripts/_unpack/377/all.obj
cert_bronze_spear_p,,bronze_spear_p,scripts/_unpack/377/all.obj
cert_bronze_sq_shield,,bronze_sq_shield,scripts/_unpack/377/all.obj
cert_bronze_sword,,bronze_sword,scripts/_unpack/377/all.obj
cert_bronze_warhammer,,bronze_warhammer,scripts/_unpack/377/all.obj
cert_bronzecraftwire,,bronzecraftwire,scripts/_unpack/377/all.obj
cert_broodoo_combatshield,,broodoo_combatshield,scripts/_unpack/377/all.obj
cert_broodoo_combatshield_1,,broodoo_combatshield_1,scripts/_unpack/377/all.obj
cert_broodoo_combatshield_10,,broodoo_combatshield_10,scripts/_unpack/377/all.obj
cert_broodoo_combatshield_2,,broodoo_combatshield_2,scripts/_unpack/377/all.obj
cert_broodoo_combatshield_3,,broodoo_combatshield_3,scripts/_unpack/377/all.obj
cert_broodoo_combatshield_4,,broodoo_combatshield_4,scripts/_unpack/377/all.obj
cert_broodoo_combatshield_5,,broodoo_combatshield_5,scripts/_unpack/377/all.obj
cert_broodoo_combatshield_6,,broodoo_combatshield_6,scripts/_unpack/377/all.obj
cert_broodoo_combatshield_7,,broodoo_combatshield_7,scripts/_unpack/377/all.obj
cert_broodoo_combatshield_8,,broodoo_combatshield_8,scripts/_unpack/377/all.obj
cert_broodoo_combatshield_9,,broodoo_combatshield_9,scripts/_unpack/377/all.obj
cert_broodoo_diseaseshield,,broodoo_diseaseshield,scripts/_unpack/377/all.obj
cert_broodoo_diseaseshield_1,,broodoo_diseaseshield_1,scripts/_unpack/377/all.obj
cert_broodoo_diseaseshield_10,,broodoo_diseaseshield_10,scripts/_unpack/377/all.obj
cert_broodoo_diseaseshield_2,,broodoo_diseaseshield_2,scripts/_unpack/377/all.obj
cert_broodoo_diseaseshield_3,,broodoo_diseaseshield_3,scripts/_unpack/377/all.obj
cert_broodoo_diseaseshield_4,,broodoo_diseaseshield_4,scripts/_unpack/377/all.obj
cert_broodoo_diseaseshield_5,,broodoo_diseaseshield_5,scripts/_unpack/377/all.obj
cert_broodoo_diseaseshield_6,,broodoo_diseaseshield_6,scripts/_unpack/377/all.obj
cert_broodoo_diseaseshield_7,,broodoo_diseaseshield_7,scripts/_unpack/377/all.obj
cert_broodoo_diseaseshield_8,,broodoo_diseaseshield_8,scripts/_unpack/377/all.obj
cert_broodoo_diseaseshield_9,,broodoo_diseaseshield_9,scripts/_unpack/377/all.obj
cert_broodoo_poisonshield,,broodoo_poisonshield,scripts/_unpack/377/all.obj
cert_broodoo_poisonshield_1,,broodoo_poisonshield_1,scripts/_unpack/377/all.obj
cert_broodoo_poisonshield_10,,broodoo_poisonshield_10,scripts/_unpack/377/all.obj
cert_broodoo_poisonshield_2,,broodoo_poisonshield_2,scripts/_unpack/377/all.obj
cert_broodoo_poisonshield_3,,broodoo_poisonshield_3,scripts/_unpack/377/all.obj
cert_broodoo_poisonshield_4,,broodoo_poisonshield_4,scripts/_unpack/377/all.obj
cert_broodoo_poisonshield_5,,broodoo_poisonshield_5,scripts/_unpack/377/all.obj
cert_broodoo_poisonshield_6,,broodoo_poisonshield_6,scripts/_unpack/377/all.obj
cert_broodoo_poisonshield_7,,broodoo_poisonshield_7,scripts/_unpack/377/all.obj
cert_broodoo_poisonshield_8,,broodoo_poisonshield_8,scripts/_unpack/377/all.obj
cert_broodoo_poisonshield_9,,broodoo_poisonshield_9,scripts/_unpack/377/all.obj
cert_broodoomask_combat,,broodoomask_combat,scripts/_unpack/377/all.obj
cert_broodoomask_disease,,broodoomask_disease,scripts/_unpack/377/all.obj
cert_broodoomask_poison,,broodoomask_poison,scripts/_unpack/377/all.obj
cert_brown_apron,,brown_apron,scripts/_unpack/377/all.obj
cert_bucket_bailing,,bucket_bailing,scripts/_unpack/377/all.obj
cert_bucket_bailingfull,,bucket_bailingfull,scripts/_unpack/377/all.obj
cert_bucket_compost,,bucket_compost,scripts/_unpack/377/all.obj
cert_bucket_empty,,bucket_empty,scripts/_unpack/377/all.obj
cert_bucket_milk,,bucket_milk,scripts/_unpack/377/all.obj
cert_bucket_sand,,bucket_sand,scripts/_unpack/377/all.obj
cert_bucket_supercompost,,bucket_supercompost,scripts/_unpack/377/all.obj
cert_bucket_water,,bucket_water,scripts/_unpack/377/all.obj
cert_bucket_wax,,bucket_wax,scripts/_unpack/377/all.obj
cert_bullseye_lantern_empty,,bullseye_lantern_empty,scripts/_unpack/377/all.obj
cert_bullseye_lantern_lens,,bullseye_lantern_lens,scripts/_unpack/377/all.obj
cert_bullseye_lantern_nolens,,bullseye_lantern_nolens,scripts/_unpack/377/all.obj
cert_bullseye_lantern_unlit,,bullseye_lantern_unlit,scripts/_unpack/377/all.obj
cert_burgh_generalstore_crate,,burgh_generalstore_crate,scripts/_unpack/377/all.obj
cert_burgh_guthix_balance_1,,burgh_guthix_balance_1,scripts/_unpack/377/all.obj
cert_burgh_guthix_balance_2,,burgh_guthix_balance_2,scripts/_unpack/377/all.obj
cert_burgh_guthix_balance_3,,burgh_guthix_balance_3,scripts/_unpack/377/all.obj
cert_burgh_guthix_balance_4,,burgh_guthix_balance_4,scripts/_unpack/377/all.obj
cert_burgh_rubble_bucket_1,,burgh_rubble_bucket_1,scripts/_unpack/377/all.obj
cert_burgh_rubble_bucket_2,,burgh_rubble_bucket_2,scripts/_unpack/377/all.obj
cert_burgh_rubble_bucket_3,,burgh_rubble_bucket_3,scripts/_unpack/377/all.obj
cert_burgh_unfinished_guthix_balance_1,,burgh_unfinished_guthix_balance_1,scripts/_unpack/377/all.obj
cert_burgh_unfinished_guthix_balance_2,,burgh_unfinished_guthix_balance_2,scripts/_unpack/377/all.obj
cert_burgh_unfinished_guthix_balance_3,,burgh_unfinished_guthix_balance_3,scripts/_unpack/377/all.obj
cert_burgh_unfinished_guthix_balance_4,,burgh_unfinished_guthix_balance_4,scripts/_unpack/377/all.obj
cert_burnt_batta,,burnt_batta,scripts/_unpack/377/all.obj
cert_burnt_bread,,burnt_bread,scripts/_unpack/377/all.obj
cert_burnt_cake,,burnt_cake,scripts/_unpack/377/all.obj
cert_burnt_cave_eel,,burnt_cave_eel,scripts/_unpack/377/all.obj
cert_burnt_chicken,,burnt_chicken,scripts/_unpack/377/all.obj
cert_burnt_crunchies,,burnt_crunchies,scripts/_unpack/377/all.obj
cert_burnt_curry,,burnt_curry,scripts/_unpack/377/all.obj
cert_burnt_eel,,burnt_eel,scripts/_unpack/377/all.obj
cert_burnt_gnomebowl,,burnt_gnomebowl,scripts/_unpack/377/all.obj
cert_burnt_lobster,,burnt_lobster,scripts/_unpack/377/all.obj
cert_burnt_mantaray,,burnt_mantaray,scripts/_unpack/377/all.obj
cert_burnt_meat,,burnt_meat,scripts/_unpack/377/all.obj
cert_burnt_monkfish,,burnt_monkfish,scripts/_unpack/377/all.obj
cert_burnt_oomlie,,burnt_oomlie,scripts/_unpack/377/all.obj
cert_burnt_pie,,burnt_pie,scripts/_unpack/377/all.obj
cert_burnt_pitta_bread,,burnt_pitta_bread,scripts/_unpack/377/all.obj
cert_burnt_pizza,,burnt_pizza,scripts/_unpack/377/all.obj
cert_burnt_seaturtle,,burnt_seaturtle,scripts/_unpack/377/all.obj
cert_burnt_shark,,burnt_shark,scripts/_unpack/377/all.obj
cert_burnt_shrimp,,burnt_shrimp,scripts/_unpack/377/all.obj
cert_burnt_snail,,burnt_snail,scripts/_unpack/377/all.obj
cert_burnt_stew,,burnt_stew,scripts/_unpack/377/all.obj
cert_burnt_swordfish,,burnt_swordfish,scripts/_unpack/377/all.obj
cert_burnt_uw_oomlie,,burnt_uw_oomlie,scripts/_unpack/377/all.obj
cert_burntfish1,,burntfish1,scripts/_unpack/377/all.obj
cert_burntfish2,,burntfish2,scripts/_unpack/377/all.obj
cert_burntfish3,,burntfish3,scripts/_unpack/377/all.obj
cert_burntfish4,,burntfish4,scripts/_unpack/377/all.obj
cert_burntfish5,,burntfish5,scripts/_unpack/377/all.obj
cert_cabbage,,cabbage,scripts/_unpack/377/all.obj
cert_cactus_potato,,cactus_potato,scripts/_unpack/377/all.obj
cert_cactus_spine,,cactus_spine,scripts/_unpack/377/all.obj
cert_cadantine,,cadantine,scripts/_unpack/377/all.obj
cert_cadantinevial,,cadantinevial,scripts/_unpack/377/all.obj
cert_cadavaberries,,cadavaberries,scripts/_unpack/377/all.obj
cert_cake,,cake,scripts/_unpack/377/all.obj
cert_cake_slice,,cake_slice,scripts/_unpack/377/all.obj
cert_cake_tin,,cake_tin,scripts/_unpack/377/all.obj
cert_calquat_fruit,,calquat_fruit,scripts/_unpack/377/all.obj
cert_calquat_fruit_keg_empty,,calquat_fruit_keg_empty,scripts/_unpack/377/all.obj
cert_candle_lantern_black_unlit,,candle_lantern_black_unlit,scripts/_unpack/377/all.obj
cert_candle_lantern_empty,,candle_lantern_empty,scripts/_unpack/377/all.obj
cert_candle_lantern_unlit,,candle_lantern_unlit,scripts/_unpack/377/all.obj
cert_canoeing_paddle,,canoeing_paddle,scripts/_unpack/377/all.obj
cert_casket,,casket,scripts/_unpack/377/all.obj
cert_castlewars_bandages,,castlewars_bandages,scripts/minigames/game_castlewars/configs/castlewars.obj
cert_castlewars_barricade,,castlewars_barricade,scripts/minigames/game_castlewars/configs/castlewars.obj
cert_castlewars_catapult_rock,,castlewars_catapult_rock,scripts/minigames/game_castlewars/configs/castlewars.obj
cert_castlewars_climbing_rope,,castlewars_climbing_rope,scripts/minigames/game_castlewars/configs/castlewars.obj
cert_castlewars_explosives_potion,,castlewars_explosives_potion,scripts/minigames/game_castlewars/configs/castlewars.obj
cert_castlewars_saradomin_banner,,castlewars_saradomin_banner,scripts/minigames/game_castlewars/configs/castlewars.obj
cert_castlewars_toolkit,,castlewars_toolkit,scripts/minigames/game_castlewars/configs/castlewars.obj
cert_castlewars_zamorak_banner,,castlewars_zamorak_banner,scripts/minigames/game_castlewars/configs/castlewars.obj
cert_cavalier_black,,cavalier_black,scripts/_unpack/377/all.obj
cert_cavalier_brown,,cavalier_brown,scripts/_unpack/377/all.obj
cert_cavalier_dark,,cavalier_dark,scripts/_unpack/377/all.obj
cert_cave_eel,,cave_eel,scripts/_unpack/377/all.obj
cert_cave_goblin_bone_club,,cave_goblin_bone_club,scripts/_unpack/377/all.obj
cert_cave_goblin_bone_spear,,cave_goblin_bone_spear,scripts/_unpack/377/all.obj
cert_cave_goblin_mining_helmet_unlit,,cave_goblin_mining_helmet_unlit,scripts/_unpack/377/all.obj
cert_chaos_talisman,,chaos_talisman,scripts/skill_runecraft/configs/runecraft.obj
cert_charcoal,,charcoal,scripts/_unpack/377/all.obj
cert_cheese,,cheese,scripts/_unpack/377/all.obj
cert_chefs_delight,,chefs_delight,scripts/_unpack/377/all.obj
cert_chefs_hat,,chefs_hat,scripts/_unpack/377/all.obj
cert_chickenquest_cornflour,,chickenquest_cornflour,scripts/_unpack/377/all.obj
cert_chickenquest_pot_cornflour,,chickenquest_pot_cornflour,scripts/_unpack/377/all.obj
cert_chisel,,chisel,scripts/_unpack/377/all.obj
cert_chocchip_crunchies,,chocchip_crunchies,scripts/_unpack/377/all.obj
cert_chocolate_bar,,chocolate_bar,scripts/_unpack/377/all.obj
cert_chocolate_bomb,,chocolate_bomb,scripts/_unpack/377/all.obj
cert_chocolate_cake,,chocolate_cake,scripts/_unpack/377/all.obj
cert_chocolate_dust,,chocolate_dust,scripts/_unpack/377/all.obj
cert_chocolate_saturday,,chocolate_saturday,scripts/_unpack/377/all.obj
cert_chocolate_slice,,chocolate_slice,scripts/_unpack/377/all.obj
cert_chompy_bird_obj,Whoopsie,,scripts/_unpack/377/all.obj
cert_chompy_burned,,chompy_burned,scripts/_unpack/377/all.obj
cert_chompy_cooked,,chompy_cooked,scripts/_unpack/377/all.obj
cert_christmas_cracker,,christmas_cracker,scripts/_unpack/377/all.obj
cert_cider,,cider,scripts/_unpack/377/all.obj
cert_clay,,clay,scripts/_unpack/377/all.obj
cert_coal,,coal,scripts/_unpack/377/all.obj
cert_cocktail_glass_empty,,cocktail_glass_empty,scripts/_unpack/377/all.obj
cert_cocktail_guide,,cocktail_guide,scripts/_unpack/377/all.obj
cert_coconut,,coconut,scripts/_unpack/377/all.obj
cert_coconut_half,,coconut_half,scripts/_unpack/377/all.obj
cert_coconut_shell,,coconut_shell,scripts/_unpack/377/all.obj
cert_cod,,cod,scripts/_unpack/377/all.obj
cert_coif,,coif,scripts/_unpack/377/all.obj
cert_cooked_chicken,,cooked_chicken,scripts/_unpack/377/all.obj
cert_cooked_chicken_undead,,cooked_chicken_undead,scripts/_unpack/377/all.obj
cert_cooked_chompy,,cooked_chompy,scripts/_unpack/377/all.obj
cert_cooked_meat,,cooked_meat,scripts/_unpack/377/all.obj
cert_cooked_meat_undead,,cooked_meat_undead,scripts/_unpack/377/all.obj
cert_cooked_oomlie,,cooked_oomlie,scripts/_unpack/377/all.obj
cert_cooked_rabbit,,cooked_rabbit,scripts/_unpack/377/all.obj
cert_cooked_ugthanki_meat,,cooked_ugthanki_meat,scripts/_unpack/377/all.obj
cert_cooking_apple,,cooking_apple,scripts/_unpack/377/all.obj
cert_cooking_pot,,cooking_pot,scripts/_unpack/377/all.obj
cert_copper_ore,,copper_ore,scripts/_unpack/377/all.obj
cert_cosmic_talisman,,cosmic_talisman,scripts/skill_runecraft/configs/runecraft.obj
cert_cow_hide,,cow_hide,scripts/_unpack/377/all.obj
cert_crossbow,,crossbow,scripts/_unpack/377/all.obj
cert_crushed_bird_nest,,crushed_bird_nest,scripts/_unpack/377/all.obj
cert_crushed_gemstone,,crushed_gemstone,scripts/_unpack/377/all.obj
cert_crystal_key,,crystal_key,scripts/_unpack/377/all.obj
cert_crystal_seed_old,,crystal_seed_old,scripts/_unpack/377/all.obj
cert_cup_empty,,cup_empty,scripts/_unpack/377/all.obj
cert_cup_guthix_rest_1,,cup_guthix_rest_1,scripts/_unpack/377/all.obj
cert_cup_guthix_rest_2,,cup_guthix_rest_2,scripts/_unpack/377/all.obj
cert_cup_guthix_rest_3,,cup_guthix_rest_3,scripts/_unpack/377/all.obj
cert_cup_guthix_rest_4,,cup_guthix_rest_4,scripts/_unpack/377/all.obj
cert_cup_hot_water,,cup_hot_water,scripts/_unpack/377/all.obj
cert_cup_of_tea,,cup_of_tea,scripts/_unpack/377/all.obj
cert_cup_water,,cup_water,scripts/_unpack/377/all.obj
cert_curry,,curry,scripts/_unpack/377/all.obj
cert_curry_leaf,,curry_leaf,scripts/_unpack/377/all.obj
cert_dagannoth_king_bones,,dagannoth_king_bones,scripts/_unpack/377/all.obj
cert_daganoth_cave_magic_shortbow,,daganoth_cave_magic_shortbow,scripts/_unpack/377/all.obj
cert_dagganoth_hide,,dagganoth_hide,scripts/_unpack/377/all.obj
cert_dagganoth_mage_body,,dagganoth_mage_body,scripts/_unpack/377/all.obj
cert_dagganoth_mage_body_part,,dagganoth_mage_body_part,scripts/_unpack/377/all.obj
cert_dagganoth_mage_feet,,dagganoth_mage_feet,scripts/_unpack/377/all.obj
cert_dagganoth_mage_gloves,,dagganoth_mage_gloves,scripts/_unpack/377/all.obj
cert_dagganoth_mage_head_part,,dagganoth_mage_head_part,scripts/_unpack/377/all.obj
cert_dagganoth_mage_helm,,dagganoth_mage_helm,scripts/_unpack/377/all.obj
cert_dagganoth_mage_leg_part,,dagganoth_mage_leg_part,scripts/_unpack/377/all.obj
cert_dagganoth_mage_legs,,dagganoth_mage_legs,scripts/_unpack/377/all.obj
cert_dagganoth_melee_body,,dagganoth_melee_body,scripts/_unpack/377/all.obj
cert_dagganoth_melee_body_part,,dagganoth_melee_body_part,scripts/_unpack/377/all.obj
cert_dagganoth_melee_feet,,dagganoth_melee_feet,scripts/_unpack/377/all.obj
cert_dagganoth_melee_gloves,,dagganoth_melee_gloves,scripts/_unpack/377/all.obj
cert_dagganoth_melee_head_part,,dagganoth_melee_head_part,scripts/_unpack/377/all.obj
cert_dagganoth_melee_helm,,dagganoth_melee_helm,scripts/_unpack/377/all.obj
cert_dagganoth_melee_leg_part,,dagganoth_melee_leg_part,scripts/_unpack/377/all.obj
cert_dagganoth_melee_legs,,dagganoth_melee_legs,scripts/_unpack/377/all.obj
cert_dagganoth_range_body_part,,dagganoth_range_body_part,scripts/_unpack/377/all.obj
cert_dagganoth_range_feet,,dagganoth_range_feet,scripts/_unpack/377/all.obj
cert_dagganoth_range_gloves,,dagganoth_range_gloves,scripts/_unpack/377/all.obj
cert_dagganoth_range_head_part,,dagganoth_range_head_part,scripts/_unpack/377/all.obj
cert_dagganoth_range_leg_part,,dagganoth_range_leg_part,scripts/_unpack/377/all.obj
cert_dagganoth_ranged_body,,dagganoth_ranged_body,scripts/_unpack/377/all.obj
cert_dagganoth_ranged_helm,,dagganoth_ranged_helm,scripts/_unpack/377/all.obj
cert_dagganoth_ranged_legs,,dagganoth_ranged_legs,scripts/_unpack/377/all.obj
cert_damp_tinderbox,,damp_tinderbox,scripts/_unpack/377/all.obj
cert_death_climbingboots,,death_climbingboots,scripts/quests/quest_death/configs/death.obj
cert_death_spikedboots,,death_spikedboots,scripts/quests/quest_death/configs/death.obj
cert_death_talisman,,death_talisman,scripts/skill_runecraft/configs/runecraft.obj
cert_desert_boots,,desert_boots,scripts/_unpack/377/all.obj
cert_desert_robe,,desert_robe,scripts/_unpack/377/all.obj
cert_desert_shirt,,desert_shirt,scripts/_unpack/377/all.obj
cert_diamond,,diamond,scripts/_unpack/377/all.obj
cert_diamond_necklace,,diamond_necklace,scripts/_unpack/377/all.obj
cert_diamond_ring,,diamond_ring,scripts/_unpack/377/all.obj
cert_dibber,,dibber,scripts/_unpack/377/all.obj
cert_discofreturning,,discofreturning,scripts/_unpack/377/all.obj
cert_display_tea,Enjifern,,scripts/_unpack/377/all.obj
cert_doogleleaves,,doogleleaves,scripts/_unpack/377/all.obj
cert_dragon_2h_sword,,dragon_2h_sword,scripts/_unpack/377/all.obj
cert_dragon_axe,,dragon_axe,scripts/_unpack/377/all.obj
cert_dragon_battleaxe,,dragon_battleaxe,scripts/_unpack/377/all.obj
cert_dragon_bitter,,dragon_bitter,scripts/_unpack/377/all.obj
cert_dragon_bones,,dragon_bones,scripts/_unpack/377/all.obj
cert_dragon_chainbody,,dragon_chainbody,scripts/_unpack/377/all.obj
cert_dragon_dagger,,dragon_dagger,scripts/_unpack/377/all.obj
cert_dragon_dagger_p,,dragon_dagger_p,scripts/_unpack/377/all.obj
cert_dragon_halberd,,dragon_halberd,scripts/_unpack/377/all.obj
cert_dragon_leather,,dragon_leather,scripts/_unpack/377/all.obj
cert_dragon_leather_black,,dragon_leather_black,scripts/_unpack/377/all.obj
cert_dragon_leather_blue,,dragon_leather_blue,scripts/_unpack/377/all.obj
cert_dragon_leather_red,,dragon_leather_red,scripts/_unpack/377/all.obj
cert_dragon_longsword,,dragon_longsword,scripts/_unpack/377/all.obj
cert_dragon_mace,,dragon_mace,scripts/_unpack/377/all.obj
cert_dragon_med_helm,,dragon_med_helm,scripts/_unpack/377/all.obj
cert_dragon_platelegs,,dragon_platelegs,scripts/_unpack/377/all.obj
cert_dragon_plateskirt,,dragon_plateskirt,scripts/_unpack/377/all.obj
cert_dragon_scale_dust,,dragon_scale_dust,scripts/_unpack/377/all.obj
cert_dragon_scimitar,,dragon_scimitar,scripts/_unpack/377/all.obj
cert_dragon_spear,,dragon_spear,scripts/_unpack/377/all.obj
cert_dragon_spear_p,,dragon_spear_p,scripts/_unpack/377/all.obj
cert_dragon_sq_shield,,dragon_sq_shield,scripts/_unpack/377/all.obj
cert_dragon_vambraces,,dragon_vambraces,scripts/_unpack/377/all.obj
cert_dragonhide_black,,dragonhide_black,scripts/_unpack/377/all.obj
cert_dragonhide_blue,,dragonhide_blue,scripts/_unpack/377/all.obj
cert_dragonhide_body,,dragonhide_body,scripts/_unpack/377/all.obj
cert_dragonhide_body_trim,,dragonhide_body_trim,scripts/_unpack/377/all.obj
cert_dragonhide_body_trim_gold,,dragonhide_body_trim_gold,scripts/_unpack/377/all.obj
cert_dragonhide_chaps,,dragonhide_chaps,scripts/_unpack/377/all.obj
cert_dragonhide_chaps_trim,,dragonhide_chaps_trim,scripts/_unpack/377/all.obj
cert_dragonhide_chaps_trim_gold,,dragonhide_chaps_trim_gold,scripts/_unpack/377/all.obj
cert_dragonhide_green,,dragonhide_green,scripts/_unpack/377/all.obj
cert_dragonhide_red,,dragonhide_red,scripts/_unpack/377/all.obj
cert_dragonshield_a,,dragonshield_a,scripts/_unpack/377/all.obj
cert_dragonshield_b,,dragonshield_b,scripts/_unpack/377/all.obj
cert_dragonstone,,dragonstone,scripts/_unpack/377/all.obj
cert_dragonstone_necklace,,dragonstone_necklace,scripts/_unpack/377/all.obj
cert_dragonstone_ring,,dragonstone_ring,scripts/_unpack/377/all.obj
cert_drill_bottoms,Camo bottoms,,scripts/_unpack/377/all.obj
cert_drill_helm,Camo helmet,,scripts/_unpack/377/all.obj
cert_drill_top,Camo top,,scripts/_unpack/377/all.obj
cert_druidrobebottom,,druidrobebottom,scripts/_unpack/377/all.obj
cert_druidrobetop,,druidrobetop,scripts/_unpack/377/all.obj
cert_drunk_dragon,,drunk_dragon,scripts/_unpack/377/all.obj
cert_dwarf_jumper1,,dwarf_jumper1,scripts/_unpack/377/all.obj
cert_dwarf_jumper2,,dwarf_jumper2,scripts/_unpack/377/all.obj
cert_dwarf_jumper3,,dwarf_jumper3,scripts/_unpack/377/all.obj
cert_dwarf_quest_complete_icon,,dwarf_quest_complete_icon,scripts/_unpack/377/all.obj
cert_dwarf_shirt1,,dwarf_shirt1,scripts/_unpack/377/all.obj
cert_dwarf_shirt2,,dwarf_shirt2,scripts/_unpack/377/all.obj
cert_dwarf_shirt3,,dwarf_shirt3,scripts/_unpack/377/all.obj
cert_dwarf_shorts1,,dwarf_shorts1,scripts/_unpack/377/all.obj
cert_dwarf_shorts2,,dwarf_shorts2,scripts/_unpack/377/all.obj
cert_dwarf_shorts3,,dwarf_shorts3,scripts/_unpack/377/all.obj
cert_dwarf_skirt1,,dwarf_skirt1,scripts/_unpack/377/all.obj
cert_dwarf_skirt2,,dwarf_skirt2,scripts/_unpack/377/all.obj
cert_dwarf_skirt3,,dwarf_skirt3,scripts/_unpack/377/all.obj
cert_dwarf_trousers1,,dwarf_trousers1,scripts/_unpack/377/all.obj
cert_dwarf_trousers2,,dwarf_trousers2,scripts/_unpack/377/all.obj
cert_dwarf_trousers3,,dwarf_trousers3,scripts/_unpack/377/all.obj
cert_dwarf_weed,,dwarf_weed,scripts/_unpack/377/all.obj
cert_dwarfweedvial,,dwarfweedvial,scripts/_unpack/377/all.obj
cert_dwarven_stout,,dwarven_stout,scripts/_unpack/377/all.obj
cert_dwellberries,,dwellberries,scripts/_unpack/377/all.obj
cert_eadgar_fade_to_black_inv,Whoopsie,,scripts/_unpack/377/all.obj
cert_earth_battlestaff,,earth_battlestaff,scripts/_unpack/377/all.obj
cert_earth_orb,,earth_orb,scripts/_unpack/377/all.obj
cert_earth_talisman,,earth_talisman,scripts/skill_runecraft/configs/runecraft.obj
cert_easter_egg,,easter_egg,scripts/_unpack/377/all.obj
cert_ectotoken_2,Whoopsie,,scripts/_unpack/377/all.obj
cert_ectotoken_3,Whoopsie,,scripts/_unpack/377/all.obj
cert_edgevilledungeonkey,,edgevilledungeonkey,scripts/_unpack/377/all.obj
cert_edible_seaweed,,edible_seaweed,scripts/_unpack/377/all.obj
cert_egg,,egg,scripts/_unpack/377/all.obj
cert_elemental_shield,,elemental_shield,scripts/_unpack/377/all.obj
cert_elemental_talisman,,elemental_talisman,scripts/_unpack/377/all.obj
cert_elid_choc_ice,,elid_choc_ice,scripts/_unpack/377/all.obj
cert_elid_key_outline,Whoopsie,,scripts/_unpack/377/all.obj
cert_emerald,,emerald,scripts/_unpack/377/all.obj
cert_emerald_necklace,,emerald_necklace,scripts/_unpack/377/all.obj
cert_emerald_ring,,emerald_ring,scripts/_unpack/377/all.obj
cert_empty_dye_bottle,,empty_dye_bottle,scripts/_unpack/377/all.obj
cert_empty_fishfood_box,,empty_fishfood_box,scripts/_unpack/377/all.obj
cert_enakh_granite_medium,,enakh_granite_medium,scripts/_unpack/377/all.obj
cert_enakh_granite_small,,enakh_granite_small,scripts/_unpack/377/all.obj
cert_enakh_granite_tiny,,enakh_granite_tiny,scripts/_unpack/377/all.obj
cert_enakh_sandstone_large,,enakh_sandstone_large,scripts/_unpack/377/all.obj
cert_enakh_sandstone_medium,,enakh_sandstone_medium,scripts/_unpack/377/all.obj
cert_enakh_sandstone_small,,enakh_sandstone_small,scripts/_unpack/377/all.obj
cert_enakh_sandstone_tiny,,enakh_sandstone_tiny,scripts/_unpack/377/all.obj
cert_enchanted_hat,,enchanted_hat,scripts/_unpack/377/all.obj
cert_enchanted_onyx_amulet,,enchanted_onyx_amulet,scripts/_unpack/377/all.obj
cert_enchanted_onyx_ring,,enchanted_onyx_ring,scripts/_unpack/377/all.obj
cert_enchanted_robelegs,,enchanted_robelegs,scripts/_unpack/377/all.obj
cert_enchanted_robetop,,enchanted_robetop,scripts/_unpack/377/all.obj
cert_equa_leaves,,equa_leaves,scripts/_unpack/377/all.obj
cert_equa_toads_legs,,equa_toads_legs,scripts/_unpack/377/all.obj
cert_evil_bob_amulet_of_manspeak,Tax relief,,scripts/_unpack/377/all.obj
cert_evil_bob_cooked_fish_correct,Sine wave,,scripts/_unpack/377/all.obj
cert_evil_bob_cooked_fish_incorrect,Mobile phone,,scripts/_unpack/377/all.obj
cert_evil_bob_net,Sphinx baby,,scripts/_unpack/377/all.obj
cert_evil_bob_uncooked_fish_correct,Fishmonger,,scripts/_unpack/377/all.obj
cert_evil_bob_uncooked_fish_incorrect,9mm revolver,,scripts/_unpack/377/all.obj
cert_eye_of_newt,,eye_of_newt,scripts/_unpack/377/all.obj
cert_eye_patch,,eye_patch,scripts/_unpack/377/all.obj
cert_fade_to_black_inv,Whoopsie,,scripts/_unpack/377/all.obj
cert_farmers_fork,,farmers_fork,scripts/_unpack/377/all.obj
cert_favour_airtight_pot,,favour_airtight_pot,scripts/_unpack/377/all.obj
cert_favour_cup_guam,,favour_cup_guam,scripts/_unpack/377/all.obj
cert_favour_cup_guam_guam,,favour_cup_guam_guam,scripts/_unpack/377/all.obj
cert_favour_cup_guam_guam_harralander,,favour_cup_guam_guam_harralander,scripts/_unpack/377/all.obj
cert_favour_cup_guam_guam_marrentill,,favour_cup_guam_guam_marrentill,scripts/_unpack/377/all.obj
cert_favour_cup_guam_marrentill,,favour_cup_guam_marrentill,scripts/_unpack/377/all.obj
cert_favour_cup_harralander,,favour_cup_harralander,scripts/_unpack/377/all.obj
cert_favour_cup_harralander_guam,,favour_cup_harralander_guam,scripts/_unpack/377/all.obj
cert_favour_cup_harralander_marrentill,,favour_cup_harralander_marrentill,scripts/_unpack/377/all.obj
cert_favour_cup_harralander_marrentill_guam,,favour_cup_harralander_marrentill_guam,scripts/_unpack/377/all.obj
cert_favour_cup_marrentill,,favour_cup_marrentill,scripts/_unpack/377/all.obj
cert_favour_default_key_outline,Whoopsie,,scripts/_unpack/377/all.obj
cert_favour_dummy_key,Whoopsie,,scripts/_unpack/377/all.obj
cert_favour_herbtea_ruined,,favour_herbtea_ruined,scripts/_unpack/377/all.obj
cert_favour_shade_key_outline,Whoopsie,,scripts/_unpack/377/all.obj
cert_favour_troll_key_outline,Whoopsie,,scripts/_unpack/377/all.obj
cert_fd_crushed_garlic,,fd_crushed_garlic,scripts/_unpack/377/all.obj
cert_felinemedal,,felinemedal,scripts/_unpack/377/all.obj
cert_feud_karidian_fakebeard,,feud_karidian_fakebeard,scripts/_unpack/377/all.obj
cert_feud_karidian_fakebeard_and_hat,,feud_karidian_fakebeard_and_hat,scripts/_unpack/377/all.obj
cert_feud_karidian_turban,,feud_karidian_turban,scripts/_unpack/377/all.obj
cert_fine_cloth,,fine_cloth,scripts/_unpack/377/all.obj
cert_fire_battlestaff,,fire_battlestaff,scripts/_unpack/377/all.obj
cert_fire_orb,,fire_orb,scripts/_unpack/377/all.obj
cert_fire_talisman,,fire_talisman,scripts/skill_runecraft/configs/runecraft.obj
cert_firework,,firework,scripts/_unpack/377/all.obj
cert_fish_food,,fish_food,scripts/_unpack/377/all.obj
cert_fish_pie,,fish_pie,scripts/_unpack/377/all.obj
cert_fishbowl_empty,,fishbowl_empty,scripts/_unpack/377/all.obj
cert_fishing_rod,,fishing_rod,scripts/_unpack/377/all.obj
cert_fishing_spot_icon_dummy,Whoopsie,,scripts/_unpack/377/all.obj
cert_flamtaer_hammer,,flamtaer_hammer,scripts/_unpack/377/all.obj
cert_flax,,flax,scripts/_unpack/377/all.obj
cert_flier,,flier,scripts/_unpack/377/all.obj
cert_flowers_waterfall_quest,,flowers_waterfall_quest,scripts/_unpack/377/all.obj
cert_flowers_waterfall_quest_black,,flowers_waterfall_quest_black,scripts/_unpack/377/all.obj
cert_flowers_waterfall_quest_blue,,flowers_waterfall_quest_blue,scripts/_unpack/377/all.obj
cert_flowers_waterfall_quest_mixed,,flowers_waterfall_quest_mixed,scripts/_unpack/377/all.obj
cert_flowers_waterfall_quest_orange,,flowers_waterfall_quest_orange,scripts/_unpack/377/all.obj
cert_flowers_waterfall_quest_purple,,flowers_waterfall_quest_purple,scripts/_unpack/377/all.obj
cert_flowers_waterfall_quest_red,,flowers_waterfall_quest_red,scripts/_unpack/377/all.obj
cert_flowers_waterfall_quest_white,,flowers_waterfall_quest_white,scripts/_unpack/377/all.obj
cert_flowers_waterfall_quest_yellow,,flowers_waterfall_quest_yellow,scripts/_unpack/377/all.obj
cert_fly_fishing_rod,,fly_fishing_rod,scripts/_unpack/377/all.obj
cert_fruit_batta,,fruit_batta,scripts/_unpack/377/all.obj
cert_fruit_batta_lime,,fruit_batta_lime,scripts/_unpack/377/all.obj
cert_fruit_batta_limeorange,,fruit_batta_limeorange,scripts/_unpack/377/all.obj
cert_fruit_batta_limepineapple,,fruit_batta_limepineapple,scripts/_unpack/377/all.obj
cert_fruit_batta_orange,,fruit_batta_orange,scripts/_unpack/377/all.obj
cert_fruit_batta_orangepineapple,,fruit_batta_orangepineapple,scripts/_unpack/377/all.obj
cert_fruit_batta_pineapple,,fruit_batta_pineapple,scripts/_unpack/377/all.obj
cert_fruit_blast,,fruit_blast,scripts/_unpack/377/all.obj
cert_fruitless_batta,,fruitless_batta,scripts/_unpack/377/all.obj
cert_fur,,fur,scripts/_unpack/377/all.obj
cert_furnace_icon_dummy,Whoopsie,,scripts/_unpack/377/all.obj
cert_gadderanks_warhammer,,gadderanks_warhammer,scripts/_unpack/377/all.obj
cert_garden_pie,,garden_pie,scripts/_unpack/377/all.obj
cert_gardening_boots,,gardening_boots,scripts/_unpack/377/all.obj
cert_gardening_trowel,,gardening_trowel,scripts/_unpack/377/all.obj
cert_garlic,,garlic,scripts/_unpack/377/all.obj
cert_general_store_icon_dummy,Whoopsie,,scripts/_unpack/377/all.obj
cert_gianne_dough,,gianne_dough,scripts/_unpack/377/all.obj
cert_giannes_cook_book,,giannes_cook_book,scripts/_unpack/377/all.obj
cert_giant_frog_legs,,giant_frog_legs,scripts/_unpack/377/all.obj
cert_gin,,gin,scripts/_unpack/377/all.obj
cert_glassblowingpipe,,glassblowingpipe,scripts/_unpack/377/all.obj
cert_gnome_boots_blue,,gnome_boots_blue,scripts/_unpack/377/all.obj
cert_gnome_boots_cream,,gnome_boots_cream,scripts/_unpack/377/all.obj
cert_gnome_boots_green,,gnome_boots_green,scripts/_unpack/377/all.obj
cert_gnome_boots_pink,,gnome_boots_pink,scripts/_unpack/377/all.obj
cert_gnome_boots_turquoise,,gnome_boots_turquoise,scripts/_unpack/377/all.obj
cert_gnome_hat_blue,,gnome_hat_blue,scripts/_unpack/377/all.obj
cert_gnome_hat_cream,,gnome_hat_cream,scripts/_unpack/377/all.obj
cert_gnome_hat_green,,gnome_hat_green,scripts/_unpack/377/all.obj
cert_gnome_hat_pink,,gnome_hat_pink,scripts/_unpack/377/all.obj
cert_gnome_hat_turquoise,,gnome_hat_turquoise,scripts/_unpack/377/all.obj
cert_gnome_robebottoms_blue,,gnome_robebottoms_blue,scripts/_unpack/377/all.obj
cert_gnome_robebottoms_cream,,gnome_robebottoms_cream,scripts/_unpack/377/all.obj
cert_gnome_robebottoms_green,,gnome_robebottoms_green,scripts/_unpack/377/all.obj
cert_gnome_robebottoms_pink,,gnome_robebottoms_pink,scripts/_unpack/377/all.obj
cert_gnome_robebottoms_turquoise,,gnome_robebottoms_turquoise,scripts/_unpack/377/all.obj
cert_gnome_robetop_blue,,gnome_robetop_blue,scripts/_unpack/377/all.obj
cert_gnome_robetop_cream,,gnome_robetop_cream,scripts/_unpack/377/all.obj
cert_gnome_robetop_green,,gnome_robetop_green,scripts/_unpack/377/all.obj
cert_gnome_robetop_pink,,gnome_robetop_pink,scripts/_unpack/377/all.obj
cert_gnome_robetop_turquoise,,gnome_robetop_turquoise,scripts/_unpack/377/all.obj
cert_gnome_spice,,gnome_spice,scripts/_unpack/377/all.obj
cert_goblin_armour,,goblin_armour,scripts/_unpack/377/all.obj
cert_gold_bar,,gold_bar,scripts/_unpack/377/all.obj
cert_gold_necklace,,gold_necklace,scripts/_unpack/377/all.obj
cert_gold_ore,,gold_ore,scripts/_unpack/377/all.obj
cert_gold_ring,,gold_ring,scripts/_unpack/377/all.obj
cert_grain,,grain,scripts/_unpack/377/all.obj
cert_granite_legs,,granite_legs,scripts/_unpack/377/all.obj
cert_granite_maul,,granite_maul,scripts/_unpack/377/all.obj
cert_granite_shield,,granite_shield,scripts/_unpack/377/all.obj
cert_grapes,,grapes,scripts/_unpack/377/all.obj
cert_green_cape,,green_cape,scripts/_unpack/377/all.obj
cert_green_partyhat,,green_partyhat,scripts/_unpack/377/all.obj
cert_greendye,,greendye,scripts/_unpack/377/all.obj
cert_greenmans_ale,,greenmans_ale,scripts/_unpack/377/all.obj
cert_grey_wolf_fur,,grey_wolf_fur,scripts/_unpack/377/all.obj
cert_grip_keys,Pretty girl,,scripts/_unpack/377/all.obj
cert_grog,,grog,scripts/_unpack/377/all.obj
cert_ground_bat_bones,,ground_bat_bones,scripts/_unpack/377/all.obj
cert_ground_charcoal,Firestarter,,scripts/_unpack/377/all.obj
cert_ground_guam,,ground_guam,scripts/_unpack/377/all.obj
cert_ground_seaweed,,ground_seaweed,scripts/_unpack/377/all.obj
cert_guam_fishfood_box,Guam in a box?,,scripts/_unpack/377/all.obj
cert_guam_leaf,,guam_leaf,scripts/_unpack/377/all.obj
cert_guamvial,,guamvial,scripts/_unpack/377/all.obj
cert_guide_icon_dummy,Whoopsie,,scripts/_unpack/377/all.obj
cert_halberd,,halberd,scripts/_unpack/377/all.obj
cert_half_a_meat_pie,,half_a_meat_pie,scripts/_unpack/377/all.obj
cert_half_a_redberry_pie,,half_a_redberry_pie,scripts/_unpack/377/all.obj
cert_half_admiral_pie,,half_admiral_pie,scripts/_unpack/377/all.obj
cert_half_an_apple_pie,,half_an_apple_pie,scripts/_unpack/377/all.obj
cert_half_anchovie_pizza,,half_anchovie_pizza,scripts/_unpack/377/all.obj
cert_half_fish_pie,,half_fish_pie,scripts/_unpack/377/all.obj
cert_half_full_wine_jug,,half_full_wine_jug,scripts/_unpack/377/all.obj
cert_half_garden_pie,,half_garden_pie,scripts/_unpack/377/all.obj
cert_half_meat_pizza,,half_meat_pizza,scripts/_unpack/377/all.obj
cert_half_pineapple_pizza,,half_pineapple_pizza,scripts/_unpack/377/all.obj
cert_half_plain_pizza,,half_plain_pizza,scripts/_unpack/377/all.obj
cert_half_summer_pie,,half_summer_pie,scripts/_unpack/377/all.obj
cert_half_wild_pie,,half_wild_pie,scripts/_unpack/377/all.obj
cert_halloweenmask_blue,,halloweenmask_blue,scripts/_unpack/377/all.obj
cert_halloweenmask_green,,halloweenmask_green,scripts/_unpack/377/all.obj
cert_halloweenmask_red,,halloweenmask_red,scripts/_unpack/377/all.obj
cert_ham_badge,,ham_badge,scripts/_unpack/377/all.obj
cert_ham_boots,,ham_boots,scripts/_unpack/377/all.obj
cert_ham_cloak,,ham_cloak,scripts/_unpack/377/all.obj
cert_ham_gloves,,ham_gloves,scripts/_unpack/377/all.obj
cert_ham_hood,,ham_hood,scripts/_unpack/377/all.obj
cert_ham_robe,,ham_robe,scripts/_unpack/377/all.obj
cert_ham_shirt,,ham_shirt,scripts/_unpack/377/all.obj
cert_hammer,,hammer,scripts/_unpack/377/all.obj
cert_hammerstone_hops,,hammerstone_hops,scripts/_unpack/377/all.obj
cert_handsand_pink_cape,,handsand_pink_cape,scripts/_unpack/377/all.obj
cert_hard_leather,,hard_leather,scripts/_unpack/377/all.obj
cert_hardleather_body,,hardleather_body,scripts/_unpack/377/all.obj
cert_harpoon,,harpoon,scripts/_unpack/377/all.obj
cert_harralander,,harralander,scripts/_unpack/377/all.obj
cert_harralandervial,,harralandervial,scripts/_unpack/377/all.obj
cert_headband_black,,headband_black,scripts/_unpack/377/all.obj
cert_headband_brown,,headband_brown,scripts/_unpack/377/all.obj
cert_headband_red,,headband_red,scripts/_unpack/377/all.obj
cert_herring,,herring,scripts/_unpack/377/all.obj
cert_highwayman_mask,Whoopsie,,scripts/_unpack/377/all.obj
cert_highwaymanmask,,highwaymanmask,scripts/_unpack/377/all.obj
cert_hollow_bark,,hollow_bark,scripts/_unpack/377/all.obj
cert_holy_symbol_mould,,holy_symbol_mould,scripts/_unpack/377/all.obj
cert_horsey_black,,horsey_black,scripts/_unpack/377/all.obj
cert_horsey_brown,,horsey_brown,scripts/_unpack/377/all.obj
cert_horsey_grey,,horsey_grey,scripts/_unpack/377/all.obj
cert_horsey_white,,horsey_white,scripts/_unpack/377/all.obj
cert_hundred_cleaver,,hundred_cleaver,scripts/_unpack/377/all.obj
cert_hundred_frying_pan,,hundred_frying_pan,scripts/_unpack/377/all.obj
cert_hundred_hammer,,hundred_hammer,scripts/_unpack/377/all.obj
cert_hundred_knife,,hundred_knife,scripts/_unpack/377/all.obj
cert_hundred_pirate_giant_crab_meat,Crab meat,,scripts/_unpack/377/all.obj
cert_hundred_pirate_giant_crab_meat_5,,hundred_pirate_giant_crab_meat_5,scripts/_unpack/377/all.obj
cert_hundred_rollingpin,,hundred_rollingpin,scripts/_unpack/377/all.obj
cert_hundred_skewer,,hundred_skewer,scripts/_unpack/377/all.obj
cert_hundred_spatula,,hundred_spatula,scripts/_unpack/377/all.obj
cert_hundred_spoon,,hundred_spoon,scripts/_unpack/377/all.obj
cert_hundred_spork,,hundred_spork,scripts/_unpack/377/all.obj
cert_hundred_whisk,,hundred_whisk,scripts/_unpack/377/all.obj
cert_ics_little_linen,,ics_little_linen,scripts/_unpack/377/all.obj
cert_ics_little_pileofsalt,,ics_little_pileofsalt,scripts/_unpack/377/all.obj
cert_ics_little_sap_bucket,,ics_little_sap_bucket,scripts/_unpack/377/all.obj
cert_incomplete_pizza,,incomplete_pizza,scripts/_unpack/377/all.obj
cert_insect_repellent,,insect_repellent,scripts/_unpack/377/all.obj
cert_intelligence_report,,intelligence_report,scripts/_unpack/377/all.obj
cert_irit_leaf,,irit_leaf,scripts/_unpack/377/all.obj
cert_iritvial,,iritvial,scripts/_unpack/377/all.obj
cert_iron_2h_sword,,iron_2h_sword,scripts/_unpack/377/all.obj
cert_iron_armoured_boots,,iron_armoured_boots,scripts/_unpack/377/all.obj
cert_iron_axe,,iron_axe,scripts/_unpack/377/all.obj
cert_iron_bar,,iron_bar,scripts/_unpack/377/all.obj
cert_iron_battleaxe,,iron_battleaxe,scripts/_unpack/377/all.obj
cert_iron_chainbody,,iron_chainbody,scripts/_unpack/377/all.obj
cert_iron_claws,,iron_claws,scripts/_unpack/377/all.obj
cert_iron_dagger,,iron_dagger,scripts/_unpack/377/all.obj
cert_iron_dagger_p,,iron_dagger_p,scripts/_unpack/377/all.obj
cert_iron_full_helm,,iron_full_helm,scripts/_unpack/377/all.obj
cert_iron_halberd,,iron_halberd,scripts/_unpack/377/all.obj
cert_iron_kiteshield,,iron_kiteshield,scripts/_unpack/377/all.obj
cert_iron_longsword,,iron_longsword,scripts/_unpack/377/all.obj
cert_iron_mace,,iron_mace,scripts/_unpack/377/all.obj
cert_iron_med_helm,,iron_med_helm,scripts/_unpack/377/all.obj
cert_iron_ore,,iron_ore,scripts/_unpack/377/all.obj
cert_iron_pickaxe,,iron_pickaxe,scripts/_unpack/377/all.obj
cert_iron_platebody,,iron_platebody,scripts/_unpack/377/all.obj
cert_iron_platelegs,,iron_platelegs,scripts/_unpack/377/all.obj
cert_iron_plateskirt,,iron_plateskirt,scripts/_unpack/377/all.obj
cert_iron_scimitar,,iron_scimitar,scripts/_unpack/377/all.obj
cert_iron_sickle,,iron_sickle,scripts/_unpack/377/all.obj
cert_iron_spear,,iron_spear,scripts/_unpack/377/all.obj
cert_iron_spear_p,,iron_spear_p,scripts/_unpack/377/all.obj
cert_iron_sq_shield,,iron_sq_shield,scripts/_unpack/377/all.obj
cert_iron_sword,,iron_sword,scripts/_unpack/377/all.obj
cert_iron_warhammer,,iron_warhammer,scripts/_unpack/377/all.obj
cert_jade,,jade,scripts/_unpack/377/all.obj
cert_jangerberries,,jangerberries,scripts/_unpack/377/all.obj
cert_javelin,,javelin,scripts/_unpack/377/all.obj
cert_jug_bad_wine,,jug_bad_wine,scripts/_unpack/377/all.obj
cert_jug_empty,,jug_empty,scripts/_unpack/377/all.obj
cert_jug_unfermented_wine,,jug_unfermented_wine,scripts/_unpack/377/all.obj
cert_jug_water,,jug_water,scripts/_unpack/377/all.obj
cert_jug_wine,,jug_wine,scripts/_unpack/377/all.obj
cert_jute_fibre,,jute_fibre,scripts/_unpack/377/all.obj
cert_kebab,,kebab,scripts/_unpack/377/all.obj
cert_keg_asgarnian_ale_1,,keg_asgarnian_ale_1,scripts/_unpack/377/all.obj
cert_keg_asgarnian_ale_2,,keg_asgarnian_ale_2,scripts/_unpack/377/all.obj
cert_keg_asgarnian_ale_3,,keg_asgarnian_ale_3,scripts/_unpack/377/all.obj
cert_keg_asgarnian_ale_4,,keg_asgarnian_ale_4,scripts/_unpack/377/all.obj
cert_keg_axemans_folly_1,,keg_axemans_folly_1,scripts/_unpack/377/all.obj
cert_keg_axemans_folly_2,,keg_axemans_folly_2,scripts/_unpack/377/all.obj
cert_keg_axemans_folly_3,,keg_axemans_folly_3,scripts/_unpack/377/all.obj
cert_keg_axemans_folly_4,,keg_axemans_folly_4,scripts/_unpack/377/all.obj
cert_keg_chefs_delight_1,,keg_chefs_delight_1,scripts/_unpack/377/all.obj
cert_keg_chefs_delight_2,,keg_chefs_delight_2,scripts/_unpack/377/all.obj
cert_keg_chefs_delight_3,,keg_chefs_delight_3,scripts/_unpack/377/all.obj
cert_keg_chefs_delight_4,,keg_chefs_delight_4,scripts/_unpack/377/all.obj
cert_keg_cider_1,,keg_cider_1,scripts/_unpack/377/all.obj
cert_keg_cider_2,,keg_cider_2,scripts/_unpack/377/all.obj
cert_keg_cider_3,,keg_cider_3,scripts/_unpack/377/all.obj
cert_keg_cider_4,,keg_cider_4,scripts/_unpack/377/all.obj
cert_keg_dragon_bitter_1,,keg_dragon_bitter_1,scripts/_unpack/377/all.obj
cert_keg_dragon_bitter_2,,keg_dragon_bitter_2,scripts/_unpack/377/all.obj
cert_keg_dragon_bitter_3,,keg_dragon_bitter_3,scripts/_unpack/377/all.obj
cert_keg_dragon_bitter_4,,keg_dragon_bitter_4,scripts/_unpack/377/all.obj
cert_keg_dwarven_stout_1,,keg_dwarven_stout_1,scripts/_unpack/377/all.obj
cert_keg_dwarven_stout_2,,keg_dwarven_stout_2,scripts/_unpack/377/all.obj
cert_keg_dwarven_stout_3,,keg_dwarven_stout_3,scripts/_unpack/377/all.obj
cert_keg_dwarven_stout_4,,keg_dwarven_stout_4,scripts/_unpack/377/all.obj
cert_keg_greenmans_ale_1,,keg_greenmans_ale_1,scripts/_unpack/377/all.obj
cert_keg_greenmans_ale_2,,keg_greenmans_ale_2,scripts/_unpack/377/all.obj
cert_keg_greenmans_ale_3,,keg_greenmans_ale_3,scripts/_unpack/377/all.obj
cert_keg_greenmans_ale_4,,keg_greenmans_ale_4,scripts/_unpack/377/all.obj
cert_keg_mature_asgarnian_ale_1,,keg_mature_asgarnian_ale_1,scripts/_unpack/377/all.obj
cert_keg_mature_asgarnian_ale_2,,keg_mature_asgarnian_ale_2,scripts/_unpack/377/all.obj
cert_keg_mature_asgarnian_ale_3,,keg_mature_asgarnian_ale_3,scripts/_unpack/377/all.obj
cert_keg_mature_asgarnian_ale_4,,keg_mature_asgarnian_ale_4,scripts/_unpack/377/all.obj
cert_keg_mature_axemans_folly_1,,keg_mature_axemans_folly_1,scripts/_unpack/377/all.obj
cert_keg_mature_axemans_folly_2,,keg_mature_axemans_folly_2,scripts/_unpack/377/all.obj
cert_keg_mature_axemans_folly_3,,keg_mature_axemans_folly_3,scripts/_unpack/377/all.obj
cert_keg_mature_axemans_folly_4,,keg_mature_axemans_folly_4,scripts/_unpack/377/all.obj
cert_keg_mature_chefs_delight_1,,keg_mature_chefs_delight_1,scripts/_unpack/377/all.obj
cert_keg_mature_chefs_delight_2,,keg_mature_chefs_delight_2,scripts/_unpack/377/all.obj
cert_keg_mature_chefs_delight_3,,keg_mature_chefs_delight_3,scripts/_unpack/377/all.obj
cert_keg_mature_chefs_delight_4,,keg_mature_chefs_delight_4,scripts/_unpack/377/all.obj
cert_keg_mature_cider_1,,keg_mature_cider_1,scripts/_unpack/377/all.obj
cert_keg_mature_cider_2,,keg_mature_cider_2,scripts/_unpack/377/all.obj
cert_keg_mature_cider_3,,keg_mature_cider_3,scripts/_unpack/377/all.obj
cert_keg_mature_cider_4,,keg_mature_cider_4,scripts/_unpack/377/all.obj
cert_keg_mature_dragon_bitter_1,,keg_mature_dragon_bitter_1,scripts/_unpack/377/all.obj
cert_keg_mature_dragon_bitter_2,,keg_mature_dragon_bitter_2,scripts/_unpack/377/all.obj
cert_keg_mature_dragon_bitter_3,,keg_mature_dragon_bitter_3,scripts/_unpack/377/all.obj
cert_keg_mature_dragon_bitter_4,,keg_mature_dragon_bitter_4,scripts/_unpack/377/all.obj
cert_keg_mature_dwarven_stout_1,,keg_mature_dwarven_stout_1,scripts/_unpack/377/all.obj
cert_keg_mature_dwarven_stout_2,,keg_mature_dwarven_stout_2,scripts/_unpack/377/all.obj
cert_keg_mature_dwarven_stout_3,,keg_mature_dwarven_stout_3,scripts/_unpack/377/all.obj
cert_keg_mature_dwarven_stout_4,,keg_mature_dwarven_stout_4,scripts/_unpack/377/all.obj
cert_keg_mature_greenmans_ale_1,,keg_mature_greenmans_ale_1,scripts/_unpack/377/all.obj
cert_keg_mature_greenmans_ale_2,,keg_mature_greenmans_ale_2,scripts/_unpack/377/all.obj
cert_keg_mature_greenmans_ale_3,,keg_mature_greenmans_ale_3,scripts/_unpack/377/all.obj
cert_keg_mature_greenmans_ale_4,,keg_mature_greenmans_ale_4,scripts/_unpack/377/all.obj
cert_keg_mature_moonlight_mead_1,,keg_mature_moonlight_mead_1,scripts/_unpack/377/all.obj
cert_keg_mature_moonlight_mead_2,,keg_mature_moonlight_mead_2,scripts/_unpack/377/all.obj
cert_keg_mature_moonlight_mead_3,,keg_mature_moonlight_mead_3,scripts/_unpack/377/all.obj
cert_keg_mature_moonlight_mead_4,,keg_mature_moonlight_mead_4,scripts/_unpack/377/all.obj
cert_keg_mature_slayers_respite_1,,keg_mature_slayers_respite_1,scripts/_unpack/377/all.obj
cert_keg_mature_slayers_respite_2,,keg_mature_slayers_respite_2,scripts/_unpack/377/all.obj
cert_keg_mature_slayers_respite_3,,keg_mature_slayers_respite_3,scripts/_unpack/377/all.obj
cert_keg_mature_slayers_respite_4,,keg_mature_slayers_respite_4,scripts/_unpack/377/all.obj
cert_keg_mature_wizards_mind_bomb_1,,keg_mature_wizards_mind_bomb_1,scripts/_unpack/377/all.obj
cert_keg_mature_wizards_mind_bomb_2,,keg_mature_wizards_mind_bomb_2,scripts/_unpack/377/all.obj
cert_keg_mature_wizards_mind_bomb_3,,keg_mature_wizards_mind_bomb_3,scripts/_unpack/377/all.obj
cert_keg_mature_wizards_mind_bomb_4,,keg_mature_wizards_mind_bomb_4,scripts/_unpack/377/all.obj
cert_keg_moonlight_mead_1,,keg_moonlight_mead_1,scripts/_unpack/377/all.obj
cert_keg_moonlight_mead_2,,keg_moonlight_mead_2,scripts/_unpack/377/all.obj
cert_keg_moonlight_mead_3,,keg_moonlight_mead_3,scripts/_unpack/377/all.obj
cert_keg_moonlight_mead_4,,keg_moonlight_mead_4,scripts/_unpack/377/all.obj
cert_keg_of_beer,,keg_of_beer,scripts/_unpack/377/all.obj
cert_keg_slayers_respite_1,,keg_slayers_respite_1,scripts/_unpack/377/all.obj
cert_keg_slayers_respite_2,,keg_slayers_respite_2,scripts/_unpack/377/all.obj
cert_keg_slayers_respite_3,,keg_slayers_respite_3,scripts/_unpack/377/all.obj
cert_keg_slayers_respite_4,,keg_slayers_respite_4,scripts/_unpack/377/all.obj
cert_keg_wizards_mind_bomb_1,,keg_wizards_mind_bomb_1,scripts/_unpack/377/all.obj
cert_keg_wizards_mind_bomb_2,,keg_wizards_mind_bomb_2,scripts/_unpack/377/all.obj
cert_keg_wizards_mind_bomb_3,,keg_wizards_mind_bomb_3,scripts/_unpack/377/all.obj
cert_keg_wizards_mind_bomb_4,,keg_wizards_mind_bomb_4,scripts/_unpack/377/all.obj
cert_keyhalf1,,keyhalf1,scripts/_unpack/377/all.obj
cert_keyhalf2,,keyhalf2,scripts/_unpack/377/all.obj
cert_king_worm,,king_worm,scripts/_unpack/377/all.obj
cert_knife,,knife,scripts/_unpack/377/all.obj
cert_krandorian_hops,,krandorian_hops,scripts/_unpack/377/all.obj
cert_kwuarm,,kwuarm,scripts/_unpack/377/all.obj
cert_kwuarmvial,,kwuarmvial,scripts/_unpack/377/all.obj
cert_lantadyme,,lantadyme,scripts/_unpack/377/all.obj
cert_lantadymevial,,lantadymevial,scripts/_unpack/377/all.obj
cert_lava_battlestaff,,lava_battlestaff,scripts/_unpack/377/all.obj
cert_law_talisman,Rotten net,,scripts/skill_runecraft/configs/runecraft.obj
cert_leather,,leather,scripts/_unpack/377/all.obj
cert_leather_armour,,leather_armour,scripts/_unpack/377/all.obj
cert_leather_boots,,leather_boots,scripts/_unpack/377/all.obj
cert_leather_chaps,,leather_chaps,scripts/_unpack/377/all.obj
cert_leather_cowl,,leather_cowl,scripts/_unpack/377/all.obj
cert_leather_gloves,,leather_gloves,scripts/_unpack/377/all.obj
cert_leather_vambraces,,leather_vambraces,scripts/_unpack/377/all.obj
cert_leaves,,leaves,scripts/_unpack/377/all.obj
cert_leaves_magic,,leaves_magic,scripts/_unpack/377/all.obj
cert_leaves_maple,,leaves_maple,scripts/_unpack/377/all.obj
cert_leaves_oak,,leaves_oak,scripts/_unpack/377/all.obj
cert_leaves_willow,,leaves_willow,scripts/_unpack/377/all.obj
cert_leaves_yew,,leaves_yew,scripts/_unpack/377/all.obj
cert_lemon,,lemon,scripts/_unpack/377/all.obj
cert_lemon_chunks,,lemon_chunks,scripts/_unpack/377/all.obj
cert_lemon_slices,,lemon_slices,scripts/_unpack/377/all.obj
cert_lime,,lime,scripts/_unpack/377/all.obj
cert_lime_chunks,,lime_chunks,scripts/_unpack/377/all.obj
cert_lime_slices,,lime_slices,scripts/_unpack/377/all.obj
cert_limestone,,limestone,scripts/_unpack/377/all.obj
cert_limestonebrick,,limestonebrick,scripts/_unpack/377/all.obj
cert_limpwurt_root,,limpwurt_root,scripts/_unpack/377/all.obj
cert_lit_candle,Lit candle,,scripts/_unpack/377/all.obj
cert_lobster,,lobster,scripts/_unpack/377/all.obj
cert_lobster_pot,,lobster_pot,scripts/_unpack/377/all.obj
cert_lockpick,,lockpick,scripts/_unpack/377/all.obj
cert_logs,,logs,scripts/_unpack/377/all.obj
cert_logs_pyre,,logs_pyre,scripts/_unpack/377/all.obj
cert_longbow,,longbow,scripts/_unpack/377/all.obj
cert_machette,,machette,scripts/_unpack/377/all.obj
cert_machette_jade,,machette_jade,scripts/_unpack/377/all.obj
cert_machette_opal,,machette_opal,scripts/_unpack/377/all.obj
cert_machette_redtopaz,,machette_redtopaz,scripts/_unpack/377/all.obj
cert_mackerel,,mackerel,scripts/_unpack/377/all.obj
cert_macro_adamant_hatchethead,,macro_adamant_hatchethead,scripts/macro events/configs/antimacro.obj
cert_macro_adamant_pickaxehead,,macro_adamant_pickaxehead,scripts/macro events/configs/antimacro.obj
cert_macro_black_hatchethead,,macro_black_hatchethead,scripts/macro events/configs/antimacro.obj
cert_macro_broken_adamant_hatchet,,macro_broken_adamant_hatchet,scripts/macro events/configs/antimacro.obj
cert_macro_broken_adamant_pickaxe,,macro_broken_adamant_pickaxe,scripts/macro events/configs/antimacro.obj
cert_macro_broken_black_hatchet,,macro_broken_black_hatchet,scripts/macro events/configs/antimacro.obj
cert_macro_broken_bronze_hatchet,,macro_broken_bronze_hatchet,scripts/macro events/configs/antimacro.obj
cert_macro_broken_bronze_pickaxe,,macro_broken_bronze_pickaxe,scripts/macro events/configs/antimacro.obj
cert_macro_broken_dragon_hatchet,,macro_broken_dragon_hatchet,scripts/macro events/configs/antimacro.obj
cert_macro_broken_iron_hatchet,,macro_broken_iron_hatchet,scripts/macro events/configs/antimacro.obj
cert_macro_broken_iron_pickaxe,,macro_broken_iron_pickaxe,scripts/macro events/configs/antimacro.obj
cert_macro_broken_mithril_hatchet,,macro_broken_mithril_hatchet,scripts/macro events/configs/antimacro.obj
cert_macro_broken_mithril_pickaxe,,macro_broken_mithril_pickaxe,scripts/macro events/configs/antimacro.obj
cert_macro_broken_rune_hatchet,,macro_broken_rune_hatchet,scripts/macro events/configs/antimacro.obj
cert_macro_broken_rune_pickaxe,,macro_broken_rune_pickaxe,scripts/macro events/configs/antimacro.obj
cert_macro_broken_steel_hatchet,,macro_broken_steel_hatchet,scripts/macro events/configs/antimacro.obj
cert_macro_broken_steel_pickaxe,,macro_broken_steel_pickaxe,scripts/macro events/configs/antimacro.obj
cert_macro_bronze_hatchethead,,macro_bronze_hatchethead,scripts/macro events/configs/antimacro.obj
cert_macro_bronze_pickaxehead,,macro_bronze_pickaxehead,scripts/macro events/configs/antimacro.obj
cert_macro_cube_bluecircle,Whoopsie,,scripts/macro events/configs/antimacro.obj
cert_macro_cube_bluehalfmoon,Whoopsie,,scripts/macro events/configs/antimacro.obj
cert_macro_cube_bluesquare,Whoopsie,,scripts/macro events/configs/antimacro.obj
cert_macro_cube_bluestar,Whoopsie,,scripts/macro events/configs/antimacro.obj
cert_macro_cube_bluetriangle,Whoopsie,,scripts/macro events/configs/antimacro.obj
cert_macro_cube_redcircle,Whoopsie,,scripts/macro events/configs/antimacro.obj
cert_macro_cube_redhalfmoon,Whoopsie,,scripts/macro events/configs/antimacro.obj
cert_macro_cube_redsquare,Whoopsie,,scripts/macro events/configs/antimacro.obj
cert_macro_cube_redstar,Whoopsie,,scripts/macro events/configs/antimacro.obj
cert_macro_cube_redtriangle,Whoopsie,,scripts/macro events/configs/antimacro.obj
cert_macro_cube_yellowcircle,Whoopsie,,scripts/macro events/configs/antimacro.obj
cert_macro_cube_yellowhalfmoon,Whoopsie,,scripts/macro events/configs/antimacro.obj
cert_macro_cube_yellowsquare,Whoopsie,,scripts/macro events/configs/antimacro.obj
cert_macro_cube_yellowstar,Whoopsie,,scripts/macro events/configs/antimacro.obj
cert_macro_cube_yellowtriangle,Whoopsie,,scripts/macro events/configs/antimacro.obj
cert_macro_dragon_hatchethead,,macro_dragon_hatchethead,scripts/macro events/configs/antimacro.obj
cert_macro_hatchethandle,,macro_hatchethandle,scripts/macro events/configs/antimacro.obj
cert_macro_hatchethandle_dragon,,macro_hatchethandle_dragon,scripts/macro events/configs/antimacro.obj
cert_macro_iron_hatchethead,,macro_iron_hatchethead,scripts/macro events/configs/antimacro.obj
cert_macro_iron_pickaxehead,,macro_iron_pickaxehead,scripts/macro events/configs/antimacro.obj
cert_macro_mithril_hatchethead,,macro_mithril_hatchethead,scripts/macro events/configs/antimacro.obj
cert_macro_mithril_pickaxehead,,macro_mithril_pickaxehead,scripts/macro events/configs/antimacro.obj
cert_macro_pickaxehandle,,macro_pickaxehandle,scripts/macro events/configs/antimacro.obj
cert_macro_rune_hatchethead,,macro_rune_hatchethead,scripts/macro events/configs/antimacro.obj
cert_macro_rune_pickaxehead,,macro_rune_pickaxehead,scripts/macro events/configs/antimacro.obj
cert_macro_steel_hatchethead,,macro_steel_hatchethead,scripts/macro events/configs/antimacro.obj
cert_macro_steel_pickaxehead,,macro_steel_pickaxehead,scripts/macro events/configs/antimacro.obj
cert_macro_triffidfruit,,macro_triffidfruit,scripts/macro events/configs/antimacro.obj
cert_magic_cabbage,,magic_cabbage,scripts/_unpack/377/all.obj
cert_magic_emerald_necklace,,magic_emerald_necklace,scripts/_unpack/377/all.obj
cert_magic_logs,,magic_logs,scripts/_unpack/377/all.obj
cert_magic_logs_pyre,,magic_logs_pyre,scripts/_unpack/377/all.obj
cert_magic_longbow,,magic_longbow,scripts/_unpack/377/all.obj
cert_magic_roots,,magic_roots,scripts/_unpack/377/all.obj
cert_magic_shortbow,,magic_shortbow,scripts/_unpack/377/all.obj
cert_magic_staff,,magic_staff,scripts/_unpack/377/all.obj
cert_magic_string,,magic_string,scripts/_unpack/377/all.obj
cert_magic_strung_emerald_amulet,,magic_strung_emerald_amulet,scripts/_unpack/377/all.obj
cert_magictraining_arenalorebook,,magictraining_arenalorebook,scripts/_unpack/377/all.obj
cert_magictraining_bookofmagic,,magictraining_bookofmagic,scripts/_unpack/377/all.obj
cert_magictraining_infinityboots,,magictraining_infinityboots,scripts/_unpack/377/all.obj
cert_magictraining_infinitybottom,,magictraining_infinitybottom,scripts/_unpack/377/all.obj
cert_magictraining_infinitygloves,,magictraining_infinitygloves,scripts/_unpack/377/all.obj
cert_magictraining_infinityhat,,magictraining_infinityhat,scripts/_unpack/377/all.obj
cert_magictraining_infinitytop,,magictraining_infinitytop,scripts/_unpack/377/all.obj
cert_magictraining_wand_appr,,magictraining_wand_appr,scripts/_unpack/377/all.obj
cert_magictraining_wand_beg,,magictraining_wand_beg,scripts/_unpack/377/all.obj
cert_magictraining_wand_master,,magictraining_wand_master,scripts/_unpack/377/all.obj
cert_magictraining_wand_teach,,magictraining_wand_teach,scripts/_unpack/377/all.obj
cert_mahogany_logs_pyre,,mahogany_logs_pyre,scripts/_unpack/377/all.obj
cert_makinghistory_guthix_polestaff,,makinghistory_guthix_polestaff,scripts/_unpack/377/all.obj
cert_makinghistory_saradomin_polestaff,,makinghistory_saradomin_polestaff,scripts/_unpack/377/all.obj
cert_makinghistory_zamorak_polestaff,,makinghistory_zamorak_polestaff,scripts/_unpack/377/all.obj
cert_mantaray,,mantaray,scripts/_unpack/377/all.obj
cert_maple_logs,,maple_logs,scripts/_unpack/377/all.obj
cert_maple_logs_pyre,,maple_logs_pyre,scripts/_unpack/377/all.obj
cert_maple_longbow,,maple_longbow,scripts/_unpack/377/all.obj
cert_maple_roots,,maple_roots,scripts/_unpack/377/all.obj
cert_maple_shortbow,,maple_shortbow,scripts/_unpack/377/all.obj
cert_marentill,,marentill,scripts/_unpack/377/all.obj
cert_marigold,,marigold,scripts/_unpack/377/all.obj
cert_marrentillvial,,marrentillvial,scripts/_unpack/377/all.obj
cert_mature_asgarnian_ale,,mature_asgarnian_ale,scripts/_unpack/377/all.obj
cert_mature_axemans_folly,,mature_axemans_folly,scripts/_unpack/377/all.obj
cert_mature_chefs_delight,,mature_chefs_delight,scripts/_unpack/377/all.obj
cert_mature_cider,,mature_cider,scripts/_unpack/377/all.obj
cert_mature_dragon_bitter,,mature_dragon_bitter,scripts/_unpack/377/all.obj
cert_mature_dwarven_stout,,mature_dwarven_stout,scripts/_unpack/377/all.obj
cert_mature_greenmans_ale,,mature_greenmans_ale,scripts/_unpack/377/all.obj
cert_mature_moonlight_mead,,mature_moonlight_mead,scripts/_unpack/377/all.obj
cert_mature_slayers_respite,,mature_slayers_respite,scripts/_unpack/377/all.obj
cert_mature_wizards_mind_bomb,,mature_wizards_mind_bomb,scripts/_unpack/377/all.obj
cert_mdaughter_broken_stick,,mdaughter_broken_stick,scripts/_unpack/377/all.obj
cert_mdaughter_mud,,mdaughter_mud,scripts/_unpack/377/all.obj
cert_mdaughter_polevault,,mdaughter_polevault,scripts/_unpack/377/all.obj
cert_mdaughter_rock,,mdaughter_rock,scripts/_unpack/377/all.obj
cert_mdaughter_rope,,mdaughter_rope,scripts/_unpack/377/all.obj
cert_mdaughter_stick,,mdaughter_stick,scripts/_unpack/377/all.obj
cert_meat_pie,,meat_pie,scripts/_unpack/377/all.obj
cert_meat_pizza,,meat_pizza,scripts/_unpack/377/all.obj
cert_milking_stool,Bolts(s),milking_stool,scripts/_unpack/377/all.obj
cert_mind_talisman,,mind_talisman,scripts/skill_runecraft/configs/runecraft.obj
cert_mining_site_icon_dummy,Whoopsie,,scripts/_unpack/377/all.obj
cert_misc_key,,misc_key,scripts/_unpack/377/all.obj
cert_mithril_2h_sword,,mithril_2h_sword,scripts/_unpack/377/all.obj
cert_mithril_armoured_boots,,mithril_armoured_boots,scripts/_unpack/377/all.obj
cert_mithril_axe,,mithril_axe,scripts/_unpack/377/all.obj
cert_mithril_bar,,mithril_bar,scripts/_unpack/377/all.obj
cert_mithril_battleaxe,,mithril_battleaxe,scripts/_unpack/377/all.obj
cert_mithril_chainbody,,mithril_chainbody,scripts/_unpack/377/all.obj
cert_mithril_claws,,mithril_claws,scripts/_unpack/377/all.obj
cert_mithril_dagger,,mithril_dagger,scripts/_unpack/377/all.obj
cert_mithril_dagger_p,,mithril_dagger_p,scripts/_unpack/377/all.obj
cert_mithril_full_helm,,mithril_full_helm,scripts/_unpack/377/all.obj
cert_mithril_halberd,,mithril_halberd,scripts/_unpack/377/all.obj
cert_mithril_kiteshield,,mithril_kiteshield,scripts/_unpack/377/all.obj
cert_mithril_longsword,,mithril_longsword,scripts/_unpack/377/all.obj
cert_mithril_mace,,mithril_mace,scripts/_unpack/377/all.obj
cert_mithril_med_helm,,mithril_med_helm,scripts/_unpack/377/all.obj
cert_mithril_ore,,mithril_ore,scripts/_unpack/377/all.obj
cert_mithril_pickaxe,,mithril_pickaxe,scripts/_unpack/377/all.obj
cert_mithril_platebody,,mithril_platebody,scripts/_unpack/377/all.obj
cert_mithril_platelegs,,mithril_platelegs,scripts/_unpack/377/all.obj
cert_mithril_plateskirt,,mithril_plateskirt,scripts/_unpack/377/all.obj
cert_mithril_scimitar,,mithril_scimitar,scripts/_unpack/377/all.obj
cert_mithril_spear,,mithril_spear,scripts/_unpack/377/all.obj
cert_mithril_spear_p,,mithril_spear_p,scripts/_unpack/377/all.obj
cert_mithril_sq_shield,,mithril_sq_shield,scripts/_unpack/377/all.obj
cert_mithril_sword,,mithril_sword,scripts/_unpack/377/all.obj
cert_mithril_warhammer,,mithril_warhammer,scripts/_unpack/377/all.obj
cert_mm_banana_stew,,mm_banana_stew,scripts/_unpack/377/all.obj
cert_mm_eye_of_gnome,,mm_eye_of_gnome,scripts/_unpack/377/all.obj
cert_mm_helper,Shrine,,scripts/_unpack/377/all.obj
cert_mm_monkey_bar,,mm_monkey_bar,scripts/_unpack/377/all.obj
cert_mm_monkey_magic,,mm_monkey_magic,scripts/_unpack/377/all.obj
cert_mm_monkey_nuts,,mm_monkey_nuts,scripts/_unpack/377/all.obj
cert_mm_monkey_wrench,,mm_monkey_wrench,scripts/_unpack/377/all.obj
cert_mm_normal_monkey_bones,,mm_normal_monkey_bones,scripts/_unpack/377/all.obj
cert_mm_reinitialisation_hint,,mm_reinitialisation_hint,scripts/_unpack/377/all.obj
cert_mole_claw,,mole_claw,scripts/_unpack/377/all.obj
cert_mole_skin,,mole_skin,scripts/_unpack/377/all.obj
cert_molten_glass,,molten_glass,scripts/_unpack/377/all.obj
cert_monkfish,,monkfish,scripts/_unpack/377/all.obj
cert_monkrobebottom,,monkrobebottom,scripts/_unpack/377/all.obj
cert_monkrobetop,,monkrobetop,scripts/_unpack/377/all.obj
cert_moonlight_mead,,moonlight_mead,scripts/_unpack/377/all.obj
cert_mort_serum1,,mort_serum1,scripts/_unpack/377/all.obj
cert_mort_serum2,,mort_serum2,scripts/_unpack/377/all.obj
cert_mort_serum3,,mort_serum3,scripts/_unpack/377/all.obj
cert_mort_serum4,,mort_serum4,scripts/_unpack/377/all.obj
cert_mort_slimey_eel,,mort_slimey_eel,scripts/_unpack/377/all.obj
cert_mort_slimey_eel_cooked,,mort_slimey_eel_cooked,scripts/_unpack/377/all.obj
cert_mortmyrebuddingstem,,mortmyrebuddingstem,scripts/_unpack/377/all.obj
cert_mortmyremushroom,,mortmyremushroom,scripts/_unpack/377/all.obj
cert_mortmyrepear,,mortmyrepear,scripts/_unpack/377/all.obj
cert_mourning_book1,,mourning_book1,scripts/_unpack/377/all.obj
cert_mourning_book2,,mourning_book2,scripts/_unpack/377/all.obj
cert_mourning_book3,,mourning_book3,scripts/_unpack/377/all.obj
cert_mourning_book4,,mourning_book4,scripts/_unpack/377/all.obj
cert_mud_battlestaff,,mud_battlestaff,scripts/_unpack/377/all.obj
cert_mud_pie,,mud_pie,scripts/_unpack/377/all.obj
cert_muddy_key,,muddy_key,scripts/_unpack/377/all.obj
cert_mystic_air_staff,,mystic_air_staff,scripts/_unpack/377/all.obj
cert_mystic_boots,,mystic_boots,scripts/_unpack/377/all.obj
cert_mystic_boots_dark,,mystic_boots_dark,scripts/_unpack/377/all.obj
cert_mystic_boots_light,,mystic_boots_light,scripts/_unpack/377/all.obj
cert_mystic_earth_staff,,mystic_earth_staff,scripts/_unpack/377/all.obj
cert_mystic_fire_staff,,mystic_fire_staff,scripts/_unpack/377/all.obj
cert_mystic_gloves,,mystic_gloves,scripts/_unpack/377/all.obj
cert_mystic_gloves_dark,,mystic_gloves_dark,scripts/_unpack/377/all.obj
cert_mystic_gloves_light,,mystic_gloves_light,scripts/_unpack/377/all.obj
cert_mystic_hat,,mystic_hat,scripts/_unpack/377/all.obj
cert_mystic_hat_dark,,mystic_hat_dark,scripts/_unpack/377/all.obj
cert_mystic_hat_light,,mystic_hat_light,scripts/_unpack/377/all.obj
cert_mystic_lava_staff,,mystic_lava_staff,scripts/_unpack/377/all.obj
cert_mystic_mud_staff,,mystic_mud_staff,scripts/_unpack/377/all.obj
cert_mystic_robe_bottom,,mystic_robe_bottom,scripts/_unpack/377/all.obj
cert_mystic_robe_bottom_dark,,mystic_robe_bottom_dark,scripts/_unpack/377/all.obj
cert_mystic_robe_bottom_light,,mystic_robe_bottom_light,scripts/_unpack/377/all.obj
cert_mystic_robe_top,,mystic_robe_top,scripts/_unpack/377/all.obj
cert_mystic_robe_top_dark,,mystic_robe_top_dark,scripts/_unpack/377/all.obj
cert_mystic_robe_top_light,,mystic_robe_top_light,scripts/_unpack/377/all.obj
cert_mystic_water_staff,,mystic_water_staff,scripts/_unpack/377/all.obj
cert_nasturtium,,nasturtium,scripts/_unpack/377/all.obj
cert_nature_talisman,,nature_talisman,scripts/skill_runecraft/configs/runecraft.obj
cert_necklace_mould,,necklace_mould,scripts/_unpack/377/all.obj
cert_necklace_of_minigames_1,,necklace_of_minigames_1,scripts/_unpack/377/all.obj
cert_necklace_of_minigames_2,,necklace_of_minigames_2,scripts/_unpack/377/all.obj
cert_necklace_of_minigames_3,,necklace_of_minigames_3,scripts/_unpack/377/all.obj
cert_necklace_of_minigames_4,,necklace_of_minigames_4,scripts/_unpack/377/all.obj
cert_necklace_of_minigames_5,,necklace_of_minigames_5,scripts/_unpack/377/all.obj
cert_necklace_of_minigames_6,,necklace_of_minigames_6,scripts/_unpack/377/all.obj
cert_necklace_of_minigames_7,,necklace_of_minigames_7,scripts/_unpack/377/all.obj
cert_necklace_of_minigames_8,,necklace_of_minigames_8,scripts/_unpack/377/all.obj
cert_net,,net,scripts/_unpack/377/all.obj
cert_newbie_pot_flour,,newbie_pot_flour,scripts/_unpack/377/all.obj
cert_newbiebones,,newbiebones,scripts/_unpack/377/all.obj
cert_newbieraw_shrimp,,newbieraw_shrimp,scripts/_unpack/377/all.obj
cert_newbieshrimp,Waste disposal,,scripts/_unpack/377/all.obj
cert_newcomer_map,,newcomer_map,scripts/_unpack/377/all.obj
cert_nostringsnake,,nostringsnake,scripts/_unpack/377/all.obj
cert_nostringstar,,nostringstar,scripts/_unpack/377/all.obj
cert_oak_logs,,oak_logs,scripts/_unpack/377/all.obj
cert_oak_logs_pyre,,oak_logs_pyre,scripts/_unpack/377/all.obj
cert_oak_longbow,,oak_longbow,scripts/_unpack/377/all.obj
cert_oak_roots,,oak_roots,scripts/_unpack/377/all.obj
cert_oak_shortbow,,oak_shortbow,scripts/_unpack/377/all.obj
cert_oil_lamp_empty,,oil_lamp_empty,scripts/_unpack/377/all.obj
cert_oil_lamp_unlit,,oil_lamp_unlit,scripts/_unpack/377/all.obj
cert_oil_lantern_empty,,oil_lantern_empty,scripts/_unpack/377/all.obj
cert_oil_lantern_frame,,oil_lantern_frame,scripts/_unpack/377/all.obj
cert_oil_lantern_unlit,,oil_lantern_unlit,scripts/_unpack/377/all.obj
cert_oliveoil1,,oliveoil1,scripts/_unpack/377/all.obj
cert_oliveoil2,,oliveoil2,scripts/_unpack/377/all.obj
cert_oliveoil3,,oliveoil3,scripts/_unpack/377/all.obj
cert_oliveoil4,,oliveoil4,scripts/_unpack/377/all.obj
cert_onion,,onion,scripts/_unpack/377/all.obj
cert_onyx,,onyx,scripts/_unpack/377/all.obj
cert_onyx_necklace,,onyx_necklace,scripts/_unpack/377/all.obj
cert_onyx_ring,,onyx_ring,scripts/_unpack/377/all.obj
cert_opal,,opal,scripts/_unpack/377/all.obj
cert_orange,,orange,scripts/_unpack/377/all.obj
cert_orange_cape,,orange_cape,scripts/_unpack/377/all.obj
cert_orange_chunks,,orange_chunks,scripts/_unpack/377/all.obj
cert_orange_slices,,orange_slices,scripts/_unpack/377/all.obj
cert_orangedye,,orangedye,scripts/_unpack/377/all.obj
cert_oysterempty,,oysterempty,scripts/_unpack/377/all.obj
cert_oystershell,,oystershell,scripts/_unpack/377/all.obj
cert_palm_leaf,,palm_leaf,scripts/_unpack/377/all.obj
cert_papaya,,papaya,scripts/_unpack/377/all.obj
cert_papyrus,,papyrus,scripts/_unpack/377/all.obj
cert_paramayaticket,,paramayaticket,scripts/_unpack/377/all.obj
cert_partial_cake,,partial_cake,scripts/_unpack/377/all.obj
cert_partial_chocolate_cake,,partial_chocolate_cake,scripts/_unpack/377/all.obj
cert_pastry_dough,,pastry_dough,scripts/_unpack/377/all.obj
cert_pest_field_ration,,pest_field_ration,scripts/_unpack/377/all.obj
cert_pestle_and_mortar,,pestle_and_mortar,scripts/_unpack/377/all.obj
cert_petecandlestick,,petecandlestick,scripts/_unpack/377/all.obj
cert_phoenix_crossbow,,phoenix_crossbow,scripts/_unpack/377/all.obj
cert_phoenixkey2,,phoenixkey2,scripts/_unpack/377/all.obj
cert_pickpocket_guide_desert_bandit,Whoopsie,,scripts/_unpack/377/all.obj
cert_pickpocket_guide_farmer,Whoopsie,,scripts/_unpack/377/all.obj
cert_pickpocket_guide_fham,Whoopsie,,scripts/_unpack/377/all.obj
cert_pickpocket_guide_fremennik_citizen,Whoopsie,,scripts/_unpack/377/all.obj
cert_pickpocket_guide_gnome,Whoopsie,,scripts/_unpack/377/all.obj
cert_pickpocket_guide_guard,Whoopsie,,scripts/_unpack/377/all.obj
cert_pickpocket_guide_hero,Whoopsie,,scripts/_unpack/377/all.obj
cert_pickpocket_guide_knight,Whoopsie,,scripts/_unpack/377/all.obj
cert_pickpocket_guide_man,Whoopsie,,scripts/_unpack/377/all.obj
cert_pickpocket_guide_master_farmer,Whoopsie,,scripts/_unpack/377/all.obj
cert_pickpocket_guide_mham,Whoopsie,,scripts/_unpack/377/all.obj
cert_pickpocket_guide_paladin,Whoopsie,,scripts/_unpack/377/all.obj
cert_pickpocket_guide_rogue,Whoopsie,,scripts/_unpack/377/all.obj
cert_pickpocket_guide_warrior,Whoopsie,,scripts/_unpack/377/all.obj
cert_pickpocket_guide_watchman,Whoopsie,,scripts/_unpack/377/all.obj
cert_pie_shell,,pie_shell,scripts/_unpack/377/all.obj
cert_piedish,,piedish,scripts/_unpack/377/all.obj
cert_piedish_unfired,,piedish_unfired,scripts/_unpack/377/all.obj
cert_pike,,pike,scripts/_unpack/377/all.obj
cert_pineapple,,pineapple,scripts/_unpack/377/all.obj
cert_pineapple_chunks,,pineapple_chunks,scripts/_unpack/377/all.obj
cert_pineapple_pizza,,pineapple_pizza,scripts/_unpack/377/all.obj
cert_pineapple_punch,,pineapple_punch,scripts/_unpack/377/all.obj
cert_pineapple_ring,,pineapple_ring,scripts/_unpack/377/all.obj
cert_pink_skirt,,pink_skirt,scripts/_unpack/377/all.obj
cert_pirate_bandana_blue,,pirate_bandana_blue,scripts/_unpack/377/all.obj
cert_pirate_bandana_brown,,pirate_bandana_brown,scripts/_unpack/377/all.obj
cert_pirate_bandana_red,,pirate_bandana_red,scripts/_unpack/377/all.obj
cert_pirate_bandanna,,pirate_bandanna,scripts/_unpack/377/all.obj
cert_pirate_boots,,pirate_boots,scripts/_unpack/377/all.obj
cert_pirate_legs,,pirate_legs,scripts/_unpack/377/all.obj
cert_pirate_legs_blue,,pirate_legs_blue,scripts/_unpack/377/all.obj
cert_pirate_legs_brown,,pirate_legs_brown,scripts/_unpack/377/all.obj
cert_pirate_legs_red,,pirate_legs_red,scripts/_unpack/377/all.obj
cert_pirate_torso,,pirate_torso,scripts/_unpack/377/all.obj
cert_pirate_torso_blue,,pirate_torso_blue,scripts/_unpack/377/all.obj
cert_pirate_torso_brown,,pirate_torso_brown,scripts/_unpack/377/all.obj
cert_pirate_torso_red,,pirate_torso_red,scripts/_unpack/377/all.obj
cert_piratehat,,piratehat,scripts/_unpack/377/all.obj
cert_piratehook,,piratehook,scripts/_unpack/377/all.obj
cert_pitta_bread,,pitta_bread,scripts/_unpack/377/all.obj
cert_pizza_base,,pizza_base,scripts/_unpack/377/all.obj
cert_plain_pizza,,plain_pizza,scripts/_unpack/377/all.obj
cert_plainstaff,,plainstaff,scripts/_unpack/377/all.obj
cert_plainwig,Blue partyhat,,scripts/_unpack/377/all.obj
cert_plant_cure,,plant_cure,scripts/_unpack/377/all.obj
cert_plantpot_compost,,plantpot_compost,scripts/_unpack/377/all.obj
cert_plantpot_empty,,plantpot_empty,scripts/_unpack/377/all.obj
cert_plantpot_supercompost,,plantpot_supercompost,scripts/_unpack/377/all.obj
cert_plantpot_unfired,,plantpot_unfired,scripts/_unpack/377/all.obj
cert_poh_arrow,,poh_arrow,scripts/_unpack/377/all.obj
cert_poh_asgarnian_ale,,poh_asgarnian_ale,scripts/_unpack/377/all.obj
cert_poh_beer,,poh_beer,scripts/_unpack/377/all.obj
cert_poh_beer_glass,,poh_beer_glass,scripts/_unpack/377/all.obj
cert_poh_boxing_gloves_blue,,poh_boxing_gloves_blue,scripts/_unpack/377/all.obj
cert_poh_boxing_gloves_red,,poh_boxing_gloves_red,scripts/_unpack/377/all.obj
cert_poh_chefs_delight,,poh_chefs_delight,scripts/_unpack/377/all.obj
cert_poh_cider,,poh_cider,scripts/_unpack/377/all.obj
cert_poh_claycup_empty,,poh_claycup_empty,scripts/_unpack/377/all.obj
cert_poh_dart,,poh_dart,scripts/_unpack/377/all.obj
cert_poh_dragon_bitter,,poh_dragon_bitter,scripts/_unpack/377/all.obj
cert_poh_greenmans_ale,,poh_greenmans_ale,scripts/_unpack/377/all.obj
cert_poh_hoop,,poh_hoop,scripts/_unpack/377/all.obj
cert_poh_kettle_empty,,poh_kettle_empty,scripts/_unpack/377/all.obj
cert_poh_moonlight_mead,,poh_moonlight_mead,scripts/_unpack/377/all.obj
cert_poh_paintbrush,,poh_paintbrush,scripts/_unpack/377/all.obj
cert_poh_pugel,,poh_pugel,scripts/_unpack/377/all.obj
cert_poh_tea_leaves,,poh_tea_leaves,scripts/_unpack/377/all.obj
cert_poh_teapot_clay_1,,poh_teapot_clay_1,scripts/_unpack/377/all.obj
cert_poh_teapot_clay_2,,poh_teapot_clay_2,scripts/_unpack/377/all.obj
cert_poh_teapot_clay_3,,poh_teapot_clay_3,scripts/_unpack/377/all.obj
cert_poh_teapot_clay_4,,poh_teapot_clay_4,scripts/_unpack/377/all.obj
cert_poh_teapot_clay_empty,,poh_teapot_clay_empty,scripts/_unpack/377/all.obj
cert_poh_teapot_clay_leaves,,poh_teapot_clay_leaves,scripts/_unpack/377/all.obj
cert_poh_teapot_giltporcelain_1,,poh_teapot_giltporcelain_1,scripts/_unpack/377/all.obj
cert_poh_teapot_giltporcelain_2,,poh_teapot_giltporcelain_2,scripts/_unpack/377/all.obj
cert_poh_teapot_giltporcelain_3,,poh_teapot_giltporcelain_3,scripts/_unpack/377/all.obj
cert_poh_teapot_giltporcelain_4,,poh_teapot_giltporcelain_4,scripts/_unpack/377/all.obj
cert_poh_teapot_giltporcelain_empty,,poh_teapot_giltporcelain_empty,scripts/_unpack/377/all.obj
cert_poh_teapot_giltporcelain_leaves,,poh_teapot_giltporcelain_leaves,scripts/_unpack/377/all.obj
cert_poh_teapot_porcelain_1,,poh_teapot_porcelain_1,scripts/_unpack/377/all.obj
cert_poh_teapot_porcelain_2,,poh_teapot_porcelain_2,scripts/_unpack/377/all.obj
cert_poh_teapot_porcelain_3,,poh_teapot_porcelain_3,scripts/_unpack/377/all.obj
cert_poh_teapot_porcelain_4,,poh_teapot_porcelain_4,scripts/_unpack/377/all.obj
cert_poh_teapot_porcelain_empty,,poh_teapot_porcelain_empty,scripts/_unpack/377/all.obj
cert_poh_teapot_porcelain_leaves,,poh_teapot_porcelain_leaves,scripts/_unpack/377/all.obj
cert_poh_toy_cat,,poh_toy_cat,scripts/_unpack/377/all.obj
cert_poh_toy_doll_unwound,,poh_toy_doll_unwound,scripts/_unpack/377/all.obj
cert_poh_toy_doll_wound,,poh_toy_doll_wound,scripts/_unpack/377/all.obj
cert_poh_toy_mouse_unwound,,poh_toy_mouse_unwound,scripts/_unpack/377/all.obj
cert_poh_toy_mouse_wound,,poh_toy_mouse_wound,scripts/_unpack/377/all.obj
cert_poh_toy_soldier_unwound,,poh_toy_soldier_unwound,scripts/_unpack/377/all.obj
cert_poh_toy_soldier_wound,,poh_toy_soldier_wound,scripts/_unpack/377/all.obj
cert_poison,,poison,scripts/_unpack/377/all.obj
cert_poison_chalice,,poison_chalice,scripts/_unpack/377/all.obj
cert_poisoned_dagger_p,,poisoned_dagger_p,scripts/_unpack/377/all.obj
cert_poisonivy_berries,,poisonivy_berries,scripts/_unpack/377/all.obj
cert_pot_empty,,pot_empty,scripts/_unpack/377/all.obj
cert_pot_flour,,pot_flour,scripts/_unpack/377/all.obj
cert_pot_of_butter,,pot_of_butter,scripts/_unpack/377/all.obj
cert_pot_of_cream,,pot_of_cream,scripts/_unpack/377/all.obj
cert_pot_unfired,,pot_unfired,scripts/_unpack/377/all.obj
cert_potato,,potato,scripts/_unpack/377/all.obj
cert_potato_baked,,potato_baked,scripts/_unpack/377/all.obj
cert_potato_burnt,,potato_burnt,scripts/_unpack/377/all.obj
cert_potato_butter,,potato_butter,scripts/_unpack/377/all.obj
cert_potato_cheese,,potato_cheese,scripts/_unpack/377/all.obj
cert_potlid,,potlid,scripts/_unpack/377/all.obj
cert_potlid_unfired,,potlid_unfired,scripts/_unpack/377/all.obj
cert_premade_blurberry_special,,premade_blurberry_special,scripts/_unpack/377/all.obj
cert_premade_choc_saturday,,premade_choc_saturday,scripts/_unpack/377/all.obj
cert_premade_chocchip_crunchies,,premade_chocchip_crunchies,scripts/_unpack/377/all.obj
cert_premade_chocolate_bomb,,premade_chocolate_bomb,scripts/_unpack/377/all.obj
cert_premade_drunk_dragon,,premade_drunk_dragon,scripts/_unpack/377/all.obj
cert_premade_fruit_batta,,premade_fruit_batta,scripts/_unpack/377/all.obj
cert_premade_fruit_blast,,premade_fruit_blast,scripts/_unpack/377/all.obj
cert_premade_pineapple_punch,,premade_pineapple_punch,scripts/_unpack/377/all.obj
cert_premade_sgg,,premade_sgg,scripts/_unpack/377/all.obj
cert_premade_spicy_crunchies,,premade_spicy_crunchies,scripts/_unpack/377/all.obj
cert_premade_tangled_toads_legs,,premade_tangled_toads_legs,scripts/_unpack/377/all.obj
cert_premade_toad_batta,,premade_cheese+tom_batta,scripts/_unpack/377/all.obj
cert_premade_toad_crunchies,,premade_toad_crunchies,scripts/_unpack/377/all.obj
cert_premade_veg_ball,,premade_veg_ball,scripts/_unpack/377/all.obj
cert_premade_vegetable_batta,,premade_vegetable_batta,scripts/_unpack/377/all.obj
cert_premade_wizard_blizzard,,premade_wizard_blizzard,scripts/_unpack/377/all.obj
cert_premade_worm_batta,,premade_worm_batta,scripts/_unpack/377/all.obj
cert_premade_worm_crunchies,,premade_worm_crunchies,scripts/_unpack/377/all.obj
cert_premade_worm_hole,,premade_worm_hole,scripts/_unpack/377/all.obj
cert_priest_gown,,priest_gown,scripts/_unpack/377/all.obj
cert_priest_robe,,priest_robe,scripts/_unpack/377/all.obj
cert_pumpkin,,pumpkin,scripts/_unpack/377/all.obj
cert_purple_cape,,purple_cape,scripts/_unpack/377/all.obj
cert_purple_partyhat,,purple_partyhat,scripts/_unpack/377/all.obj
cert_purpledye,,purpledye,scripts/_unpack/377/all.obj
cert_quest_start_icon_dummy,Whoopsie,,scripts/_unpack/377/all.obj
cert_rag_bottle_wine,,rag_bottle_wine,scripts/_unpack/377/all.obj
cert_rake,,rake,scripts/_unpack/377/all.obj
cert_ranarr_weed,,ranarr_weed,scripts/_unpack/377/all.obj
cert_ranarrvial,,ranarrvial,scripts/_unpack/377/all.obj
cert_range_icon_dummy,Whoopsie,,scripts/_unpack/377/all.obj
cert_ranger_ring,,ranger_ring,scripts/_unpack/377/all.obj
cert_raw_anchovies,,raw_anchovies,scripts/_unpack/377/all.obj
cert_raw_bass,,raw_bass,scripts/_unpack/377/all.obj
cert_raw_bear_meat,,raw_bear_meat,scripts/_unpack/377/all.obj
cert_raw_beef,,raw_beef,scripts/_unpack/377/all.obj
cert_raw_beef_undead,,raw_beef_undead,scripts/_unpack/377/all.obj
cert_raw_cave_eel,,raw_cave_eel,scripts/_unpack/377/all.obj
cert_raw_chicken,,raw_chicken,scripts/_unpack/377/all.obj
cert_raw_chicken_undead,,raw_chicken_undead,scripts/_unpack/377/all.obj
cert_raw_chompy,,raw_chompy,scripts/_unpack/377/all.obj
cert_raw_cod,,raw_cod,scripts/_unpack/377/all.obj
cert_raw_herring,,raw_herring,scripts/_unpack/377/all.obj
cert_raw_lobster,,raw_lobster,scripts/_unpack/377/all.obj
cert_raw_mackerel,,raw_mackerel,scripts/_unpack/377/all.obj
cert_raw_mantaray,,raw_mantaray,scripts/_unpack/377/all.obj
cert_raw_monkfish,,raw_monkfish,scripts/_unpack/377/all.obj
cert_raw_oomlie,,raw_oomlie,scripts/_unpack/377/all.obj
cert_raw_pike,,raw_pike,scripts/_unpack/377/all.obj
cert_raw_rabbit,,raw_rabbit,scripts/_unpack/377/all.obj
cert_raw_rat_meat,,raw_rat_meat,scripts/_unpack/377/all.obj
cert_raw_salmon,,raw_salmon,scripts/_unpack/377/all.obj
cert_raw_sardine,,raw_sardine,scripts/_unpack/377/all.obj
cert_raw_seaturtle,,raw_seaturtle,scripts/_unpack/377/all.obj
cert_raw_shark,,raw_shark,scripts/_unpack/377/all.obj
cert_raw_shrimp,,raw_shrimp,scripts/_unpack/377/all.obj
cert_raw_swordfish,,raw_swordfish,scripts/_unpack/377/all.obj
cert_raw_trout,,raw_trout,scripts/_unpack/377/all.obj
cert_raw_tuna,,raw_tuna,scripts/_unpack/377/all.obj
cert_raw_ugthanki_meat,,raw_ugthanki_meat,scripts/_unpack/377/all.obj
cert_readbook_dummy,Whoopsie,,scripts/_unpack/377/all.obj
cert_readbook_dummy2,Whoopsie,,scripts/_unpack/377/all.obj
cert_red_bead,,red_bead,scripts/quests/quest_imp/configs/quest_imp.obj
cert_red_cape,,red_cape,scripts/_unpack/377/all.obj
cert_red_dragon_vambraces,,red_dragon_vambraces,scripts/_unpack/377/all.obj
cert_red_dragonhide_body,,red_dragonhide_body,scripts/_unpack/377/all.obj
cert_red_dragonhide_chaps,,red_dragonhide_chaps,scripts/_unpack/377/all.obj
cert_red_partyhat,,red_partyhat,scripts/_unpack/377/all.obj
cert_red_spiders_eggs,,red_spiders_eggs,scripts/_unpack/377/all.obj
cert_red_topaz,,red_topaz,scripts/_unpack/377/all.obj
cert_redberries,,redberries,scripts/_unpack/377/all.obj
cert_redberry_pie,,redberry_pie,scripts/_unpack/377/all.obj
cert_reddye,,reddye,scripts/_unpack/377/all.obj
cert_reed_hollow,,reed_hollow,scripts/_unpack/377/all.obj
cert_regicide_alchemy_symbol1,,regicide_alchemy_symbol1,scripts/_unpack/377/all.obj
cert_regicide_alchemy_symbol2,,regicide_alchemy_symbol2,scripts/_unpack/377/all.obj
cert_regicide_alchemy_symbol3,,regicide_alchemy_symbol3,scripts/_unpack/377/all.obj
cert_regicide_alchemy_symbol4,,regicide_alchemy_symbol4,scripts/_unpack/377/all.obj
cert_regicide_barrel_empty,,regicide_barrel_empty,scripts/_unpack/377/all.obj
cert_regicide_cloth,,regicide_cloth,scripts/_unpack/377/all.obj
cert_regicide_sulphar,,regicide_sulphar,scripts/_unpack/377/all.obj
cert_reinit,,reinit,scripts/_unpack/377/all.obj
cert_reinitialisation_01,Whoopsie,,scripts/_unpack/377/all.obj
cert_reinitialisation_01_inactive,Whoopsie,,scripts/_unpack/377/all.obj
cert_reinitialisation_02,Whoopsie,,scripts/_unpack/377/all.obj
cert_reinitialisation_02_inactive,Whoopsie,,scripts/_unpack/377/all.obj
cert_reinitialisation_03,Whoopsie,,scripts/_unpack/377/all.obj
cert_reinitialisation_03_inactive,Whoopsie,,scripts/_unpack/377/all.obj
cert_reinitialisation_04,Whoopsie,,scripts/_unpack/377/all.obj
cert_reinitialisation_04_inactive,Whoopsie,,scripts/_unpack/377/all.obj
cert_reinitialisation_05,Whoopsie,,scripts/_unpack/377/all.obj
cert_reinitialisation_05_inactive,Whoopsie,,scripts/_unpack/377/all.obj
cert_reinitialisation_06,Whoopsie,,scripts/_unpack/377/all.obj
cert_reinitialisation_06_inactive,Whoopsie,,scripts/_unpack/377/all.obj
cert_reinitialisation_07,Whoopsie,,scripts/_unpack/377/all.obj
cert_reinitialisation_07_inactive,Whoopsie,,scripts/_unpack/377/all.obj
cert_reinitialisation_08,Whoopsie,,scripts/_unpack/377/all.obj
cert_reinitialisation_08_inactive,Whoopsie,,scripts/_unpack/377/all.obj
cert_reinitialisation_09,Whoopsie,,scripts/_unpack/377/all.obj
cert_reinitialisation_09_inactive,Whoopsie,,scripts/_unpack/377/all.obj
cert_reinitialisation_10,Whoopsie,,scripts/_unpack/377/all.obj
cert_reinitialisation_10_inactive,Whoopsie,,scripts/_unpack/377/all.obj
cert_reinitialisation_11,Whoopsie,,scripts/_unpack/377/all.obj
cert_reinitialisation_11_inactive,Whoopsie,,scripts/_unpack/377/all.obj
cert_reinitialisation_12,Whoopsie,,scripts/_unpack/377/all.obj
cert_reinitialisation_12_inactive,Whoopsie,,scripts/_unpack/377/all.obj
cert_reinitialisation_13,Whoopsie,,scripts/_unpack/377/all.obj
cert_reinitialisation_13_inactive,Whoopsie,,scripts/_unpack/377/all.obj
cert_reinitialisation_14,Whoopsie,,scripts/_unpack/377/all.obj
cert_reinitialisation_14_inactive,Whoopsie,,scripts/_unpack/377/all.obj
cert_reinitialisation_15,Whoopsie,,scripts/_unpack/377/all.obj
cert_reinitialisation_15_inactive,Whoopsie,,scripts/_unpack/377/all.obj
cert_reinitialisation_16,Whoopsie,,scripts/_unpack/377/all.obj
cert_reinitialisation_16_inactive,Whoopsie,,scripts/_unpack/377/all.obj
cert_reinitialisation_17,Whoopsie,,scripts/_unpack/377/all.obj
cert_reinitialisation_17_inactive,Whoopsie,,scripts/_unpack/377/all.obj
cert_reinitialisation_18,Whoopsie,,scripts/_unpack/377/all.obj
cert_reinitialisation_18_inactive,Whoopsie,,scripts/_unpack/377/all.obj
cert_reinitialisation_19,Whoopsie,,scripts/_unpack/377/all.obj
cert_reinitialisation_19_inactive,Whoopsie,,scripts/_unpack/377/all.obj
cert_reinitialisation_20,Whoopsie,,scripts/_unpack/377/all.obj
cert_reinitialisation_20_inactive,Whoopsie,,scripts/_unpack/377/all.obj
cert_reinitialisation_21,Whoopsie,,scripts/_unpack/377/all.obj
cert_reinitialisation_21_inactive,Whoopsie,,scripts/_unpack/377/all.obj
cert_reinitialisation_22,Whoopsie,,scripts/_unpack/377/all.obj
cert_reinitialisation_22_inactive,Whoopsie,,scripts/_unpack/377/all.obj
cert_reinitialisation_23,Whoopsie,,scripts/_unpack/377/all.obj
cert_reinitialisation_23_inactive,Whoopsie,,scripts/_unpack/377/all.obj
cert_reinitialisation_24,Whoopsie,,scripts/_unpack/377/all.obj
cert_reinitialisation_24_inactive,Whoopsie,,scripts/_unpack/377/all.obj
cert_relicyms_balm1,,relicyms_balm1,scripts/_unpack/377/all.obj
cert_relicyms_balm2,,relicyms_balm2,scripts/_unpack/377/all.obj
cert_relicyms_balm3,,relicyms_balm3,scripts/_unpack/377/all.obj
cert_relicyms_balm4,,relicyms_balm4,scripts/_unpack/377/all.obj
cert_ring_mould,,ring_mould,scripts/_unpack/377/all.obj
cert_ring_of_dueling_1,,ring_of_dueling_1,scripts/_unpack/377/all.obj
cert_ring_of_dueling_2,,ring_of_dueling_2,scripts/_unpack/377/all.obj
cert_ring_of_dueling_3,,ring_of_dueling_3,scripts/_unpack/377/all.obj
cert_ring_of_dueling_4,,ring_of_dueling_4,scripts/_unpack/377/all.obj
cert_ring_of_dueling_5,,ring_of_dueling_5,scripts/_unpack/377/all.obj
cert_ring_of_dueling_6,,ring_of_dueling_6,scripts/_unpack/377/all.obj
cert_ring_of_dueling_7,,ring_of_dueling_7,scripts/_unpack/377/all.obj
cert_ring_of_dueling_8,,ring_of_dueling_8,scripts/_unpack/377/all.obj
cert_ring_of_forging,,ring_of_forging,scripts/_unpack/377/all.obj
cert_ring_of_life,,ring_of_life,scripts/_unpack/377/all.obj
cert_ring_of_recoil,,ring_of_recoil,scripts/_unpack/377/all.obj
cert_ring_of_wealth,,ring_of_wealth,scripts/_unpack/377/all.obj
cert_robinhoodhat,,robinhoodhat,scripts/_unpack/377/all.obj
cert_rock,,rock,scripts/_unpack/377/all.obj
cert_rogues_purse_sol,,rogues_purse_sol,scripts/_unpack/377/all.obj
cert_roguesden_puzzle_rotation,Whoopsie,,scripts/_unpack/377/all.obj
cert_roguetrader_airrune,,roguetrader_airrune,scripts/_unpack/377/all.obj
cert_roguetrader_bj_assault_maple,,roguetrader_bj_assault_maple,scripts/_unpack/377/all.obj
cert_roguetrader_bj_assault_oak,,roguetrader_bj_assault_oak,scripts/_unpack/377/all.obj
cert_roguetrader_bj_assault_willow,,roguetrader_bj_assault_willow,scripts/_unpack/377/all.obj
cert_roguetrader_bj_defend_maple,,roguetrader_bj_defend_maple,scripts/_unpack/377/all.obj
cert_roguetrader_bj_defend_oak,,roguetrader_bj_defend_oak,scripts/_unpack/377/all.obj
cert_roguetrader_bj_defend_willow,,roguetrader_bj_defend_willow,scripts/_unpack/377/all.obj
cert_roguetrader_bj_maple,,roguetrader_bj_maple,scripts/_unpack/377/all.obj
cert_roguetrader_bodyrune,,roguetrader_bodyrune,scripts/_unpack/377/all.obj
cert_roguetrader_carpetsller_legs,,roguetrader_carpetsller_legs,scripts/_unpack/377/all.obj
cert_roguetrader_carpetsller_legs2,,roguetrader_carpetsller_legs2,scripts/_unpack/377/all.obj
cert_roguetrader_carpetsller_top,,roguetrader_carpetsller_top,scripts/_unpack/377/all.obj
cert_roguetrader_carpetsller_top2,,roguetrader_carpetsller_top2,scripts/_unpack/377/all.obj
cert_roguetrader_chaosrune,,roguetrader_chaosrune,scripts/_unpack/377/all.obj
cert_roguetrader_deathrune,,roguetrader_deathrune,scripts/_unpack/377/all.obj
cert_roguetrader_earthrune,,roguetrader_earthrune,scripts/_unpack/377/all.obj
cert_roguetrader_fez_hat,,roguetrader_fez_hat,scripts/_unpack/377/all.obj
cert_roguetrader_firerune,,roguetrader_firerune,scripts/_unpack/377/all.obj
cert_roguetrader_lawrune,,roguetrader_lawrune,scripts/_unpack/377/all.obj
cert_roguetrader_menaphite_hat,,roguetrader_menaphite_hat,scripts/_unpack/377/all.obj
cert_roguetrader_menaphite_hat_red,,roguetrader_menaphite_hat_red,scripts/_unpack/377/all.obj
cert_roguetrader_menaphite_legs,,roguetrader_menaphite_legs,scripts/_unpack/377/all.obj
cert_roguetrader_menaphite_legs2,,roguetrader_menaphite_legs2,scripts/_unpack/377/all.obj
cert_roguetrader_menaphite_legs_red,,roguetrader_menaphite_legs_red,scripts/_unpack/377/all.obj
cert_roguetrader_menaphite_legs_red2,,roguetrader_menaphite_legs_red2,scripts/_unpack/377/all.obj
cert_roguetrader_menaphite_top,,roguetrader_menaphite_top,scripts/_unpack/377/all.obj
cert_roguetrader_menaphite_top_red,,roguetrader_menaphite_top_red,scripts/_unpack/377/all.obj
cert_roguetrader_mindrune,,roguetrader_mindrune,scripts/_unpack/377/all.obj
cert_roguetrader_waterrune,,roguetrader_waterrune,scripts/_unpack/377/all.obj
cert_roll,Waste disposal,,scripts/_unpack/377/all.obj
cert_rooftile,,rooftile,scripts/_unpack/377/all.obj
cert_rope,,rope,scripts/_unpack/377/all.obj
cert_rosemary,,rosemary,scripts/_unpack/377/all.obj
cert_rotten_food,,rotten_food,scripts/_unpack/377/all.obj
cert_rotten_tomato,,rotten_tomato,scripts/_unpack/377/all.obj
cert_roving_cadarn_book,,roving_cadarn_book,scripts/_unpack/377/all.obj
cert_roving_crystal_book,,roving_crystal_book,scripts/_unpack/377/all.obj
cert_roving_crystal_bow_new,,roving_crystal_bow_new,scripts/_unpack/377/all.obj
cert_roving_crystal_shield_new,,roving_crystal_shield_new,scripts/_unpack/377/all.obj
cert_ruby,,ruby,scripts/_unpack/377/all.obj
cert_ruby_necklace,,ruby_necklace,scripts/_unpack/377/all.obj
cert_ruby_ring,,ruby_ring,scripts/_unpack/377/all.obj
cert_ruined_chompy,,ruined_chompy,scripts/_unpack/377/all.obj
cert_rune_2h_sword,,rune_2h_sword,scripts/_unpack/377/all.obj
cert_rune_armoured_boots,,rune_armoured_boots,scripts/_unpack/377/all.obj
cert_rune_axe,,rune_axe,scripts/_unpack/377/all.obj
cert_rune_battleaxe,,rune_battleaxe,scripts/_unpack/377/all.obj
cert_rune_chainbody,,rune_chainbody,scripts/_unpack/377/all.obj
cert_rune_claws,,rune_claws,scripts/_unpack/377/all.obj
cert_rune_dagger,,rune_dagger,scripts/_unpack/377/all.obj
cert_rune_dagger_p,,rune_dagger_p,scripts/_unpack/377/all.obj
cert_rune_full_helm,,rune_full_helm,scripts/_unpack/377/all.obj
cert_rune_full_helm_gold,,rune_full_helm_gold,scripts/_unpack/377/all.obj
cert_rune_full_helm_goldplate,,rune_full_helm_goldplate,scripts/_unpack/377/all.obj
cert_rune_full_helm_guthix,,rune_full_helm_guthix,scripts/_unpack/377/all.obj
cert_rune_full_helm_saradomin,,rune_full_helm_saradomin,scripts/_unpack/377/all.obj
cert_rune_full_helm_trim,,rune_full_helm_trim,scripts/_unpack/377/all.obj
cert_rune_full_helm_zamorak,,rune_full_helm_zamorak,scripts/_unpack/377/all.obj
cert_rune_halberd,,rune_halberd,scripts/_unpack/377/all.obj
cert_rune_heraldic_kiteshield1,,rune_heraldic_kiteshield1,scripts/_unpack/377/all.obj
cert_rune_heraldic_kiteshield2,,rune_heraldic_kiteshield2,scripts/_unpack/377/all.obj
cert_rune_heraldic_kiteshield3,,rune_heraldic_kiteshield3,scripts/_unpack/377/all.obj
cert_rune_heraldic_kiteshield4,,rune_heraldic_kiteshield4,scripts/_unpack/377/all.obj
cert_rune_heraldic_kiteshield5,,rune_heraldic_kiteshield5,scripts/_unpack/377/all.obj
cert_rune_kiteshield,,rune_kiteshield,scripts/_unpack/377/all.obj
cert_rune_kiteshield_gold,,rune_kiteshield_gold,scripts/_unpack/377/all.obj
cert_rune_kiteshield_goldplate,,rune_kiteshield_goldplate,scripts/_unpack/377/all.obj
cert_rune_kiteshield_guthix,,rune_kiteshield_guthix,scripts/_unpack/377/all.obj
cert_rune_kiteshield_saradomin,,rune_kiteshield_saradomin,scripts/_unpack/377/all.obj
cert_rune_kiteshield_trim,,rune_kiteshield_trim,scripts/_unpack/377/all.obj
cert_rune_kiteshield_zamorak,,rune_kiteshield_zamorak,scripts/_unpack/377/all.obj
cert_rune_longsword,,rune_longsword,scripts/_unpack/377/all.obj
cert_rune_mace,,rune_mace,scripts/_unpack/377/all.obj
cert_rune_med_helm,,rune_med_helm,scripts/_unpack/377/all.obj
cert_rune_pickaxe,,rune_pickaxe,scripts/_unpack/377/all.obj
cert_rune_platebody,,rune_platebody,scripts/_unpack/377/all.obj
cert_rune_platebody_gold,,rune_platebody_gold,scripts/_unpack/377/all.obj
cert_rune_platebody_goldplate,,rune_platebody_goldplate,scripts/_unpack/377/all.obj
cert_rune_platebody_guthix,,rune_platebody_guthix,scripts/_unpack/377/all.obj
cert_rune_platebody_saradomin,,rune_platebody_saradomin,scripts/_unpack/377/all.obj
cert_rune_platebody_trim,,rune_platebody_trim,scripts/_unpack/377/all.obj
cert_rune_platebody_zamorak,,rune_platebody_zamorak,scripts/_unpack/377/all.obj
cert_rune_platelegs,,rune_platelegs,scripts/_unpack/377/all.obj
cert_rune_platelegs_gold,,rune_platelegs_gold,scripts/_unpack/377/all.obj
cert_rune_platelegs_goldplate,,rune_platelegs_goldplate,scripts/_unpack/377/all.obj
cert_rune_platelegs_guthix,,rune_platelegs_guthix,scripts/_unpack/377/all.obj
cert_rune_platelegs_saradomin,,rune_platelegs_saradomin,scripts/_unpack/377/all.obj
cert_rune_platelegs_trim,,rune_platelegs_trim,scripts/_unpack/377/all.obj
cert_rune_platelegs_zamorak,,rune_platelegs_zamorak,scripts/_unpack/377/all.obj
cert_rune_plateskirt,,rune_plateskirt,scripts/_unpack/377/all.obj
cert_rune_plateskirt_gold,,rune_plateskirt_gold,scripts/_unpack/377/all.obj
cert_rune_plateskirt_goldplate,,rune_plateskirt_goldplate,scripts/_unpack/377/all.obj
cert_rune_plateskirt_guthix,,rune_plateskirt_guthix,scripts/_unpack/377/all.obj
cert_rune_plateskirt_saradomin,,rune_plateskirt_saradomin,scripts/_unpack/377/all.obj
cert_rune_plateskirt_trim,,rune_plateskirt_trim,scripts/_unpack/377/all.obj
cert_rune_plateskirt_zamorak,,rune_plateskirt_zamorak,scripts/_unpack/377/all.obj
cert_rune_scimitar,,rune_scimitar,scripts/_unpack/377/all.obj
cert_rune_spear,,rune_spear,scripts/_unpack/377/all.obj
cert_rune_spear_p,,rune_spear_p,scripts/_unpack/377/all.obj
cert_rune_sq_shield,,rune_sq_shield,scripts/_unpack/377/all.obj
cert_rune_sword,,rune_sword,scripts/_unpack/377/all.obj
cert_rune_warhammer,,rune_warhammer,scripts/_unpack/377/all.obj
cert_runite_bar,,runite_bar,scripts/_unpack/377/all.obj
cert_runite_ore,,runite_ore,scripts/_unpack/377/all.obj
cert_sack_cabbage_1,,sack_cabbage_1,scripts/_unpack/377/all.obj
cert_sack_cabbage_10,,sack_cabbage_10,scripts/_unpack/377/all.obj
cert_sack_cabbage_2,,sack_cabbage_2,scripts/_unpack/377/all.obj
cert_sack_cabbage_3,,sack_cabbage_3,scripts/_unpack/377/all.obj
cert_sack_cabbage_4,,sack_cabbage_4,scripts/_unpack/377/all.obj
cert_sack_cabbage_5,,sack_cabbage_5,scripts/_unpack/377/all.obj
cert_sack_cabbage_6,,sack_cabbage_6,scripts/_unpack/377/all.obj
cert_sack_cabbage_7,,sack_cabbage_7,scripts/_unpack/377/all.obj
cert_sack_cabbage_8,,sack_cabbage_8,scripts/_unpack/377/all.obj
cert_sack_cabbage_9,,sack_cabbage_9,scripts/_unpack/377/all.obj
cert_sack_empty,,sack_empty,scripts/_unpack/377/all.obj
cert_sack_onion_1,,sack_onion_1,scripts/_unpack/377/all.obj
cert_sack_onion_10,,sack_onion_10,scripts/_unpack/377/all.obj
cert_sack_onion_2,,sack_onion_2,scripts/_unpack/377/all.obj
cert_sack_onion_3,,sack_onion_3,scripts/_unpack/377/all.obj
cert_sack_onion_4,,sack_onion_4,scripts/_unpack/377/all.obj
cert_sack_onion_5,,sack_onion_5,scripts/_unpack/377/all.obj
cert_sack_onion_6,,sack_onion_6,scripts/_unpack/377/all.obj
cert_sack_onion_7,,sack_onion_7,scripts/_unpack/377/all.obj
cert_sack_onion_8,,sack_onion_8,scripts/_unpack/377/all.obj
cert_sack_onion_9,,sack_onion_9,scripts/_unpack/377/all.obj
cert_sack_potato_1,,sack_potato_1,scripts/_unpack/377/all.obj
cert_sack_potato_10,,sack_potato_10,scripts/_unpack/377/all.obj
cert_sack_potato_2,,sack_potato_2,scripts/_unpack/377/all.obj
cert_sack_potato_3,,sack_potato_3,scripts/_unpack/377/all.obj
cert_sack_potato_4,,sack_potato_4,scripts/_unpack/377/all.obj
cert_sack_potato_5,,sack_potato_5,scripts/_unpack/377/all.obj
cert_sack_potato_6,,sack_potato_6,scripts/_unpack/377/all.obj
cert_sack_potato_7,,sack_potato_7,scripts/_unpack/377/all.obj
cert_sack_potato_8,,sack_potato_8,scripts/_unpack/377/all.obj
cert_sack_potato_9,,sack_potato_9,scripts/_unpack/377/all.obj
cert_sacred_oil1,,sacred_oil1,scripts/_unpack/377/all.obj
cert_sacred_oil2,,sacred_oil2,scripts/_unpack/377/all.obj
cert_sacred_oil3,,sacred_oil3,scripts/_unpack/377/all.obj
cert_sacred_oil4,,sacred_oil4,scripts/_unpack/377/all.obj
cert_salmon,,salmon,scripts/_unpack/377/all.obj
cert_santa_hat,,santa_hat,scripts/_unpack/377/all.obj
cert_sapphire,,sapphire,scripts/_unpack/377/all.obj
cert_sapphire_necklace,,sapphire_necklace,scripts/_unpack/377/all.obj
cert_sapphire_ring,,sapphire_ring,scripts/_unpack/377/all.obj
cert_sardine,,sardine,scripts/_unpack/377/all.obj
cert_seasoned_sardine,,seasoned_sardine,scripts/_unpack/377/all.obj
cert_seasoned_toads_legs,,seasoned_toads_legs,scripts/_unpack/377/all.obj
cert_seaturtle,,seaturtle,scripts/_unpack/377/all.obj
cert_seaweed,,seaweed,scripts/_unpack/377/all.obj
cert_seaweed_fishfood_box,Seaweed in a box?,,scripts/_unpack/377/all.obj
cert_secateurs,,secateurs,scripts/_unpack/377/all.obj
cert_seer_ring,,seer_ring,scripts/_unpack/377/all.obj
cert_sgg,,sgg,scripts/_unpack/377/all.obj
cert_shade_bones1,,shade_bones1,scripts/_unpack/377/all.obj
cert_shade_bones2,,shade_bones2,scripts/_unpack/377/all.obj
cert_shade_bones3,,shade_bones3,scripts/_unpack/377/all.obj
cert_shade_bones4,,shade_bones4,scripts/_unpack/377/all.obj
cert_shade_bones5,,shade_bones5,scripts/_unpack/377/all.obj
cert_shark,,shark,scripts/_unpack/377/all.obj
cert_shears,,shears,scripts/_unpack/377/all.obj
cert_shellpoint_blue,,shellpoint_blue,scripts/_unpack/377/all.obj
cert_shellpoint_swamp,Blamish red shell,shellpoint_red+black,scripts/_unpack/377/all.obj
cert_shellpoint_yellow,,shellpoint_yellow,scripts/_unpack/377/all.obj
cert_shellround_blue,,shellround_blue,scripts/_unpack/377/all.obj
cert_shellround_orange,,shellround_orange,scripts/_unpack/377/all.obj
cert_shellround_swamp,Blamish red shell,shellround_red+black,scripts/_unpack/377/all.obj
cert_shellround_yellow,,shellround_yellow,scripts/_unpack/377/all.obj
cert_shiloshipticket,,shiloshipticket,scripts/_unpack/377/all.obj
cert_shortbow,,shortbow,scripts/_unpack/377/all.obj
cert_shrimp,,shrimp,scripts/_unpack/377/all.obj
cert_sickle_mould,,sickle_mould,scripts/_unpack/377/all.obj
cert_silk,,silk,scripts/_unpack/377/all.obj
cert_silver_bar,,silver_bar,scripts/_unpack/377/all.obj
cert_silver_dust,,silver_dust,scripts/_unpack/377/all.obj
cert_silver_ore,,silver_ore,scripts/_unpack/377/all.obj
cert_silver_sickle,,silver_sickle,scripts/_unpack/377/all.obj
cert_sinister_key,,sinister_key,scripts/_unpack/377/all.obj
cert_skinpaste,Orbital knife,,scripts/_unpack/377/all.obj
cert_skull,,skull,scripts/_unpack/377/all.obj
cert_slayer_boots,,slayer_boots,scripts/_unpack/377/all.obj
cert_slayer_buglan_off,,slayer_buglan_off,scripts/_unpack/377/all.obj
cert_slayer_earmuffs,,slayer_earmuffs,scripts/_unpack/377/all.obj
cert_slayer_facemask,,slayer_facemask,scripts/_unpack/377/all.obj
cert_slayer_leafbladed_spear,,slayer_leafbladed_spear,scripts/_unpack/377/all.obj
cert_slayer_mirror_shield,,slayer_mirror_shield,scripts/_unpack/377/all.obj
cert_slayer_nosepeg,,slayer_nosepeg,scripts/_unpack/377/all.obj
cert_slayer_rock_hammer,,slayer_rock_hammer,scripts/_unpack/377/all.obj
cert_slayer_staff,,slayer_staff,scripts/_unpack/377/all.obj
cert_slayers_respite,,slayers_respite,scripts/_unpack/377/all.obj
cert_smalloysterpearls,,smalloysterpearls,scripts/_unpack/377/all.obj
cert_smashed_glass,,smashed_glass,scripts/_unpack/377/all.obj
cert_snail_corpse1,,snail_corpse1,scripts/_unpack/377/all.obj
cert_snail_corpse2,,snail_corpse2,scripts/_unpack/377/all.obj
cert_snail_corpse3,,snail_corpse3,scripts/_unpack/377/all.obj
cert_snail_corpse_cooked1,,snail_corpse_cooked1,scripts/_unpack/377/all.obj
cert_snail_corpse_cooked2,,snail_corpse_cooked2,scripts/_unpack/377/all.obj
cert_snail_corpse_cooked3,,snail_corpse_cooked3,scripts/_unpack/377/all.obj
cert_snakeskin_bandana,,snakeskin_bandana,scripts/_unpack/377/all.obj
cert_snakeskin_body,,snakeskin_body,scripts/_unpack/377/all.obj
cert_snakeskin_boots,,snakeskin_boots,scripts/_unpack/377/all.obj
cert_snakeskin_chaps,,snakeskin_chaps,scripts/_unpack/377/all.obj
cert_snakeskin_vambraces,,snakeskin_vambraces,scripts/_unpack/377/all.obj
cert_snapdragon,,snapdragon,scripts/_unpack/377/all.obj
cert_snapdragonvial,,snapdragonvial,scripts/_unpack/377/all.obj
cert_snape_grass,,snape_grass,scripts/_unpack/377/all.obj
cert_snelm_point_blue,,snelm_point_blue,scripts/_unpack/377/all.obj
cert_snelm_point_swamp,Blood'n'tar snelm,snelm_point_red+black,scripts/_unpack/377/all.obj
cert_snelm_point_yellow,,snelm_point_yellow,scripts/_unpack/377/all.obj
cert_snelm_round_blue,,snelm_round_blue,scripts/_unpack/377/all.obj
cert_snelm_round_orange,,snelm_round_orange,scripts/_unpack/377/all.obj
cert_snelm_round_swamp,Blood'n'tar snelm,snelm_round_red+black,scripts/_unpack/377/all.obj
cert_snelm_round_yellow,,snelm_round_yellow,scripts/_unpack/377/all.obj
cert_soda_ash,,soda_ash,scripts/_unpack/377/all.obj
cert_softclay,,softclay,scripts/_unpack/377/all.obj
cert_soul_talisman,,soul_talisman,scripts/skill_runecraft/configs/runecraft.obj
cert_soulbane_zaros_spear,,soulbane_zaros_spear,scripts/_unpack/377/all.obj
cert_spade,,spade,scripts/_unpack/377/all.obj
cert_spicespot,,spicespot,scripts/_unpack/377/all.obj
cert_spicy_crunchies,,spicy_crunchies,scripts/_unpack/377/all.obj
cert_spicy_toads_legs,,spicy_toads_legs,scripts/_unpack/377/all.obj
cert_spicy_worm,,spicy_worm,scripts/_unpack/377/all.obj
cert_spinach_roll,,spinach_roll,scripts/_unpack/377/all.obj
cert_spirit_roots,,spirit_roots,scripts/_unpack/377/all.obj
cert_spit_burned_rabbit_meat,,spit_burned_rabbit_meat,scripts/_unpack/377/all.obj
cert_spit_iron,,spit_iron,scripts/_unpack/377/all.obj
cert_spit_roasted_rabbit_meat,,spit_roasted_rabbit_meat,scripts/_unpack/377/all.obj
cert_spit_skewered_chompy,,spit_skewered_chompy,scripts/_unpack/377/all.obj
cert_spit_skewered_rabbit_meat,,spit_skewered_rabbit_meat,scripts/_unpack/377/all.obj
cert_splitbark_body,,splitbark_body,scripts/_unpack/377/all.obj
cert_splitbark_gauntlets,,splitbark_gauntlets,scripts/_unpack/377/all.obj
cert_splitbark_greaves,,splitbark_greaves,scripts/_unpack/377/all.obj
cert_splitbark_helm,,splitbark_helm,scripts/_unpack/377/all.obj
cert_splitbark_legs,,splitbark_legs,scripts/_unpack/377/all.obj
cert_spoilt_batta,,spoilt_batta,scripts/_unpack/377/all.obj
cert_spoilt_cocktail,,spoilt_cocktail,scripts/_unpack/377/all.obj
cert_spoilt_cocktail_creamy,,spoilt_cocktail_creamy,scripts/_unpack/377/all.obj
cert_spoilt_cocktail_fruity,,spoilt_cocktail_fruity,scripts/_unpack/377/all.obj
cert_spoilt_cocktail_slice,,spoilt_cocktail_slice,scripts/_unpack/377/all.obj
cert_spoilt_crunchies,,spoilt_crunchies,scripts/_unpack/377/all.obj
cert_spoilt_gnomebowl,,spoilt_gnomebowl,scripts/_unpack/377/all.obj
cert_square_sandwich,Waste disposal,,scripts/_unpack/377/all.obj
cert_staff_of_air,,staff_of_air,scripts/_unpack/377/all.obj
cert_staff_of_earth,,staff_of_earth,scripts/_unpack/377/all.obj
cert_staff_of_fire,,staff_of_fire,scripts/_unpack/377/all.obj
cert_staff_of_water,,staff_of_water,scripts/_unpack/377/all.obj
cert_staff_of_zaros,,staff_of_zaros,scripts/_unpack/377/all.obj
cert_stafforb,,stafforb,scripts/_unpack/377/all.obj
cert_steel_2h_sword,,steel_2h_sword,scripts/_unpack/377/all.obj
cert_steel_armoured_boots,,steel_armoured_boots,scripts/_unpack/377/all.obj
cert_steel_axe,,steel_axe,scripts/_unpack/377/all.obj
cert_steel_bar,,steel_bar,scripts/_unpack/377/all.obj
cert_steel_battleaxe,,steel_battleaxe,scripts/_unpack/377/all.obj
cert_steel_chainbody,,steel_chainbody,scripts/_unpack/377/all.obj
cert_steel_claws,,steel_claws,scripts/_unpack/377/all.obj
cert_steel_dagger,,steel_dagger,scripts/_unpack/377/all.obj
cert_steel_dagger_p,,steel_dagger_p,scripts/_unpack/377/all.obj
cert_steel_full_helm,,steel_full_helm,scripts/_unpack/377/all.obj
cert_steel_halberd,,steel_halberd,scripts/_unpack/377/all.obj
cert_steel_kiteshield,,steel_kiteshield,scripts/_unpack/377/all.obj
cert_steel_longsword,,steel_longsword,scripts/_unpack/377/all.obj
cert_steel_mace,,steel_mace,scripts/_unpack/377/all.obj
cert_steel_med_helm,,steel_med_helm,scripts/_unpack/377/all.obj
cert_steel_pickaxe,,steel_pickaxe,scripts/_unpack/377/all.obj
cert_steel_platebody,,steel_platebody,scripts/_unpack/377/all.obj
cert_steel_platelegs,,steel_platelegs,scripts/_unpack/377/all.obj
cert_steel_plateskirt,,steel_plateskirt,scripts/_unpack/377/all.obj
cert_steel_scimitar,,steel_scimitar,scripts/_unpack/377/all.obj
cert_steel_spear,,steel_spear,scripts/_unpack/377/all.obj
cert_steel_spear_p,,steel_spear_p,scripts/_unpack/377/all.obj
cert_steel_sq_shield,,steel_sq_shield,scripts/_unpack/377/all.obj
cert_steel_sword,,steel_sword,scripts/_unpack/377/all.obj
cert_steel_warhammer,,steel_warhammer,scripts/_unpack/377/all.obj
cert_stew,,stew,scripts/_unpack/377/all.obj
cert_stew1,,stew1,scripts/_unpack/377/all.obj
cert_stew2,,stew2,scripts/_unpack/377/all.obj
cert_strawberry,,strawberry,scripts/_unpack/377/all.obj
cert_strawboater_black,,strawboater_black,scripts/_unpack/377/all.obj
cert_strawboater_blue,,strawboater_blue,scripts/_unpack/377/all.obj
cert_strawboater_green,,strawboater_green,scripts/_unpack/377/all.obj
cert_strawboater_orange,,strawboater_orange,scripts/_unpack/377/all.obj
cert_strawboater_red,,strawboater_red,scripts/_unpack/377/all.obj
cert_strength4,,strength4,scripts/_unpack/377/all.obj
cert_stringsnake,,stringsnake,scripts/_unpack/377/all.obj
cert_stringstar,,stringstar,scripts/_unpack/377/all.obj
cert_strung_diamond_amulet,,strung_diamond_amulet,scripts/_unpack/377/all.obj
cert_strung_dragonstone_amulet,,strung_dragonstone_amulet,scripts/_unpack/377/all.obj
cert_strung_emerald_amulet,,strung_emerald_amulet,scripts/_unpack/377/all.obj
cert_strung_gold_amulet,,strung_gold_amulet,scripts/_unpack/377/all.obj
cert_strung_onyx_amulet,,strung_onyx_amulet,scripts/_unpack/377/all.obj
cert_strung_ruby_amulet,,strung_ruby_amulet,scripts/_unpack/377/all.obj
cert_strung_sapphire_amulet,,strung_sapphire_amulet,scripts/_unpack/377/all.obj
cert_studded_body,,studded_body,scripts/_unpack/377/all.obj
cert_studded_body_trim_fur,,studded_body_trim_fur,scripts/_unpack/377/all.obj
cert_studded_body_trim_gold,,studded_body_trim_gold,scripts/_unpack/377/all.obj
cert_studded_chaps,,studded_chaps,scripts/_unpack/377/all.obj
cert_studded_chaps_trim_fur,,studded_chaps_trim_fur,scripts/_unpack/377/all.obj
cert_studded_chaps_trim_gold,,studded_chaps_trim_gold,scripts/_unpack/377/all.obj
cert_studs,,studs,scripts/_unpack/377/all.obj
cert_summer_pie,,summer_pie,scripts/_unpack/377/all.obj
cert_super_kebab,,super_kebab,scripts/_unpack/377/all.obj
cert_supercompost_potion_1,,supercompost_potion_1,scripts/_unpack/377/all.obj
cert_supercompost_potion_2,,supercompost_potion_2,scripts/_unpack/377/all.obj
cert_supercompost_potion_3,,supercompost_potion_3,scripts/_unpack/377/all.obj
cert_supercompost_potion_4,,supercompost_potion_4,scripts/_unpack/377/all.obj
cert_swamp_toad,,swamp_toad,scripts/_unpack/377/all.obj
cert_sweetcorn,,sweetcorn,scripts/_unpack/377/all.obj
cert_sweetcorn_burnt,,sweetcorn_burnt,scripts/_unpack/377/all.obj
cert_sweetcorn_cooked,,sweetcorn_cooked,scripts/_unpack/377/all.obj
cert_swordfish,,swordfish,scripts/_unpack/377/all.obj
cert_tangled_toads_legs,,tangled_toads_legs,scripts/_unpack/377/all.obj
cert_tarromin,,tarromin,scripts/_unpack/377/all.obj
cert_tarrominvial,,tarrominvial,scripts/_unpack/377/all.obj
cert_tbw_spider_on_shaft_burnt,,tbw_spider_on_shaft_burnt,scripts/_unpack/377/all.obj
cert_tbw_spider_on_shaft_cooked,,tbw_spider_on_shaft_cooked,scripts/_unpack/377/all.obj
cert_tbw_spider_on_shaft_raw,,tbw_spider_on_shaft_raw,scripts/_unpack/377/all.obj
cert_tbw_spider_on_stick_burnt,,tbw_spider_on_stick_burnt,scripts/_unpack/377/all.obj
cert_tbw_spider_on_stick_cooked,,tbw_spider_on_stick_cooked,scripts/_unpack/377/all.obj
cert_tbw_spider_on_stick_raw,,tbw_spider_on_stick_raw,scripts/_unpack/377/all.obj
cert_tbw_villager_armband_blue,,tbw_villager_armband_blue,scripts/_unpack/377/all.obj
cert_tbw_villager_armband_cream,,tbw_villager_armband_cream,scripts/_unpack/377/all.obj
cert_tbw_villager_armband_purple,,tbw_villager_armband_purple,scripts/_unpack/377/all.obj
cert_tbw_villager_armband_yellow,,tbw_villager_armband_yellow,scripts/_unpack/377/all.obj
cert_tbw_villager_hat_blue,,tbw_villager_hat_blue,scripts/_unpack/377/all.obj
cert_tbw_villager_hat_cream,,tbw_villager_hat_cream,scripts/_unpack/377/all.obj
cert_tbw_villager_hat_purple,,tbw_villager_hat_purple,scripts/_unpack/377/all.obj
cert_tbw_villager_hat_yellow,,tbw_villager_hat_yellow,scripts/_unpack/377/all.obj
cert_tbw_villager_robe_blue,,tbw_villager_robe_blue,scripts/_unpack/377/all.obj
cert_tbw_villager_robe_cream,,tbw_villager_robe_cream,scripts/_unpack/377/all.obj
cert_tbw_villager_robe_purple,,tbw_villager_robe_purple,scripts/_unpack/377/all.obj
cert_tbw_villager_robe_yellow,,tbw_villager_robe_yellow,scripts/_unpack/377/all.obj
cert_tbw_villager_sandals_blue,,tbw_villager_sandals_blue,scripts/_unpack/377/all.obj
cert_tbw_villager_sandals_cream,,tbw_villager_sandals_cream,scripts/_unpack/377/all.obj
cert_tbw_villager_sandals_purple,,tbw_villager_sandals_purple,scripts/_unpack/377/all.obj
cert_tbw_villager_sandals_yellow,,tbw_villager_sandals_yellow,scripts/_unpack/377/all.obj
cert_tbw_villager_shirt_blue,,tbw_villager_shirt_blue,scripts/_unpack/377/all.obj
cert_tbw_villager_shirt_cream,,tbw_villager_shirt_cream,scripts/_unpack/377/all.obj
cert_tbw_villager_shirt_purple,,tbw_villager_shirt_purple,scripts/_unpack/377/all.obj
cert_tbw_villager_shirt_yellow,,tbw_villager_shirt_yellow,scripts/_unpack/377/all.obj
cert_tbwt_beast_bones,,tbwt_beast_bones,scripts/_unpack/377/all.obj
cert_tbwt_burnt_karambwan,,tbwt_burnt_karambwan,scripts/_unpack/377/all.obj
cert_tbwt_cleaning_cloth,,tbwt_cleaning_cloth,scripts/_unpack/377/all.obj
cert_tbwt_cooked_karambwan,,tbwt_cooked_karambwan,scripts/_unpack/377/all.obj
cert_tbwt_jogre_bones,,tbwt_jogre_bones,scripts/_unpack/377/all.obj
cert_tbwt_karambwan_vessel,,tbwt_karambwan_vessel,scripts/_unpack/377/all.obj
cert_tbwt_karambwan_vessel_loaded_with_karambwanji,,tbwt_karambwan_vessel_loaded_with_karambwanji,scripts/_unpack/377/all.obj
cert_tbwt_poorly_cooked_karambwan,,tbwt_poorly_cooked_karambwan,scripts/_unpack/377/all.obj
cert_tbwt_raw_karambwan,,tbwt_raw_karambwan,scripts/_unpack/377/all.obj
cert_tbwt_sliced_banana,,tbwt_sliced_banana,scripts/_unpack/377/all.obj
cert_teak_logs,,teak_logs,scripts/_unpack/377/all.obj
cert_teak_logs_pyre,,teak_logs_pyre,scripts/_unpack/377/all.obj
cert_templetrek_swamp_snake_hide,,templetrek_swamp_snake_hide,scripts/_unpack/377/all.obj
cert_thatching_spar_dense,,thatching_spar_dense,scripts/_unpack/377/all.obj
cert_thatching_spar_light,,thatching_spar_light,scripts/_unpack/377/all.obj
cert_thatching_spar_med,,thatching_spar_med,scripts/_unpack/377/all.obj
cert_tiara,,tiara,scripts/_unpack/377/all.obj
cert_tiara_air,,tiara_air,scripts/skill_runecraft/configs/runecraft.obj
cert_tiara_blood,,tiara_blood,scripts/skill_runecraft/configs/runecraft.obj
cert_tiara_body,,tiara_body,scripts/skill_runecraft/configs/runecraft.obj
cert_tiara_chaos,,tiara_chaos,scripts/skill_runecraft/configs/runecraft.obj
cert_tiara_cosmic,,tiara_cosmic,scripts/skill_runecraft/configs/runecraft.obj
cert_tiara_death,,tiara_death,scripts/skill_runecraft/configs/runecraft.obj
cert_tiara_earth,,tiara_earth,scripts/skill_runecraft/configs/runecraft.obj
cert_tiara_fire,,tiara_fire,scripts/skill_runecraft/configs/runecraft.obj
cert_tiara_law,Broken tiara,,scripts/skill_runecraft/configs/runecraft.obj
cert_tiara_mind,,tiara_mind,scripts/skill_runecraft/configs/runecraft.obj
cert_tiara_mould,,tiara_mould,scripts/_unpack/377/all.obj
cert_tiara_nature,,tiara_nature,scripts/skill_runecraft/configs/runecraft.obj
cert_tiara_soul,,tiara_soul,scripts/skill_runecraft/configs/runecraft.obj
cert_tiara_water,,tiara_water,scripts/skill_runecraft/configs/runecraft.obj
cert_tin_ore,,tin_ore,scripts/_unpack/377/all.obj
cert_tinderbox,,tinderbox,scripts/_unpack/377/all.obj
cert_toad_batta,,cheese+tom_batta,scripts/_unpack/377/all.obj
cert_toad_crunchies,,toad_crunchies,scripts/_unpack/377/all.obj
cert_toadflax,,toadflax,scripts/_unpack/377/all.obj
cert_toadflaxvial,,toadflaxvial,scripts/_unpack/377/all.obj
cert_toads_legs,,toads_legs,scripts/_unpack/377/all.obj
cert_tomato,,tomato,scripts/_unpack/377/all.obj
cert_torch_lit,Torch,,scripts/_unpack/377/all.obj
cert_torch_unlit,,torch_unlit,scripts/_unpack/377/all.obj
cert_torstol,,torstol,scripts/_unpack/377/all.obj
cert_torstolvial,,torstolvial,scripts/_unpack/377/all.obj
cert_trail_clue_easy_map001_casket,Casket,,scripts/_unpack/377/all.obj
cert_trail_clue_easy_map002_casket,Casket,,scripts/_unpack/377/all.obj
cert_trail_clue_easy_map003_casket,Casket,,scripts/_unpack/377/all.obj
cert_triangle_sandwich,Waste disposal,,scripts/_unpack/377/all.obj
cert_trout,,trout,scripts/_unpack/377/all.obj
cert_tuna,,tuna,scripts/_unpack/377/all.obj
cert_twpart1,,twpart1,scripts/_unpack/377/all.obj
cert_twpart2,,twpart2,scripts/_unpack/377/all.obj
cert_twpart3,,twpart3,scripts/_unpack/377/all.obj
cert_twpart4,,twpart4,scripts/_unpack/377/all.obj
cert_tzhaar_cape_obsidian,,tzhaar_cape_obsidian,scripts/_unpack/377/all.obj
cert_tzhaar_knife,,tzhaar_knife,scripts/_unpack/377/all.obj
cert_tzhaar_mace,,tzhaar_mace,scripts/_unpack/377/all.obj
cert_tzhaar_maul,,tzhaar_maul,scripts/_unpack/377/all.obj
cert_tzhaar_spikeshield,,tzhaar_spikeshield,scripts/_unpack/377/all.obj
cert_tzhaar_splitsword,,tzhaar_splitsword,scripts/_unpack/377/all.obj
cert_tzhaar_staff,,tzhaar_staff,scripts/_unpack/377/all.obj
cert_ugthanki_kebab,,ugthanki_kebab,scripts/_unpack/377/all.obj
cert_ugthanki_kebab_bad,,ugthanki_kebab_bad,scripts/_unpack/377/all.obj
cert_uncooked_admiral_pie,,uncooked_admiral_pie,scripts/_unpack/377/all.obj
cert_uncooked_apple_pie,,uncooked_apple_pie,scripts/_unpack/377/all.obj
cert_uncooked_cake,,uncooked_cake,scripts/_unpack/377/all.obj
cert_uncooked_curry,,uncooked_curry,scripts/_unpack/377/all.obj
cert_uncooked_fish_pie,,uncooked_fish_pie,scripts/_unpack/377/all.obj
cert_uncooked_garden_pie,,uncooked_garden_pie,scripts/_unpack/377/all.obj
cert_uncooked_meat_pie,,uncooked_meat_pie,scripts/_unpack/377/all.obj
cert_uncooked_mud_pie,,uncooked_mud_pie,scripts/_unpack/377/all.obj
cert_uncooked_pitta_bread,,uncooked_pitta_bread,scripts/_unpack/377/all.obj
cert_uncooked_pizza,,uncooked_pizza,scripts/_unpack/377/all.obj
cert_uncooked_redberry_pie,,uncooked_redberry_pie,scripts/_unpack/377/all.obj
cert_uncooked_stew,,uncooked_stew,scripts/_unpack/377/all.obj
cert_uncooked_summer_pie,,uncooked_summer_pie,scripts/_unpack/377/all.obj
cert_uncooked_wild_pie,,uncooked_wild_pie,scripts/_unpack/377/all.obj
cert_uncut_diamond,,uncut_diamond,scripts/_unpack/377/all.obj
cert_uncut_dragonstone,,uncut_dragonstone,scripts/_unpack/377/all.obj
cert_uncut_emerald,,uncut_emerald,scripts/_unpack/377/all.obj
cert_uncut_jade,,uncut_jade,scripts/_unpack/377/all.obj
cert_uncut_onyx,,uncut_onyx,scripts/_unpack/377/all.obj
cert_uncut_opal,,uncut_opal,scripts/_unpack/377/all.obj
cert_uncut_red_topaz,,uncut_red_topaz,scripts/_unpack/377/all.obj
cert_uncut_ruby,,uncut_ruby,scripts/_unpack/377/all.obj
cert_uncut_sapphire,,uncut_sapphire,scripts/_unpack/377/all.obj
cert_unfinished_admiral_pie_1,,unfinished_admiral_pie_1,scripts/_unpack/377/all.obj
cert_unfinished_admiral_pie_2,,unfinished_admiral_pie_2,scripts/_unpack/377/all.obj
cert_unfinished_blurberry_special1,,unfinished_blurberry_special1,scripts/_unpack/377/all.obj
cert_unfinished_blurberry_special2,,unfinished_blurberry_special2,scripts/_unpack/377/all.obj
cert_unfinished_blurberry_special3,,unfinished_blurberry_special3,scripts/_unpack/377/all.obj
cert_unfinished_blurberry_special4,,unfinished_blurberry_special4,scripts/_unpack/377/all.obj
cert_unfinished_chocchip_crunchies,,unfinished_chocchip_crunchies,scripts/_unpack/377/all.obj
cert_unfinished_chocolate_bomb1,,unfinished_chocolate_bomb1,scripts/_unpack/377/all.obj
cert_unfinished_chocolate_bomb2,,unfinished_chocolate_bomb2,scripts/_unpack/377/all.obj
cert_unfinished_chocolate_bomb3,,unfinished_chocolate_bomb3,scripts/_unpack/377/all.obj
cert_unfinished_chocolate_saturday1,,unfinished_chocolate_saturday1,scripts/_unpack/377/all.obj
cert_unfinished_chocolate_saturday2,,unfinished_chocolate_saturday2,scripts/_unpack/377/all.obj
cert_unfinished_chocolate_saturday3,,unfinished_chocolate_saturday3,scripts/_unpack/377/all.obj
cert_unfinished_chocolate_saturday4,,unfinished_chocolate_saturday4,scripts/_unpack/377/all.obj
cert_unfinished_drunk_dragon1,,unfinished_drunk_dragon1,scripts/_unpack/377/all.obj
cert_unfinished_drunk_dragon2,,unfinished_drunk_dragon2,scripts/_unpack/377/all.obj
cert_unfinished_drunk_dragon3,,unfinished_drunk_dragon3,scripts/_unpack/377/all.obj
cert_unfinished_fish_pie_1,,unfinished_fish_pie_1,scripts/_unpack/377/all.obj
cert_unfinished_fish_pie_2,,unfinished_fish_pie_2,scripts/_unpack/377/all.obj
cert_unfinished_fruit_batta,,unfinished_fruit_batta,scripts/_unpack/377/all.obj
cert_unfinished_fruit_blast1,,unfinished_fruit_blast1,scripts/_unpack/377/all.obj
cert_unfinished_garden_pie_1,,unfinished_garden_pie_1,scripts/_unpack/377/all.obj
cert_unfinished_garden_pie_2,,unfinished_garden_pie_2,scripts/_unpack/377/all.obj
cert_unfinished_mud_pie_1,,unfinished_mud_pie_1,scripts/_unpack/377/all.obj
cert_unfinished_mud_pie_2,,unfinished_mud_pie_2,scripts/_unpack/377/all.obj
cert_unfinished_pineapple_punch1,,unfinished_pineapple_punch1,scripts/_unpack/377/all.obj
cert_unfinished_pineapple_punch2,,unfinished_pineapple_punch2,scripts/_unpack/377/all.obj
cert_unfinished_pineapple_punch3,,unfinished_pineapple_punch3,scripts/_unpack/377/all.obj
cert_unfinished_sgg1,,unfinished_sgg1,scripts/_unpack/377/all.obj
cert_unfinished_sgg2,,unfinished_sgg2,scripts/_unpack/377/all.obj
cert_unfinished_spicy_crunchies,,unfinished_spicy_crunchies,scripts/_unpack/377/all.obj
cert_unfinished_summer_pie_1,,unfinished_summer_pie_1,scripts/_unpack/377/all.obj
cert_unfinished_summer_pie_2,,unfinished_summer_pie_2,scripts/_unpack/377/all.obj
cert_unfinished_toad_crunchies,,unfinished_toad_crunchies,scripts/_unpack/377/all.obj
cert_unfinished_veg_ball,,unfinished_veg_ball,scripts/_unpack/377/all.obj
cert_unfinished_vegetable_batta,,unfinished_vegetable_batta,scripts/_unpack/377/all.obj
cert_unfinished_wild_pie_1,,unfinished_wild_pie_1,scripts/_unpack/377/all.obj
cert_unfinished_wild_pie_2,,unfinished_wild_pie_2,scripts/_unpack/377/all.obj
cert_unfinished_wizard_blizzard1,,unfinished_wizard_blizzard1,scripts/_unpack/377/all.obj
cert_unfinished_wizard_blizzard2,,unfinished_wizard_blizzard2,scripts/_unpack/377/all.obj
cert_unfinished_worm_batta,,unfinished_worm_batta,scripts/_unpack/377/all.obj
cert_unfinished_worm_crunchies,,unfinished_worm_crunchies,scripts/_unpack/377/all.obj
cert_unfinished_worm_hole,,unfinished_worm_hole,scripts/_unpack/377/all.obj
cert_unicorn_horn,,unicorn_horn,scripts/_unpack/377/all.obj
cert_unicorn_horn_dust,,unicorn_horn_dust,scripts/_unpack/377/all.obj
cert_unidentified_avantoe,,unidentified_avantoe,scripts/_unpack/377/all.obj
cert_unidentified_cadantine,,unidentified_cadantine,scripts/_unpack/377/all.obj
cert_unidentified_dwarf_weed,,unidentified_dwarf_weed,scripts/_unpack/377/all.obj
cert_unidentified_guam,,unidentified_guam,scripts/_unpack/377/all.obj
cert_unidentified_harralander,,unidentified_harralander,scripts/_unpack/377/all.obj
cert_unidentified_irit,,unidentified_irit,scripts/_unpack/377/all.obj
cert_unidentified_kwuarm,,unidentified_kwuarm,scripts/_unpack/377/all.obj
cert_unidentified_lantadyme,,unidentified_lantadyme,scripts/_unpack/377/all.obj
cert_unidentified_marentill,,unidentified_marentill,scripts/_unpack/377/all.obj
cert_unidentified_ranarr,,unidentified_ranarr,scripts/_unpack/377/all.obj
cert_unidentified_snapdragon,,unidentified_snapdragon,scripts/_unpack/377/all.obj
cert_unidentified_tarromin,,unidentified_tarromin,scripts/_unpack/377/all.obj
cert_unidentified_toadflax,,unidentified_toadflax,scripts/_unpack/377/all.obj
cert_unidentified_torstol,,unidentified_torstol,scripts/_unpack/377/all.obj
cert_unlit_candle,,unlit_candle,scripts/_unpack/377/all.obj
cert_unlitarrow,Double helix,,scripts/_unpack/377/all.obj
cert_unstrung_diamond_amulet,,unstrung_diamond_amulet,scripts/_unpack/377/all.obj
cert_unstrung_dragonstone_amulet,,unstrung_dragonstone_amulet,scripts/_unpack/377/all.obj
cert_unstrung_emerald_amulet,,unstrung_emerald_amulet,scripts/_unpack/377/all.obj
cert_unstrung_gold_amulet,,unstrung_gold_amulet,scripts/_unpack/377/all.obj
cert_unstrung_longbow,,unstrung_longbow,scripts/_unpack/377/all.obj
cert_unstrung_magic_longbow,,unstrung_magic_longbow,scripts/_unpack/377/all.obj
cert_unstrung_magic_shortbow,,unstrung_magic_shortbow,scripts/_unpack/377/all.obj
cert_unstrung_maple_longbow,,unstrung_maple_longbow,scripts/_unpack/377/all.obj
cert_unstrung_maple_shortbow,,unstrung_maple_shortbow,scripts/_unpack/377/all.obj
cert_unstrung_oak_longbow,,unstrung_oak_longbow,scripts/_unpack/377/all.obj
cert_unstrung_oak_shortbow,,unstrung_oak_shortbow,scripts/_unpack/377/all.obj
cert_unstrung_onyx_amulet,,unstrung_onyx_amulet,scripts/_unpack/377/all.obj
cert_unstrung_ruby_amulet,,unstrung_ruby_amulet,scripts/_unpack/377/all.obj
cert_unstrung_sapphire_amulet,,unstrung_sapphire_amulet,scripts/_unpack/377/all.obj
cert_unstrung_shortbow,,unstrung_shortbow,scripts/_unpack/377/all.obj
cert_unstrung_willow_longbow,,unstrung_willow_longbow,scripts/_unpack/377/all.obj
cert_unstrung_willow_shortbow,,unstrung_willow_shortbow,scripts/_unpack/377/all.obj
cert_unstrung_yew_longbow,,unstrung_yew_longbow,scripts/_unpack/377/all.obj
cert_unstrung_yew_shortbow,,unstrung_yew_shortbow,scripts/_unpack/377/all.obj
cert_unstrung_zogre_bow,,unstrung_zogre_bow,scripts/_unpack/377/all.obj
cert_vampire_dust,,vampire_dust,scripts/_unpack/377/all.obj
cert_veg_ball,,veg_ball,scripts/_unpack/377/all.obj
cert_vegetable_batta,,vegetable_batta,scripts/_unpack/377/all.obj
cert_vial_coconut_milk,,vial_coconut_milk,scripts/_unpack/377/all.obj
cert_vial_empty,,vial_empty,scripts/_unpack/377/all.obj
cert_vial_water,,vial_water,scripts/_unpack/377/all.obj
cert_viking_cloak_black,,viking_cloak_black,scripts/_unpack/377/all.obj
cert_viking_cloak_brown,,viking_cloak_brown,scripts/_unpack/377/all.obj
cert_viking_cloak_darkbrown,,viking_cloak_darkbrown,scripts/_unpack/377/all.obj
cert_viking_cloak_green,,viking_cloak_green,scripts/_unpack/377/all.obj
cert_viking_cloak_grey,,viking_cloak_grey,scripts/_unpack/377/all.obj
cert_viking_cloak_lightbrown,,viking_cloak_lightbrown,scripts/_unpack/377/all.obj
cert_viking_cloak_ocean,,viking_cloak_ocean,scripts/_unpack/377/all.obj
cert_viking_cloak_pink,,viking_cloak_pink,scripts/_unpack/377/all.obj
cert_viking_cloak_purple,,viking_cloak_purple,scripts/_unpack/377/all.obj
cert_viking_cloak_red,,viking_cloak_red,scripts/_unpack/377/all.obj
cert_viking_cloak_tangerine,,viking_cloak_tangerine,scripts/_unpack/377/all.obj
cert_viking_helmet_crush,,viking_helmet_crush,scripts/_unpack/377/all.obj
cert_viking_helmet_magic,,viking_helmet_magic,scripts/_unpack/377/all.obj
cert_viking_helmet_range,,viking_helmet_range,scripts/_unpack/377/all.obj
cert_viking_helmet_slash,,viking_helmet_slash,scripts/_unpack/377/all.obj
cert_viking_red_splat,,viking_red_splat,scripts/_unpack/377/all.obj
cert_viking_tankard_empty,,viking_tankard_empty,scripts/_unpack/377/all.obj
cert_viking_tankard_full,,viking_tankard_full,scripts/_unpack/377/all.obj
cert_viking_top_beige,,viking_top_beige,scripts/_unpack/377/all.obj
cert_viking_top_blue,,viking_top_blue,scripts/_unpack/377/all.obj
cert_viking_top_darkbrown,,viking_top_darkbrown,scripts/_unpack/377/all.obj
cert_viking_top_green,,viking_top_green,scripts/_unpack/377/all.obj
cert_viking_top_red,,viking_top_red,scripts/_unpack/377/all.obj
cert_vikingboots,,vikingboots,scripts/_unpack/377/all.obj
cert_vikinggloves,,vikinggloves,scripts/_unpack/377/all.obj
cert_vikinghat,,vikinghat,scripts/_unpack/377/all.obj
cert_vikingrobebottom,,vikingrobebottom,scripts/_unpack/377/all.obj
cert_vikingrobetop,,vikingrobetop,scripts/_unpack/377/all.obj
cert_village_rare_tuber,,village_rare_tuber,scripts/_unpack/377/all.obj
cert_village_snake_hide,,village_snake_hide,scripts/_unpack/377/all.obj
cert_village_snake_skin,,village_snake_skin,scripts/_unpack/377/all.obj
cert_village_spider_carcass,,village_spider_carcass,scripts/_unpack/377/all.obj
cert_vodka,,vodka,scripts/_unpack/377/all.obj
cert_waa_helper,Olive stuffer,,scripts/_unpack/377/all.obj
cert_waa_stick,Coconut bunch,,scripts/_unpack/377/all.obj
cert_wallbeast_spike_helmet,,wallbeast_spike_helmet,scripts/_unpack/377/all.obj
cert_warhammer,,warhammer,scripts/_unpack/377/all.obj
cert_warrior_ring,,warrior_ring,scripts/_unpack/377/all.obj
cert_water_battlestaff,,water_battlestaff,scripts/_unpack/377/all.obj
cert_water_orb,,water_orb,scripts/_unpack/377/all.obj
cert_water_skin0,,water_skin0,scripts/_unpack/377/all.obj
cert_water_skin1,,water_skin1,scripts/_unpack/377/all.obj
cert_water_skin2,,water_skin2,scripts/_unpack/377/all.obj
cert_water_skin3,,water_skin3,scripts/_unpack/377/all.obj
cert_water_skin4,,water_skin4,scripts/_unpack/377/all.obj
cert_water_talisman,,water_talisman,scripts/skill_runecraft/configs/runecraft.obj
cert_watering_can_0,,watering_can_0,scripts/_unpack/377/all.obj
cert_watermelon,,watermelon,scripts/_unpack/377/all.obj
cert_watermelon_slice,,watermelon_slice,scripts/_unpack/377/all.obj
cert_weapon_poison,,weapon_poison,scripts/_unpack/377/all.obj
cert_weeds,,weeds,scripts/_unpack/377/all.obj
cert_werewolf_slide_hold,Elven sheep,,scripts/_unpack/377/all.obj
cert_werewolve_fur,,werewolve_fur,scripts/_unpack/377/all.obj
cert_whisky,,whisky,scripts/_unpack/377/all.obj
cert_white_2h_sword,,white_2h_sword,scripts/_unpack/377/all.obj
cert_white_apron,,white_apron,scripts/_unpack/377/all.obj
cert_white_armoured_boots,,white_armoured_boots,scripts/_unpack/377/all.obj
cert_white_battleaxe,,white_battleaxe,scripts/_unpack/377/all.obj
cert_white_bead,,white_bead,scripts/quests/quest_imp/configs/quest_imp.obj
cert_white_berries,,white_berries,scripts/_unpack/377/all.obj
cert_white_chainbody,,white_chainbody,scripts/_unpack/377/all.obj
cert_white_claws,,white_claws,scripts/_unpack/377/all.obj
cert_white_dagger,,white_dagger,scripts/_unpack/377/all.obj
cert_white_dagger_p,White dagger(s),white_dagger_p++,scripts/_unpack/377/all.obj
cert_white_full_helm,,white_full_helm,scripts/_unpack/377/all.obj
cert_white_gloves,,white_gloves,scripts/_unpack/377/all.obj
cert_white_halberd,,white_halberd,scripts/_unpack/377/all.obj
cert_white_kiteshield,,white_kiteshield,scripts/_unpack/377/all.obj
cert_white_longsword,,white_longsword,scripts/_unpack/377/all.obj
cert_white_mace,,white_mace,scripts/_unpack/377/all.obj
cert_white_magic_staff,,white_magic_staff,scripts/_unpack/377/all.obj
cert_white_med_helm,,white_med_helm,scripts/_unpack/377/all.obj
cert_white_partyhat,,white_partyhat,scripts/_unpack/377/all.obj
cert_white_platebody,,white_platebody,scripts/_unpack/377/all.obj
cert_white_platelegs,,white_platelegs,scripts/_unpack/377/all.obj
cert_white_plateskirt,,white_plateskirt,scripts/_unpack/377/all.obj
cert_white_scimitar,,white_scimitar,scripts/_unpack/377/all.obj
cert_white_sq_shield,,white_sq_shield,scripts/_unpack/377/all.obj
cert_white_sword,,white_sword,scripts/_unpack/377/all.obj
cert_white_warhammer,,white_warhammer,scripts/_unpack/377/all.obj
cert_wild_pie,,wild_pie,scripts/_unpack/377/all.obj
cert_wildblood_hops,,wildblood_hops,scripts/_unpack/377/all.obj
cert_wilderness_cape_1,,wilderness_cape_1,scripts/_unpack/377/all.obj
cert_wilderness_cape_10,,wilderness_cape_10,scripts/_unpack/377/all.obj
cert_wilderness_cape_11,,wilderness_cape_11,scripts/_unpack/377/all.obj
cert_wilderness_cape_12,,wilderness_cape_12,scripts/_unpack/377/all.obj
cert_wilderness_cape_13,,wilderness_cape_13,scripts/_unpack/377/all.obj
cert_wilderness_cape_14,,wilderness_cape_14,scripts/_unpack/377/all.obj
cert_wilderness_cape_15,,wilderness_cape_15,scripts/_unpack/377/all.obj
cert_wilderness_cape_16,,wilderness_cape_16,scripts/_unpack/377/all.obj
cert_wilderness_cape_17,,wilderness_cape_17,scripts/_unpack/377/all.obj
cert_wilderness_cape_18,,wilderness_cape_18,scripts/_unpack/377/all.obj
cert_wilderness_cape_19,,wilderness_cape_19,scripts/_unpack/377/all.obj
cert_wilderness_cape_2,,wilderness_cape_2,scripts/_unpack/377/all.obj
cert_wilderness_cape_20,,wilderness_cape_20,scripts/_unpack/377/all.obj
cert_wilderness_cape_21,,wilderness_cape_21,scripts/_unpack/377/all.obj
cert_wilderness_cape_22,,wilderness_cape_22,scripts/_unpack/377/all.obj
cert_wilderness_cape_23,,wilderness_cape_23,scripts/_unpack/377/all.obj
cert_wilderness_cape_24,,wilderness_cape_24,scripts/_unpack/377/all.obj
cert_wilderness_cape_25,,wilderness_cape_25,scripts/_unpack/377/all.obj
cert_wilderness_cape_26,,wilderness_cape_26,scripts/_unpack/377/all.obj
cert_wilderness_cape_27,,wilderness_cape_27,scripts/_unpack/377/all.obj
cert_wilderness_cape_28,,wilderness_cape_28,scripts/_unpack/377/all.obj
cert_wilderness_cape_29,,wilderness_cape_29,scripts/_unpack/377/all.obj
cert_wilderness_cape_3,,wilderness_cape_3,scripts/_unpack/377/all.obj
cert_wilderness_cape_30,,wilderness_cape_30,scripts/_unpack/377/all.obj
cert_wilderness_cape_31,,wilderness_cape_31,scripts/_unpack/377/all.obj
cert_wilderness_cape_32,,wilderness_cape_32,scripts/_unpack/377/all.obj
cert_wilderness_cape_33,,wilderness_cape_33,scripts/_unpack/377/all.obj
cert_wilderness_cape_34,,wilderness_cape_34,scripts/_unpack/377/all.obj
cert_wilderness_cape_35,,wilderness_cape_35,scripts/_unpack/377/all.obj
cert_wilderness_cape_36,,wilderness_cape_36,scripts/_unpack/377/all.obj
cert_wilderness_cape_37,,wilderness_cape_37,scripts/_unpack/377/all.obj
cert_wilderness_cape_38,,wilderness_cape_38,scripts/_unpack/377/all.obj
cert_wilderness_cape_39,,wilderness_cape_39,scripts/_unpack/377/all.obj
cert_wilderness_cape_4,,wilderness_cape_4,scripts/_unpack/377/all.obj
cert_wilderness_cape_40,,wilderness_cape_40,scripts/_unpack/377/all.obj
cert_wilderness_cape_41,,wilderness_cape_41,scripts/_unpack/377/all.obj
cert_wilderness_cape_42,,wilderness_cape_42,scripts/_unpack/377/all.obj
cert_wilderness_cape_43,,wilderness_cape_43,scripts/_unpack/377/all.obj
cert_wilderness_cape_44,,wilderness_cape_44,scripts/_unpack/377/all.obj
cert_wilderness_cape_45,,wilderness_cape_45,scripts/_unpack/377/all.obj
cert_wilderness_cape_46,,wilderness_cape_46,scripts/_unpack/377/all.obj
cert_wilderness_cape_47,,wilderness_cape_47,scripts/_unpack/377/all.obj
cert_wilderness_cape_48,,wilderness_cape_48,scripts/_unpack/377/all.obj
cert_wilderness_cape_49,,wilderness_cape_49,scripts/_unpack/377/all.obj
cert_wilderness_cape_5,,wilderness_cape_5,scripts/_unpack/377/all.obj
cert_wilderness_cape_50,,wilderness_cape_50,scripts/_unpack/377/all.obj
cert_wilderness_cape_6,,wilderness_cape_6,scripts/_unpack/377/all.obj
cert_wilderness_cape_7,,wilderness_cape_7,scripts/_unpack/377/all.obj
cert_wilderness_cape_8,,wilderness_cape_8,scripts/_unpack/377/all.obj
cert_wilderness_cape_9,,wilderness_cape_9,scripts/_unpack/377/all.obj
cert_willow_branch,,willow_branch,scripts/_unpack/377/all.obj
cert_willow_logs,,willow_logs,scripts/_unpack/377/all.obj
cert_willow_logs_pyre,,willow_logs_pyre,scripts/_unpack/377/all.obj
cert_willow_longbow,,willow_longbow,scripts/_unpack/377/all.obj
cert_willow_roots,,willow_roots,scripts/_unpack/377/all.obj
cert_willow_shortbow,,willow_shortbow,scripts/_unpack/377/all.obj
cert_wine_of_zamorak,,wine_of_zamorak,scripts/_unpack/377/all.obj
cert_wizard_blizzard,,wizard_blizzard,scripts/_unpack/377/all.obj
cert_wizards_mind_bomb,,wizards_mind_bomb,scripts/_unpack/377/all.obj
cert_wizards_robe,,wizards_robe,scripts/_unpack/377/all.obj
cert_wizards_robe_trim,,wizards_robe_trim,scripts/_unpack/377/all.obj
cert_wizards_robe_trim_gold,,wizards_robe_trim_gold,scripts/_unpack/377/all.obj
cert_wolf_bones,,wolf_bones,scripts/_unpack/377/all.obj
cert_wolfenboots_crimson,,wolfenboots_crimson,scripts/_unpack/377/all.obj
cert_wolfenboots_grey,,wolfenboots_grey,scripts/_unpack/377/all.obj
cert_wolfenboots_ocean,,wolfenboots_ocean,scripts/_unpack/377/all.obj
cert_wolfenboots_purple,,wolfenboots_purple,scripts/_unpack/377/all.obj
cert_wolfenboots_tangerine,,wolfenboots_tangerine,scripts/_unpack/377/all.obj
cert_wolfengloves_crimson,,wolfengloves_crimson,scripts/_unpack/377/all.obj
cert_wolfengloves_grey,,wolfengloves_grey,scripts/_unpack/377/all.obj
cert_wolfengloves_ocean,,wolfengloves_ocean,scripts/_unpack/377/all.obj
cert_wolfengloves_purple,,wolfengloves_purple,scripts/_unpack/377/all.obj
cert_wolfengloves_tangerine,,wolfengloves_tangerine,scripts/_unpack/377/all.obj
cert_wolfenhat_crimson,,wolfenhat_crimson,scripts/_unpack/377/all.obj
cert_wolfenhat_grey,,wolfenhat_grey,scripts/_unpack/377/all.obj
cert_wolfenhat_ocean,,wolfenhat_ocean,scripts/_unpack/377/all.obj
cert_wolfenhat_purple,,wolfenhat_purple,scripts/_unpack/377/all.obj
cert_wolfenhat_tangerine,,wolfenhat_tangerine,scripts/_unpack/377/all.obj
cert_wolfenrobebottom_crimson,,wolfenrobebottom_crimson,scripts/_unpack/377/all.obj
cert_wolfenrobebottom_grey,,wolfenrobebottom_grey,scripts/_unpack/377/all.obj
cert_wolfenrobebottom_ocean,,wolfenrobebottom_ocean,scripts/_unpack/377/all.obj
cert_wolfenrobebottom_purple,,wolfenrobebottom_purple,scripts/_unpack/377/all.obj
cert_wolfenrobebottom_tangerine,,wolfenrobebottom_tangerine,scripts/_unpack/377/all.obj
cert_wolfenrobetop_crimson,,wolfenrobetop_crimson,scripts/_unpack/377/all.obj
cert_wolfenrobetop_grey,,wolfenrobetop_grey,scripts/_unpack/377/all.obj
cert_wolfenrobetop_ocean,,wolfenrobetop_ocean,scripts/_unpack/377/all.obj
cert_wolfenrobetop_purple,,wolfenrobetop_purple,scripts/_unpack/377/all.obj
cert_wolfenrobetop_tangerine,,wolfenrobetop_tangerine,scripts/_unpack/377/all.obj
cert_wooden_shield,,wooden_shield,scripts/_unpack/377/all.obj
cert_woodplank,,woodplank,scripts/_unpack/377/all.obj
cert_wool,,wool,scripts/_unpack/377/all.obj
cert_worm,,worm,scripts/_unpack/377/all.obj
cert_worm_batta,,worm_batta,scripts/_unpack/377/all.obj
cert_worm_crunchies,,worm_crunchies,scripts/_unpack/377/all.obj
cert_worm_hole,,worm_hole,scripts/_unpack/377/all.obj
cert_wrapped_oomlie,,wrapped_oomlie,scripts/_unpack/377/all.obj
cert_wyvern_bones,,wyvern_bones,scripts/_unpack/377/all.obj
cert_yanillian_hops,,yanillian_hops,scripts/_unpack/377/all.obj
cert_yellow_bead,,yellow_bead,scripts/quests/quest_imp/configs/quest_imp.obj
cert_yellow_cape,,yellow_cape,scripts/_unpack/377/all.obj
cert_yellow_partyhat,,yellow_partyhat,scripts/_unpack/377/all.obj
cert_yellowdye,,yellowdye,scripts/_unpack/377/all.obj
cert_yew_logs,,yew_logs,scripts/_unpack/377/all.obj
cert_yew_logs_pyre,,yew_logs_pyre,scripts/_unpack/377/all.obj
cert_yew_longbow,,yew_longbow,scripts/_unpack/377/all.obj
cert_yew_roots,,yew_roots,scripts/_unpack/377/all.obj
cert_yew_shortbow,,yew_shortbow,scripts/_unpack/377/all.obj
cert_zamrobebottom,,zamrobebottom,scripts/_unpack/377/all.obj
cert_zamrobetop,,zamrobetop,scripts/_unpack/377/all.obj
cert_zogre_ancestral_bones_fayg,,zogre_ancestral_bones_fayg,scripts/_unpack/377/all.obj
cert_zogre_ancestral_bones_ourg,,zogre_ancestral_bones_ourg,scripts/_unpack/377/all.obj
cert_zogre_ancestral_bones_raurg,,zogre_ancestral_bones_raurg,scripts/_unpack/377/all.obj
cert_zogre_bones,,zogre_bones,scripts/_unpack/377/all.obj
cert_zogre_bow,,zogre_bow,scripts/_unpack/377/all.obj
cert_zogre_coffinkey,,zogre_coffinkey,scripts/_unpack/377/all.obj
champions_challenge_earthwarrior,Champion scroll,,scripts/_unpack/377/all.obj
champions_challenge_ghoul,Champion scroll,,scripts/_unpack/377/all.obj
champions_challenge_giant,Champion scroll,,scripts/_unpack/377/all.obj
champions_challenge_goblin,Champion scroll,,scripts/_unpack/377/all.obj
champions_challenge_hobgoblin,Champion scroll,,scripts/_unpack/377/all.obj
champions_challenge_human,Champion scroll,,scripts/_unpack/377/all.obj
champions_challenge_imp,Champion scroll,,scripts/_unpack/377/all.obj
champions_challenge_jogre,Champion scroll,,scripts/_unpack/377/all.obj
champions_challenge_lesserdemon,Champion scroll,,scripts/_unpack/377/all.obj
champions_challenge_skeleton,Champion scroll,,scripts/_unpack/377/all.obj
champions_challenge_zombie,Champion scroll,,scripts/_unpack/377/all.obj
chaos_talisman,Chaos talisman,,scripts/skill_runecraft/configs/runecraft.obj
chaosrune,Chaos rune,,scripts/_unpack/377/all.obj
charcoal,Charcoal,,scripts/_unpack/377/all.obj
cheese,Cheese,,scripts/skill_cooking/configs/cooking_inv/configs/pizza/pizza.obj
chefs_delight,Chef's delight,,scripts/_unpack/377/all.obj
chefs_hat,Chef's hat,,scripts/skill_cooking/configs/cooking_generic/cooking.obj
chest_key,Chest key,,scripts/_unpack/377/all.obj
chickenquest_brulee_mixture,Brulee,,scripts/_unpack/377/all.obj
chickenquest_brulee_mixture_cinamon,Brulee,,scripts/_unpack/377/all.obj
chickenquest_brulee_mixture_egg,Brulee,,scripts/_unpack/377/all.obj
chickenquest_brulee_mixture_supreme,Brulee supreme,,scripts/_unpack/377/all.obj
chickenquest_cinamon,Cinnamon,,scripts/_unpack/377/all.obj
chickenquest_cornflour,Cornflour,,scripts/_unpack/377/all.obj
chickenquest_cornflour_milky_mixture,Cornflour mixture,,scripts/_unpack/377/all.obj
chickenquest_dragon_coin,Dragon token,,scripts/_unpack/377/all.obj
chickenquest_evil_chicken_egg,Evil chicken's egg,,scripts/_unpack/377/all.obj
chickenquest_milky_mixture,Milky mixture,,scripts/_unpack/377/all.obj
chickenquest_pot_cornflour,Pot of cornflour,,scripts/_unpack/377/all.obj
chickenquest_vanilla_pod,Vanilla pod,,scripts/_unpack/377/all.obj
childs_blanket,Child's blanket,,scripts/_unpack/377/all.obj
chinacup_empty,Porcelain cup,,scripts/_unpack/377/all.obj
chinacup_of_nettletea,Cup of tea,,scripts/_unpack/377/all.obj
chinacup_of_nettletea_milky,Cup of tea,,scripts/_unpack/377/all.obj
chisel,Chisel,,scripts/_unpack/377/all.obj
chocchip_crunchies,Chocchip crunchies,,scripts/skill_cooking/configs/gnome_cooking/crunchies.obj
chocolate_bar,Chocolate bar,,scripts/skill_cooking/configs/cooking_inv/configs/cakes/cakes.obj
chocolate_bomb,Chocolate bomb,,scripts/skill_cooking/configs/gnome_cooking/gnomebowls.obj
chocolate_cake,Chocolate cake,,scripts/skill_cooking/configs/cooking_inv/configs/cakes/cakes.obj
chocolate_dust,Chocolate dust,,scripts/skill_cooking/configs/cooking_generic/cooking.obj
chocolate_saturday,Choc saturday,,scripts/skill_cooking/configs/gnome_cooking/cocktails.obj
chocolate_slice,Chocolate slice,,scripts/skill_cooking/configs/cooking_inv/configs/cakes/cakes.obj
chocolaty_milk,Chocolatey milk,,scripts/skill_cooking/configs/cooking_generic/cooking.obj
chompy_bird_obj,,,scripts/_unpack/377/all.obj
chompy_burned,Burnt chompy,,scripts/_unpack/377/all.obj
chompy_cooked,Cooked chompy,,scripts/_unpack/377/all.obj
christmas_cracker,Christmas cracker,,scripts/_unpack/377/all.obj
cider,Cider,,scripts/_unpack/377/all.obj
clay,Clay,,scripts/_unpack/377/all.obj
closet_key,Key,,scripts/_unpack/377/all.obj
coal,Coal,,scripts/_unpack/377/all.obj
cocktail_glass_empty,Cocktail glass,,scripts/skill_cooking/configs/gnome_cooking/cocktails.obj
cocktail_guide,Cocktail guide,,scripts/skill_cooking/configs/gnome_cooking/cocktails.obj
cocktail_shaker,Cocktail shaker,,scripts/skill_cooking/configs/gnome_cooking/cocktails.obj
coconut,Coconut,,scripts/_unpack/377/all.obj
coconut_half,Coconut,,scripts/_unpack/377/all.obj
coconut_shell,Coconut shell,,scripts/_unpack/377/all.obj
cod,Cod,,scripts/_unpack/377/all.obj
coif,Coif,,scripts/_unpack/377/all.obj
coins,Coins,,scripts/_unpack/377/all.obj
coins_100,,,scripts/_unpack/377/all.obj
coins_1000,,,scripts/_unpack/377/all.obj
coins_10000,,,scripts/_unpack/377/all.obj
coins_2,,,scripts/_unpack/377/all.obj
coins_25,,,scripts/_unpack/377/all.obj
coins_250,,,scripts/_unpack/377/all.obj
coins_3,,,scripts/_unpack/377/all.obj
coins_4,,,scripts/_unpack/377/all.obj
coins_5,,,scripts/_unpack/377/all.obj
cooked_chicken,Cooked chicken,,scripts/skill_cooking/configs/cooking_generic/food_cooked.obj
cooked_chicken_undead,Cooked chicken,,scripts/_unpack/377/all.obj
cooked_chompy,Cooked chompy,,scripts/_unpack/377/all.obj
cooked_meat,Cooked meat,,scripts/skill_cooking/configs/cooking_generic/food_cooked.obj
cooked_meat_undead,Cooked meat,,scripts/_unpack/377/all.obj
cooked_oomlie,Cooked oomlie wrap,,scripts/skill_cooking/configs/cooking_inv/configs/oomlie_bird_meat/oomlie_bird_meat.obj
cooked_rabbit,Cooked rabbit,,scripts/_unpack/377/all.obj
cooked_s_chompy,Seasoned chompy,,scripts/_unpack/377/all.obj
cooked_ugthanki_meat,Ugthanki meat,,scripts/skill_cooking/configs/cooking_generic/food_cooked.obj
cooking_apple,Cooking apple,,scripts/skill_cooking/configs/cooking_inv/configs/pies/pies.obj
cooking_pot,Cooking pot,,scripts/_unpack/377/all.obj
copper_ore,Copper ore,,scripts/_unpack/377/all.obj
cornflour,Cornflour,,scripts/_unpack/377/all.obj
cosmic_talisman,Cosmic talisman,,scripts/skill_runecraft/configs/runecraft.obj
cosmicrune,Cosmic rune,,scripts/_unpack/377/all.obj
cow_hide,Cowhide,,scripts/_unpack/377/all.obj
crab_claw_broken,Broken crab claw,,scripts/_unpack/377/all.obj
crab_shell_broken,Broken crab shell,,scripts/_unpack/377/all.obj
cracked_sample,Rock sample,,scripts/_unpack/377/all.obj
crafting_icon_dummy,,,scripts/_unpack/377/all.obj
crossbow,Crossbow,,scripts/_unpack/377/all.obj
crunchy_tray,Crunchy tray,,scripts/skill_cooking/configs/gnome_cooking/gnome_cooking.obj
crushed_bird_nest,Crushed nest,,scripts/_unpack/377/all.obj
crushed_gemstone,Crushed gemstone,,scripts/_unpack/377/all.obj
crystal_key,Crystal key,,scripts/_unpack/377/all.obj
crystal_seed_old,Crystal seed,,scripts/_unpack/377/all.obj
crystalshard_dagger,Nezikchened's mum,,scripts/_unpack/377/all.obj
crystalshard_necklace,Salve amulet,,scripts/_unpack/377/all.obj
crystalshard_necklace_unstrung,Salve shard,,scripts/_unpack/377/all.obj
cup_empty,Empty cup,,scripts/skill_cooking/configs/cooking_generic/cooking.obj
cup_guthix_rest_1,Guthix rest(1),,scripts/_unpack/377/all.obj
cup_guthix_rest_2,Guthix rest(2),,scripts/_unpack/377/all.obj
cup_guthix_rest_3,Guthix rest(3),,scripts/_unpack/377/all.obj
cup_guthix_rest_4,Guthix rest(4),,scripts/_unpack/377/all.obj
cup_hot_water,Cup of hot water,,scripts/_unpack/377/all.obj
cup_of_nettletea,Cup of tea,,scripts/_unpack/377/all.obj
cup_of_nettletea_milky,Cup of tea,,scripts/_unpack/377/all.obj
cup_of_tea,Cup of tea,,scripts/skill_cooking/configs/cooking_generic/cooking.obj
cup_water,Cup of water,,scripts/_unpack/377/all.obj
curry,Curry,,scripts/skill_cooking/configs/cooking_inv/configs/stew/stew.obj
curry_leaf,Curry leaf,,scripts/_unpack/377/all.obj
curry_seed_2,,,scripts/_unpack/377/all.obj
curry_seed_3,,,scripts/_unpack/377/all.obj
curry_seed_4,,,scripts/_unpack/377/all.obj
curry_seed_5,,,scripts/_unpack/377/all.obj
curry_tree_seed,Curry tree seed,,scripts/_unpack/377/all.obj
dagannoth_king_bones,Dagannoth bones,,scripts/_unpack/377/all.obj
daganoth_cave_magic_shortbow,Seercull,,scripts/_unpack/377/all.obj
dagganoth_hide,Dagannoth hide,,scripts/_unpack/377/all.obj
dagganoth_mage_body,Skeletal top,,scripts/_unpack/377/all.obj
dagganoth_mage_body_part,Ribcage piece,,scripts/_unpack/377/all.obj
dagganoth_mage_feet,Skeletal boots,,scripts/_unpack/377/all.obj
dagganoth_mage_gloves,Skeletal gloves,,scripts/_unpack/377/all.obj
dagganoth_mage_head_part,Skull piece,,scripts/_unpack/377/all.obj
dagganoth_mage_helm,Skeletal helm,,scripts/_unpack/377/all.obj
dagganoth_mage_leg_part,Fibula piece,,scripts/_unpack/377/all.obj
dagganoth_mage_legs,Skeletal bottoms,,scripts/_unpack/377/all.obj
dagganoth_melee_body,Rock-shell plate,,scripts/_unpack/377/all.obj
dagganoth_melee_body_part,Rock-shell shard,,scripts/_unpack/377/all.obj
dagganoth_melee_feet,Rock-shell boots,,scripts/_unpack/377/all.obj
dagganoth_melee_gloves,Rock-shell gloves,,scripts/_unpack/377/all.obj
dagganoth_melee_head_part,Rock-shell chunk,,scripts/_unpack/377/all.obj
dagganoth_melee_helm,Rock-shell helm,,scripts/_unpack/377/all.obj
dagganoth_melee_leg_part,Rock-shell splinter,,scripts/_unpack/377/all.obj
dagganoth_melee_legs,Rock-shell legs,,scripts/_unpack/377/all.obj
dagganoth_range_body_part,Flattened hide,,scripts/_unpack/377/all.obj
dagganoth_range_feet,Spined boots,,scripts/_unpack/377/all.obj
dagganoth_range_gloves,Spined gloves,,scripts/_unpack/377/all.obj
dagganoth_range_head_part,Circular hide,,scripts/_unpack/377/all.obj
dagganoth_range_leg_part,Stretched hide,,scripts/_unpack/377/all.obj
dagganoth_ranged_body,Spined body,,scripts/_unpack/377/all.obj
dagganoth_ranged_helm,Spined helm,,scripts/_unpack/377/all.obj
dagganoth_ranged_legs,Spined chaps,,scripts/_unpack/377/all.obj
dagger_wolfbane,Wolfbane,,scripts/quests/quest_priestperil/configs/priestperil.obj
damp_cloth,Damp cloth,,scripts/_unpack/377/all.obj
damp_sticks,Damp sticks,,scripts/_unpack/377/all.obj
damp_tinderbox,Damp tinderbox,,scripts/_unpack/377/all.obj
darklight,Darklight,,scripts/_unpack/377/all.obj
dart_poisoned_p,Poisoned dart(p),,scripts/_unpack/377/all.obj
deal_blindweed,Blindweed,,scripts/_unpack/377/all.obj
deal_blindweed_seed,Blindweed seed,,scripts/_unpack/377/all.obj
deal_bucket_swill,Unsanitary swill,,scripts/_unpack/377/all.obj
deal_karamthulhu,Karamthulhu,,scripts/_unpack/377/all.obj
deal_rusty_scimitar,Rusty scimitar,,scripts/_unpack/377/all.obj
deal_slayer_gloves,Slayer gloves,,scripts/_unpack/377/all.obj
deal_slugling,Sluglings,,scripts/_unpack/377/all.obj
deal_spider_body,Fever spider body,,scripts/_unpack/377/all.obj
deal_stagnant_bucket,Bucket of water,,scripts/_unpack/377/all.obj
deal_wrench,Wrench,,scripts/_unpack/377/all.obj
deal_wrench_blessed,Holy wrench,,scripts/_unpack/377/all.obj
death_cannonball_blue,Stone ball,,scripts/quests/quest_death/configs/death.obj
death_cannonball_green,Stone ball,,scripts/quests/quest_death/configs/death.obj
death_cannonball_purple,Stone ball,,scripts/quests/quest_death/configs/death.obj
death_cannonball_red,Stone ball,,scripts/quests/quest_death/configs/death.obj
death_cannonball_yellow,Stone ball,,scripts/quests/quest_death/configs/death.obj
death_climbingboots,Climbing boots,,scripts/quests/quest_death/configs/death.obj
death_combination,Combination,,scripts/quests/quest_death/configs/death.obj
death_entrancecert,Certificate,,scripts/quests/quest_death/configs/death.obj
death_iou,Iou,,scripts/quests/quest_death/configs/death.obj
death_secretwaymap,Secret way map,,scripts/quests/quest_death/configs/death.obj
death_spikedboots,Spiked boots,,scripts/quests/quest_death/configs/death.obj
death_talisman,Death talisman,,scripts/skill_runecraft/configs/runecraft.obj
deathdagger,Dark dagger,,scripts/_unpack/377/all.obj
deathdaggerdone,Glowing dagger,,scripts/_unpack/377/all.obj
deathrune,Death rune,,scripts/_unpack/377/all.obj
delphinium_seed_2,,,scripts/_unpack/377/all.obj
delphinium_seed_3,,,scripts/_unpack/377/all.obj
delphinium_seed_4,,,scripts/_unpack/377/all.obj
delphinium_seed_5,,,scripts/_unpack/377/all.obj
desert_boots,Desert boots,,scripts/_unpack/377/all.obj
desert_robe,Desert robe,,scripts/_unpack/377/all.obj
desert_shirt,Desert shirt,,scripts/_unpack/377/all.obj
devious_bowsword,Bow-sword,,scripts/_unpack/377/all.obj
devious_glowingorb,Orb,,scripts/_unpack/377/all.obj
devious_glowingpouch,Large pouch,,scripts/_unpack/377/all.obj
devious_relic_fragment_saradomin,Relic,,scripts/_unpack/377/all.obj
devious_slenderblade,Slender blade,,scripts/_unpack/377/all.obj
diamond,Diamond,,scripts/_unpack/377/all.obj
diamond_necklace,Diamond necklace,,scripts/_unpack/377/all.obj
diamond_ring,Diamond ring,,scripts/_unpack/377/all.obj
dibber,Seed dibber,,scripts/_unpack/377/all.obj
digchestkey,Chest key,,scripts/_unpack/377/all.obj
digcompound,Chemical compound,,scripts/_unpack/377/all.obj
digexpertscroll,Invitation letter,,scripts/_unpack/377/all.obj
digplainletter,Unstamped letter,,scripts/_unpack/377/all.obj
digsitearmour1,Damaged armour,,scripts/_unpack/377/all.obj
digsitearmour2,Broken armour,,scripts/_unpack/377/all.obj
digsitearrow,Broken arrow,,scripts/_unpack/377/all.obj
digsitebook,Book on chemicals,,scripts/_unpack/377/all.obj
digsitebuckle,Belt buckle,,scripts/_unpack/377/all.obj
digsitebuttons,Buttons,,scripts/_unpack/377/all.obj
digsiteglass,Broken glass,,scripts/_unpack/377/all.obj
digsitepottery,Ceramic remains,,scripts/_unpack/377/all.obj
digsitestaff,Broken staff,,scripts/_unpack/377/all.obj
digsitesword,Rusty sword,,scripts/_unpack/377/all.obj
digsitevase,Vase,,scripts/_unpack/377/all.obj
digtalisman,Zaros talisman,,scripts/_unpack/377/all.obj
discofreturning,Disk of returning,,scripts/_unpack/377/all.obj
display_tea,Cup of tea,,scripts/_unpack/377/all.obj
display_weapon_poison,Weapon poison,,scripts/_unpack/377/all.obj
distillator,Distillator,,scripts/_unpack/377/all.obj
doctor_gown,Doctors' gown,,scripts/_unpack/377/all.obj
doogleleaves,Doogle leaves,,scripts/_unpack/377/all.obj
doomion_amulet,Amulet of doomion,,scripts/_unpack/377/all.obj
dragon_2h_sword,Dragon 2h sword,,scripts/_unpack/377/all.obj
dragon_axe,Dragon axe,,scripts/skill_woodcutting/configs/axes/axes.obj
dragon_battleaxe,Dragon battleaxe,,scripts/_unpack/377/all.obj
dragon_bitter,Dragon bitter,,scripts/skill_cooking/configs/cooking_generic/cooking.obj
dragon_bones,Dragon bones,,scripts/skill_prayer/configs/bones.obj
dragon_chainbody,Dragon chainbody,,scripts/_unpack/377/all.obj
dragon_dagger,Dragon dagger,,scripts/_unpack/377/all.obj
dragon_dagger_p,Dragon dagger(p),,scripts/_unpack/377/all.obj
dragon_halberd,Dragon halberd,,scripts/_unpack/377/all.obj
dragon_leather,Green d-leather,,scripts/_unpack/377/all.obj
dragon_leather_black,Black d-leather,,scripts/_unpack/377/all.obj
dragon_leather_blue,Blue d-leather,,scripts/_unpack/377/all.obj
dragon_leather_red,Red dragon leather,,scripts/_unpack/377/all.obj
dragon_longsword,Dragon longsword,,scripts/_unpack/377/all.obj
dragon_mace,Dragon mace,,scripts/_unpack/377/all.obj
dragon_med_helm,Dragon med helm,,scripts/_unpack/377/all.obj
dragon_platelegs,Dragon platelegs,,scripts/_unpack/377/all.obj
dragon_plateskirt,Dragon plateskirt,,scripts/_unpack/377/all.obj
dragon_scale_dust,Dragon scale dust,,scripts/_unpack/377/all.obj
dragon_scimitar,Dragon scimitar,,scripts/_unpack/377/all.obj
dragon_spear,Dragon spear,,scripts/_unpack/377/all.obj
dragon_spear_p,Dragon spear(p),,scripts/_unpack/377/all.obj
dragon_sq_shield,Dragon sq shield,,scripts/_unpack/377/all.obj
dragon_vambraces,Green d'hide vamb,,scripts/_unpack/377/all.obj
dragonhide_black,Black dragonhide,,scripts/_unpack/377/all.obj
dragonhide_blue,Blue dragonhide,,scripts/_unpack/377/all.obj
dragonhide_body,Green d'hide body,,scripts/_unpack/377/all.obj
dragonhide_body_trim,D-hide body (t),,scripts/_unpack/377/all.obj
dragonhide_body_trim_gold,D-hide body(g),,scripts/_unpack/377/all.obj
dragonhide_chaps,Green d'hide chaps,,scripts/_unpack/377/all.obj
dragonhide_chaps_trim,D-hide chaps (t),,scripts/_unpack/377/all.obj
dragonhide_chaps_trim_gold,D-hide chaps (g),,scripts/_unpack/377/all.obj
dragonhide_green,Green dragonhide,,scripts/_unpack/377/all.obj
dragonhide_red,Red dragonhide,,scripts/_unpack/377/all.obj
dragonmap,Crandor map,,scripts/_unpack/377/all.obj
dragonshield_a,Shield left half,,scripts/_unpack/377/all.obj
dragonshield_b,Shield right half,,scripts/_unpack/377/all.obj
dragonstone,Dragonstone,,scripts/_unpack/377/all.obj
dragonstone_necklace,Dragon necklace,,scripts/_unpack/377/all.obj
dragonstone_ring,Dragonstone ring,,scripts/_unpack/377/all.obj
dramen_branch,Dramen branch,,scripts/_unpack/377/all.obj
dramen_staff,Dramen staff,,scripts/_unpack/377/all.obj
drill_bottoms,Camo bottoms,,scripts/_unpack/377/all.obj
drill_helm,Camo helmet,,scripts/_unpack/377/all.obj
drill_top,Camo top,,scripts/_unpack/377/all.obj
druid_pouch,Druid pouch,,scripts/_unpack/377/all.obj
druid_pouch_empty,Druid pouch,,scripts/_unpack/377/all.obj
druidrobebottom,Druid's robe,,scripts/_unpack/377/all.obj
druidrobetop,Druid's robe,,scripts/_unpack/377/all.obj
drunk_dragon,Drunk dragon,,scripts/skill_cooking/configs/gnome_cooking/cocktails.obj
dry_sticks,Dry sticks,,scripts/_unpack/377/all.obj
dummy_shoe1,Shoe,,scripts/_unpack/377/all.obj
dummy_shoe2,Shoe,,scripts/_unpack/377/all.obj
dummy_shoe3,Shoe,,scripts/_unpack/377/all.obj
dummy_shoe4,Shoe,,scripts/_unpack/377/all.obj
dummy_shoe5,Shoe,,scripts/_unpack/377/all.obj
dummy_shoe6,Shoe.,,scripts/_unpack/377/all.obj
dustrune,Dust rune,,scripts/_unpack/377/all.obj
dusty_key,Dusty key,,scripts/_unpack/377/all.obj
dwarf_battleaxe_anim_blunt,Dwarven battleaxe,,scripts/_unpack/377/all.obj
dwarf_battleaxe_anim_sharp,Dwarven battleaxe,,scripts/_unpack/377/all.obj
dwarf_battleaxe_new,Dwarven battleaxe,,scripts/_unpack/377/all.obj
dwarf_battleaxe_old,Dwarven battleaxe,,scripts/_unpack/377/all.obj
dwarf_battleaxe_sapphires,Dwarven battleaxe,,scripts/_unpack/377/all.obj
dwarf_battleaxe_sharpened,Dwarven battleaxe,,scripts/_unpack/377/all.obj
dwarf_clothes,Exquisite clothes,,scripts/_unpack/377/all.obj
dwarf_goldrock_helmet,Gold helmet,,scripts/_unpack/377/all.obj
dwarf_jumper1,Woven top,,scripts/_unpack/377/all.obj
dwarf_jumper2,Woven top,,scripts/_unpack/377/all.obj
dwarf_jumper3,Woven top,,scripts/_unpack/377/all.obj
dwarf_library_book,Book on costumes,,scripts/_unpack/377/all.obj
dwarf_meeting_notes1,Meeting notes,,scripts/_unpack/377/all.obj
dwarf_minecart_ticket_ice_kelda,Minecart ticket,,scripts/_unpack/377/all.obj
dwarf_minecart_ticket_kelda_ice,Minecart ticket,,scripts/_unpack/377/all.obj
dwarf_minecart_ticket_kelda_whitewolf,Minecart ticket,,scripts/_unpack/377/all.obj
dwarf_minecart_ticket_whitewolf_kelda,Minecart ticket,,scripts/_unpack/377/all.obj
dwarf_perfect_left_boot,Left boot,,scripts/_unpack/377/all.obj
dwarf_perfect_pair_of_boots,Exquisite boots,,scripts/_unpack/377/all.obj
dwarf_perfect_right_boot,Right boot,,scripts/_unpack/377/all.obj
dwarf_quest_complete_icon,Dwarf,,scripts/_unpack/377/all.obj
dwarf_rock_base_schematic,Base schematics,,scripts/_unpack/377/all.obj
dwarf_rock_book,Dwarven lore,,scripts/_unpack/377/all.obj
dwarf_rock_cannonball_gold,Cannon ball,,scripts/_unpack/377/all.obj
dwarf_rock_page1,Book page 1,,scripts/_unpack/377/all.obj
dwarf_rock_page2,Book page 2,,scripts/_unpack/377/all.obj
dwarf_rock_page3,Book page 3,,scripts/_unpack/377/all.obj
dwarf_rock_pagex2,Pages,,scripts/_unpack/377/all.obj
dwarf_rock_pagex3,Pages,,scripts/_unpack/377/all.obj
dwarf_rock_schematic1,Schematic,,scripts/_unpack/377/all.obj
dwarf_rock_schematic2,Schematics,,scripts/_unpack/377/all.obj
dwarf_rock_schematic3,Schematics,,scripts/_unpack/377/all.obj
dwarf_rock_schematic_assembled,Schematic,,scripts/_unpack/377/all.obj
dwarf_shirt1,Shirt,,scripts/_unpack/377/all.obj
dwarf_shirt2,Shirt,,scripts/_unpack/377/all.obj
dwarf_shirt3,Shirt,,scripts/_unpack/377/all.obj
dwarf_shorts1,Shorts,,scripts/_unpack/377/all.obj
dwarf_shorts2,Shorts,,scripts/_unpack/377/all.obj
dwarf_shorts3,Shorts,,scripts/_unpack/377/all.obj
dwarf_skirt1,Skirt,,scripts/_unpack/377/all.obj
dwarf_skirt2,Skirt,,scripts/_unpack/377/all.obj
dwarf_skirt3,Skirt,,scripts/_unpack/377/all.obj
dwarf_trousers1,Trousers,,scripts/_unpack/377/all.obj
dwarf_trousers2,Trousers,,scripts/_unpack/377/all.obj
dwarf_trousers3,Trousers,,scripts/_unpack/377/all.obj
dwarf_weed,Dwarf weed,,scripts/skill_herblore/configs/herbs.obj
dwarf_weed_seed,Dwarf weed seed,,scripts/_unpack/377/all.obj
dwarfweedvial,Unfinished potion,,scripts/_unpack/377/all.obj
dwarven_stout,Dwarven stout,,scripts/skill_cooking/configs/cooking_generic/cooking.obj
dwellberries,Dwellberries,,scripts/skill_cooking/configs/gnome_cooking/gnome_cooking.obj
dwellberry_bush_seed,Dwellberry seed,,scripts/_unpack/377/all.obj
dwellberry_seed_2,,,scripts/_unpack/377/all.obj
dwellberry_seed_3,,,scripts/_unpack/377/all.obj
dwellberry_seed_4,,,scripts/_unpack/377/all.obj
dwellberry_seed_5,,,scripts/_unpack/377/all.obj
eadgar_alco_chunks,Alco-chunks,,scripts/_unpack/377/all.obj
eadgar_dirty_druid_robe,Dirty robe,,scripts/_unpack/377/all.obj
eadgar_dried_troll_thistle,Dried thistle,,scripts/_unpack/377/all.obj
eadgar_drunk_parrot,Drunk parrot,,scripts/_unpack/377/all.obj
eadgar_fade_to_black_inv,,,scripts/_unpack/377/all.obj
eadgar_fake_man,Fake man,,scripts/_unpack/377/all.obj
eadgar_goutweed_herb,Goutweed,,scripts/_unpack/377/all.obj
eadgar_ground_troll_thistle,Ground thistle,,scripts/_unpack/377/all.obj
eadgar_ground_troll_thistle_potion,Troll potion,,scripts/_unpack/377/all.obj
eadgar_troll_storeroom_key,Storeroom key,,scripts/_unpack/377/all.obj
eadgar_troll_thistle,Troll thistle,,scripts/_unpack/377/all.obj
earth_battlestaff,Earth battlestaff,,scripts/_unpack/377/all.obj
earth_orb,Earth orb,,scripts/_unpack/377/all.obj
earth_talisman,Earth talisman,,scripts/skill_runecraft/configs/runecraft.obj
earthrune,Earth rune,,scripts/_unpack/377/all.obj
easter06_egg_01,Easter egg,,scripts/_unpack/377/all.obj
easter06_egg_02,Easter egg,,scripts/_unpack/377/all.obj
easter06_egg_03,Easter egg,,scripts/_unpack/377/all.obj
easter06_egg_04,Easter egg,,scripts/_unpack/377/all.obj
easter06_egg_05,Easter egg,,scripts/_unpack/377/all.obj
easter06_egg_06,Easter egg,,scripts/_unpack/377/all.obj
easter06_ring_of_egg,Easter ring,,scripts/_unpack/377/all.obj
easter_basket_2005,Basket of eggs,,scripts/_unpack/377/all.obj
easter_egg,Easter egg,,scripts/skill_cooking/configs/cooking_generic/cooking.obj
easter_egg_2005_darkblue,Deep blue sweets,,scripts/_unpack/377/all.obj
easter_egg_2005_green,Green sweets,,scripts/_unpack/377/all.obj
easter_egg_2005_lightblue,Blue sweets,,scripts/_unpack/377/all.obj
easter_egg_2005_pink,Pink sweets,,scripts/_unpack/377/all.obj
easter_egg_2005_purple,Purple sweets,,scripts/_unpack/377/all.obj
easter_egg_2005_red,Red sweets,,scripts/_unpack/377/all.obj
easter_egg_2005_white,White sweets,,scripts/_unpack/377/all.obj
ectophial,Ectophial,,scripts/_unpack/377/all.obj
ectophial_empty,Ectophial,,scripts/_unpack/377/all.obj
ectoplasm_puddle,Puddle of slime,,scripts/_unpack/377/all.obj
ectotoken,Ecto-token,,scripts/_unpack/377/all.obj
ectotoken_2,,,scripts/_unpack/377/all.obj
ectotoken_3,,,scripts/_unpack/377/all.obj
edgevilledungeonkey,Brass key,,scripts/_unpack/377/all.obj
edible_seaweed,Edible seaweed,,scripts/_unpack/377/all.obj
egg,Egg,,scripts/skill_cooking/configs/cooking_inv/configs/cakes/cakes.obj
elemental_shield,Elemental shield,,scripts/_unpack/377/all.obj
elemental_talisman,Elemental talisman,,scripts/_unpack/377/all.obj
elemental_workshop_bar,Elemental metal,,scripts/_unpack/377/all.obj
elemental_workshop_key,Battered key,,scripts/_unpack/377/all.obj
elemental_workshop_lava_bowl,A stone bowl,,scripts/_unpack/377/all.obj
elemental_workshop_lava_bowl_full,A stone bowl,,scripts/_unpack/377/all.obj
elemental_workshop_ore,Elemental ore,,scripts/_unpack/377/all.obj
elemental_workshop_shield_book,Battered book,,scripts/_unpack/377/all.obj
elena_picture,Picture,,scripts/_unpack/377/all.obj
elenakey,A small key,,scripts/_unpack/377/all.obj
elf_crystal_tiny,Tiny elf crystal,,scripts/_unpack/377/all.obj
elid_ballad,Ballad,,scripts/_unpack/377/all.obj
elid_choc_ice,Choc-ice,,scripts/_unpack/377/all.obj
elid_genilamp,Lamp,,scripts/_unpack/377/all.obj
elid_key,Ancestral key,,scripts/_unpack/377/all.obj
elid_key_outline,,,scripts/_unpack/377/all.obj
elid_robebottoms,Robe of elidinis,,scripts/_unpack/377/all.obj
elid_robebottoms_torn,Torn robe,,scripts/_unpack/377/all.obj
elid_robetop,Robe of elidinis,,scripts/_unpack/377/all.obj
elid_robetop_torn,Torn robe,,scripts/_unpack/377/all.obj
elid_shoes,Shoes,,scripts/_unpack/377/all.obj
elid_sole,Sole,,scripts/_unpack/377/all.obj
elid_statuette,Statuette,,scripts/_unpack/377/all.obj
emerald,Emerald,,scripts/_unpack/377/all.obj
emerald_necklace,Emerald necklace,,scripts/_unpack/377/all.obj
emerald_ring,Emerald ring,,scripts/_unpack/377/all.obj
empty_dye_bottle,Sample bottle,,scripts/_unpack/377/all.obj
empty_fishfood_box,An empty box,,scripts/_unpack/377/all.obj
empty_ogre_bellows,Ogre bellows,,scripts/_unpack/377/all.obj
enakh_arm_left,Stone left arm,,scripts/_unpack/377/all.obj
enakh_arm_right,Stone right arm,,scripts/_unpack/377/all.obj
enakh_camel_mask,Camel mask,,scripts/_unpack/377/all.obj
enakh_camel_mould_positive,Camel mould (p),,scripts/_unpack/377/all.obj
enakh_chisel,Chisel,,scripts/_unpack/377/all.obj
enakh_granite_medium,Granite (5kg),,scripts/_unpack/377/all.obj
enakh_granite_small,Granite (2kg),,scripts/_unpack/377/all.obj
enakh_granite_tiny,Granite (500g),,scripts/_unpack/377/all.obj
enakh_leg_left,Stone left leg,,scripts/_unpack/377/all.obj
enakh_leg_right,Stone right leg,,scripts/_unpack/377/all.obj
enakh_sandstone_crafted_body,Sandstone base,,scripts/_unpack/377/all.obj
enakh_sandstone_huge_body,Sandstone (32kg),,scripts/_unpack/377/all.obj
enakh_sandstone_large,Sandstone (10kg),,scripts/_unpack/377/all.obj
enakh_sandstone_medium,Sandstone (5kg),,scripts/_unpack/377/all.obj
enakh_sandstone_small,Sandstone (2kg),,scripts/_unpack/377/all.obj
enakh_sandstone_tiny,Sandstone (1kg),,scripts/_unpack/377/all.obj
enakh_sigil_k,K sigil,,scripts/_unpack/377/all.obj
enakh_sigil_m,M sigil,,scripts/_unpack/377/all.obj
enakh_sigil_r,R sigil,,scripts/_unpack/377/all.obj
enakh_sigil_z,Z sigil,,scripts/_unpack/377/all.obj
enakh_statue_head_camel,Stone head,,scripts/_unpack/377/all.obj
enakh_statue_head_icthlarin,Stone head,,scripts/_unpack/377/all.obj
enakh_statue_head_lazim,Stone head,,scripts/_unpack/377/all.obj
enakh_statue_head_zamorak,Stone head,,scripts/_unpack/377/all.obj
enakh_stone_head_akthanakos,Stone head,,scripts/_unpack/377/all.obj
enchanted_bear_meat,Enchanted bear,,scripts/_unpack/377/all.obj
enchanted_beef,Enchanted beef,,scripts/_unpack/377/all.obj
enchanted_chicken,Enchanted chicken,,scripts/_unpack/377/all.obj
enchanted_hat,Enchanted hat,,scripts/_unpack/377/all.obj
enchanted_onyx_amulet,Amulet of fury,,scripts/_unpack/377/all.obj
enchanted_onyx_ring,Ring of stone,,scripts/_unpack/377/all.obj
enchanted_rat_meat,Enchanted rat,,scripts/_unpack/377/all.obj
enchanted_robelegs,Enchanted robe,,scripts/_unpack/377/all.obj
enchanted_robetop,Enchanted top,,scripts/_unpack/377/all.obj
equa_leaves,Equa leaves,,scripts/skill_cooking/configs/gnome_cooking/gnome_cooking.obj
equa_toads_legs,Equa toad's legs,,scripts/skill_cooking/configs/gnome_cooking/gnome_cooking.obj
ethenea,Ethenea,,scripts/_unpack/377/all.obj
evil_bob_amulet_of_manspeak,Man speak amulet,,scripts/macro events/configs/antimacro.obj
evil_bob_cooked_fish_correct,Fishlike thing,,scripts/macro events/configs/antimacro.obj
evil_bob_cooked_fish_incorrect,Fishlike thing,,scripts/macro events/configs/antimacro.obj
evil_bob_net,Small fishing net,,scripts/macro events/configs/antimacro.obj
evil_bob_uncooked_fish_correct,Raw fishlike thing,,scripts/macro events/configs/antimacro.obj
evil_bob_uncooked_fish_incorrect,Raw fishlike thing,,scripts/macro events/configs/antimacro.obj
excalibur,Excalibur,,scripts/_unpack/377/all.obj
explodingvial,Exploding vial,,scripts/_unpack/377/all.obj
eye_of_newt,Eye of newt,,scripts/_unpack/377/all.obj
eye_patch,Eye patch,,scripts/_unpack/377/all.obj
fade_to_black_inv,Dummy,,scripts/_unpack/377/all.obj
fade_to_white_inv,Dummy,,scripts/_unpack/377/all.obj
fairy_enchanted_secateurs,Magic secateurs,,scripts/_unpack/377/all.obj
fairy_queen_secateurs,Queen's secateurs,,scripts/_unpack/377/all.obj
fairy_skull,Draynor skull,,scripts/_unpack/377/all.obj
fairy_symptoms_list,Symptoms list,,scripts/_unpack/377/all.obj
fake_coins,Coins,,scripts/_unpack/377/all.obj
faladian_sword,Blurite sword,,scripts/_unpack/377/all.obj
family_crest,Family crest,,scripts/_unpack/377/all.obj
farmers_fork,Farmer's fork,,scripts/_unpack/377/all.obj
favour_airtight_pot,Airtight pot,,scripts/_unpack/377/all.obj
favour_animate_rock,Animate rock scroll,,scripts/_unpack/377/all.obj
favour_breathing_salts,Breathing salts,,scripts/_unpack/377/all.obj
favour_chicken_cage,Chicken cage,,scripts/_unpack/377/all.obj
favour_cup_guam,Herb tea mix,,scripts/_unpack/377/all.obj
favour_cup_guam_guam,Herb tea mix,,scripts/_unpack/377/all.obj
favour_cup_guam_guam_harralander,Herb tea mix,,scripts/_unpack/377/all.obj
favour_cup_guam_guam_marrentill,Herb tea mix,,scripts/_unpack/377/all.obj
favour_cup_guam_marrentill,Herb tea mix,,scripts/_unpack/377/all.obj
favour_cup_harralander,Herb tea mix,,scripts/_unpack/377/all.obj
favour_cup_harralander_guam,Herb tea mix,,scripts/_unpack/377/all.obj
favour_cup_harralander_marrentill,Herb tea mix,,scripts/_unpack/377/all.obj
favour_cup_harralander_marrentill_guam,Herb tea mix,,scripts/_unpack/377/all.obj
favour_cup_marrentill,Herb tea mix,,scripts/_unpack/377/all.obj
favour_default_key_outline,,,scripts/_unpack/377/all.obj
favour_directionals_broken,Broken vane part,,scripts/_unpack/377/all.obj
favour_directionals_fixed,Directionals,,scripts/_unpack/377/all.obj
favour_dummy_key,,,scripts/_unpack/377/all.obj
favour_herbal_tincture,Herbal tincture,,scripts/_unpack/377/all.obj
favour_herbtea_ruined,Ruined herb tea,,scripts/_unpack/377/all.obj
favour_iron_oxide,Iron oxide,,scripts/_unpack/377/all.obj
favour_jungleforesteraxe_blunt,Blunt axe,,scripts/_unpack/377/all.obj
favour_jungleforesteraxe_sharp,Sharpened axe,,scripts/_unpack/377/all.obj
favour_key_ring,Steel key ring,,scripts/_unpack/377/all.obj
favour_mahogany_log,Red mahogany log,,scripts/_unpack/377/all.obj
favour_matress_comfy,Comfy mattress,,scripts/_unpack/377/all.obj
favour_matress_stodgy,Stodgy mattress,,scripts/_unpack/377/all.obj
favour_ornament_broken,Broken vane part,,scripts/_unpack/377/all.obj
favour_ornament_fixed,Ornament,,scripts/_unpack/377/all.obj
favour_pillar_broken,Broken vane part,,scripts/_unpack/377/all.obj
favour_pillar_fixed,Weathervane pillar,,scripts/_unpack/377/all.obj
favour_shade_key_outline,,,scripts/_unpack/377/all.obj
favour_troll_key_outline,,,scripts/_unpack/377/all.obj
favour_weather_report,Weather report,,scripts/_unpack/377/all.obj
fd_blood_diamond,Blood diamond,,scripts/_unpack/377/all.obj
fd_crushed_garlic,Garlic powder,,scripts/_unpack/377/all.obj
fd_dark_diamond,Shadow diamond,,scripts/_unpack/377/all.obj
fd_diamond_fire,Smoke diamond,,scripts/_unpack/377/all.obj
fd_firekey,Warm key,,scripts/_unpack/377/all.obj
fd_icediamond,Ice diamond,,scripts/_unpack/377/all.obj
fd_ring_visibility,Ring of visibility,,scripts/_unpack/377/all.obj
fd_silver_pot,Silver pot,,scripts/_unpack/377/all.obj
fd_silver_pot_blessed,Blessed pot,,scripts/_unpack/377/all.obj
fd_silver_pot_blood,Silver pot,,scripts/_unpack/377/all.obj
fd_silver_pot_blood_blessed,Blessed pot,,scripts/_unpack/377/all.obj
fd_silver_pot_blood_garlic,Silver pot,,scripts/_unpack/377/all.obj
fd_silver_pot_blood_garlic_blessed,Blessed pot,,scripts/_unpack/377/all.obj
fd_silver_pot_blood_garlic_spiced,Silver pot,,scripts/_unpack/377/all.obj
fd_silver_pot_blood_garlic_spiced_blessed,Blessed pot,,scripts/_unpack/377/all.obj
fd_silver_pot_blood_spiced,Silver pot,,scripts/_unpack/377/all.obj
fd_silver_pot_blood_spiced_blessed,Blessed pot,,scripts/_unpack/377/all.obj
fd_sword_cross,Gilded cross,,scripts/_unpack/377/all.obj
feather,Feather,,scripts/_unpack/377/all.obj
felinemedal,Cat training medal,,scripts/_unpack/377/all.obj
fenk_arms,Arms,,scripts/_unpack/377/all.obj
fenk_brain,Pickled brain,,scripts/_unpack/377/all.obj
fenk_brush0,Garden brush,,scripts/_unpack/377/all.obj
fenk_brush1,Extended brush,,scripts/_unpack/377/all.obj
fenk_brush2,Extended brush,,scripts/_unpack/377/all.obj
fenk_brush3,Extended brush,,scripts/_unpack/377/all.obj
fenk_cane,Garden cane,,scripts/_unpack/377/all.obj
fenk_conductor,Conductor,,scripts/_unpack/377/all.obj
fenk_head_empty,Decapitated head,,scripts/_unpack/377/all.obj
fenk_head_full,Decapitated head,,scripts/_unpack/377/all.obj
fenk_journal,Journal,,scripts/_unpack/377/all.obj
fenk_legs,Legs,,scripts/_unpack/377/all.obj
fenk_letter,Letter,,scripts/_unpack/377/all.obj
fenk_lightning_mould,Conductor mould,,scripts/_unpack/377/all.obj
fenk_marble_amulet,Marble amulet,,scripts/_unpack/377/all.obj
fenk_mausoleum_key,Cavern key,,scripts/_unpack/377/all.obj
fenk_obsidian_amulet,Obsidian amulet,,scripts/_unpack/377/all.obj
fenk_shed_key,Shed key,,scripts/_unpack/377/all.obj
fenk_star_amulet,Star amulet,,scripts/_unpack/377/all.obj
fenk_torso,Torso,,scripts/_unpack/377/all.obj
fenk_tower_key,Tower key,,scripts/_unpack/377/all.obj
feud_camel_poison_pooh_bucket,Ugthanki dung,,scripts/_unpack/377/all.obj
feud_camel_pooh_bucket,Ugthanki dung,,scripts/_unpack/377/all.obj
feud_camel_receipt,Receipt,,scripts/_unpack/377/all.obj
feud_desert_disguise,Desert disguise,,scripts/_unpack/377/all.obj
feud_fib_hint,Note,,scripts/_unpack/377/all.obj
feud_karidian_fakebeard,Fake beard,,scripts/_unpack/377/all.obj
feud_karidian_fakebeard_and_hat,Karidian disguise,,scripts/_unpack/377/all.obj
feud_karidian_turban,Karidian headpiece,,scripts/_unpack/377/all.obj
feud_mayors_house_keys,Keys,,scripts/_unpack/377/all.obj
feud_mayors_jewels,Jewels,,scripts/_unpack/377/all.obj
feud_nos_note,Note,,scripts/_unpack/377/all.obj
fever_broken_cannon,Broken cannon,,scripts/_unpack/377/all.obj
fever_cannister,Cannister,,scripts/_unpack/377/all.obj
fever_cannister_load,Cannister,,scripts/_unpack/377/all.obj
fever_cannon,Cannon barrel,,scripts/_unpack/377/all.obj
fever_cannon_ball,Cannon ball,,scripts/_unpack/377/all.obj
fever_cannon_balls,Cannon balls,,scripts/_unpack/377/all.obj
fever_cannon_prod,Ramrod,,scripts/_unpack/377/all.obj
fever_cutlass_brasshand_harry,Harry's cutlass,,scripts/_unpack/377/all.obj
fever_cutlass_unlucky_jenkins_lucky_cutlass,Lucky cutlass,,scripts/_unpack/377/all.obj
fever_fuse,Fuse,,scripts/_unpack/377/all.obj
fever_gunpowder,Gunpowder,,scripts/_unpack/377/all.obj
fever_nail_plank,Repair plank,,scripts/_unpack/377/all.obj
fever_piracy_book,Book o' piracy,,scripts/_unpack/377/all.obj
fever_plunder,Plunder,,scripts/_unpack/377/all.obj
fever_rapier_mallard,Rapier,,scripts/_unpack/377/all.obj
fever_repair_plank,Repair plank,,scripts/_unpack/377/all.obj
fever_rope,Rope,,scripts/_unpack/377/all.obj
fever_rum,Braindeath 'rum',,scripts/_unpack/377/all.obj
fever_tack,Tacks,,scripts/_unpack/377/all.obj
fever_tack_2_inv,,,scripts/_unpack/377/all.obj
fever_tack_3_inv,,,scripts/_unpack/377/all.obj
fever_tack_4_inv,,,scripts/_unpack/377/all.obj
fever_tack_5_inv,,,scripts/_unpack/377/all.obj
fever_tinderbox,Tinderbox,,scripts/_unpack/377/all.obj
filled_ogre_bellow1,Ogre bellows (1),,scripts/_unpack/377/all.obj
filled_ogre_bellow2,Ogre bellows (2),,scripts/_unpack/377/all.obj
filled_ogre_bellow3,Ogre bellows (3),,scripts/_unpack/377/all.obj
filliman_journal,Journal,,scripts/_unpack/377/all.obj
fine_cloth,Fine cloth,,scripts/_unpack/377/all.obj
fingernails,Finger nails,,scripts/_unpack/377/all.obj
fire_battlestaff,Fire battlestaff,,scripts/_unpack/377/all.obj
fire_object,Fire,,scripts/_unpack/377/all.obj
fire_orb,Fire orb,,scripts/_unpack/377/all.obj
fire_talisman,Fire talisman,,scripts/skill_runecraft/configs/runecraft.obj
firerune,Fire rune,,scripts/_unpack/377/all.obj
firework,Firework,,scripts/_unpack/377/all.obj
fish_food,Fish food,,scripts/_unpack/377/all.obj
fish_pie,Fish pie,,scripts/_unpack/377/all.obj
fishbowl_bluefish,Fishbowl,,scripts/_unpack/377/all.obj
fishbowl_empty,Fishbowl,,scripts/_unpack/377/all.obj
fishbowl_greenfish,Fishbowl,,scripts/_unpack/377/all.obj
fishbowl_net,Fishbowl and net,,scripts/_unpack/377/all.obj
fishbowl_spinefish,Fishbowl,,scripts/_unpack/377/all.obj
fishbowl_water,Fishbowl,,scripts/_unpack/377/all.obj
fishbowl_water_weed,Fishbowl,,scripts/_unpack/377/all.obj
fishing_bait,Fishing bait,,scripts/_unpack/377/all.obj
fishing_competition_pass,Fishing pass,,scripts/_unpack/377/all.obj
fishing_explosive,Fishing explosive,,scripts/_unpack/377/all.obj
fishing_rod,Fishing rod,,scripts/_unpack/377/all.obj
fishing_spot_icon_dummy,,,scripts/_unpack/377/all.obj
flamtaer_hammer,Flamtaer hammer,,scripts/_unpack/377/all.obj
flax,Flax,,scripts/_unpack/377/all.obj
flier,Flier,,scripts/_unpack/377/all.obj
flour,Flour,,scripts/skill_cooking/configs/cooking_generic/cooking.obj
flowers_waterfall_quest,Flowers,,scripts/_unpack/377/all.obj
flowers_waterfall_quest_black,Flowers,,scripts/_unpack/377/all.obj
flowers_waterfall_quest_blue,Flowers,,scripts/_unpack/377/all.obj
flowers_waterfall_quest_mixed,Flowers,,scripts/_unpack/377/all.obj
flowers_waterfall_quest_orange,Flowers,,scripts/_unpack/377/all.obj
flowers_waterfall_quest_purple,Flowers,,scripts/_unpack/377/all.obj
flowers_waterfall_quest_red,Flowers,,scripts/_unpack/377/all.obj
flowers_waterfall_quest_white,Flowers,,scripts/_unpack/377/all.obj
flowers_waterfall_quest_yellow,Flowers,,scripts/_unpack/377/all.obj
fly_fishing_rod,Fly fishing rod,,scripts/_unpack/377/all.obj
forget_cutscene_beer,Beer glass,,scripts/_unpack/377/all.obj
forget_cutscene_chair,A chair,,scripts/_unpack/377/all.obj
forget_gardener_letter,Letter,,scripts/_unpack/377/all.obj
forlorn_boot,Forlorn boot,,scripts/_unpack/377/all.obj
four_diamonds_etchings,Etchings,,scripts/_unpack/377/all.obj
four_diamonds_translation_primer,Translation,,scripts/_unpack/377/all.obj
fruit_batta,Fruit batta,,scripts/skill_cooking/configs/gnome_cooking/battas.obj
fruit_batta_lime,Unfinished batta,,scripts/skill_cooking/configs/gnome_cooking/battas.obj
fruit_batta_limeorange,Unfinished batta,,scripts/skill_cooking/configs/gnome_cooking/battas.obj
fruit_batta_limepineapple,Unfinished batta,,scripts/skill_cooking/configs/gnome_cooking/battas.obj
fruit_batta_orange,Unfinished batta,,scripts/skill_cooking/configs/gnome_cooking/battas.obj
fruit_batta_orangepineapple,Unfinished batta,,scripts/skill_cooking/configs/gnome_cooking/battas.obj
fruit_batta_pineapple,Unfinished batta,,scripts/skill_cooking/configs/gnome_cooking/battas.obj
fruit_blast,Fruit blast,,scripts/skill_cooking/configs/gnome_cooking/cocktails.obj
fruitless_batta,Unfinished batta,,scripts/skill_cooking/configs/gnome_cooking/battas.obj
fur,Bear fur,,scripts/_unpack/377/all.obj
furnace_icon_dummy,,,scripts/_unpack/377/all.obj
gadderanks_warhammer,Gadderhammer,,scripts/_unpack/377/all.obj
garden_delphinium_seed,Delphinium seed,,scripts/_unpack/377/all.obj
garden_list,List,,scripts/_unpack/377/all.obj
garden_orchid_pink_seed,Orchid seed,,scripts/_unpack/377/all.obj
garden_orchid_yellow_seed,Orchid seed,,scripts/_unpack/377/all.obj
garden_pie,Garden pie,,scripts/_unpack/377/all.obj
garden_rosebush_seed_pink,Pink rose seed,,scripts/_unpack/377/all.obj
garden_rosebush_seed_red,Red rose seed,,scripts/_unpack/377/all.obj
garden_rosebush_seed_white,White rose seed,,scripts/_unpack/377/all.obj
garden_snowdrop_seed,Snowdrop seed,,scripts/_unpack/377/all.obj
garden_trolley_obj,Trolley,,scripts/_unpack/377/all.obj
garden_vine_seed,Vine seed,,scripts/_unpack/377/all.obj
garden_white_tree_fruit,White tree fruit,,scripts/_unpack/377/all.obj
garden_white_tree_plantpot_sapling,White tree sapling,,scripts/_unpack/377/all.obj
garden_white_tree_plantpot_shoot,White tree shoot,,scripts/_unpack/377/all.obj
garden_white_tree_plantpot_shoot_watered,White tree shoot,,scripts/_unpack/377/all.obj
garden_white_tree_shoot,White tree shoot,,scripts/_unpack/377/all.obj
gardening_boots,Gardening boots,,scripts/_unpack/377/all.obj
gardening_trowel,Gardening trowel,,scripts/_unpack/377/all.obj
garlic,Garlic,,scripts/_unpack/377/all.obj
gasmask,Gas mask,,scripts/_unpack/377/all.obj
gauntlets_of_chaos,Chaos gauntlets,,scripts/_unpack/377/all.obj
gauntlets_of_cooking,Cooking gauntlets,,scripts/_unpack/377/all.obj
gauntlets_of_goldsmithing,Goldsmith gauntlet,,scripts/_unpack/377/all.obj
general_store_icon_dummy,,,scripts/_unpack/377/all.obj
gertrudekittens,Fluffs' kitten,,scripts/_unpack/377/all.obj
ghostskull,Skull,,scripts/_unpack/377/all.obj
gianne_dough,Gianne dough,,scripts/skill_cooking/configs/gnome_cooking/gnome_cooking.obj
giannes_cook_book,Gianne's cook book,,scripts/skill_cooking/configs/gnome_cooking/gnome_cooking.obj
giant_carp,Giant carp,,scripts/_unpack/377/all.obj
giant_frog_legs,Giant frog legs,,scripts/_unpack/377/all.obj
giant_frogspawn,Frog spawn,,scripts/_unpack/377/all.obj
gin,Gin,,scripts/skill_cooking/configs/gnome_cooking/cocktails.obj
glarials_amulet_waterfall_quest,Glarial's amulet,,scripts/_unpack/377/all.obj
glarials_pebble_waterfall_quest,Glarial's pebble,,scripts/_unpack/377/all.obj
glarials_urn_empty_waterfall_quest,Glarial's urn,,scripts/_unpack/377/all.obj
glarials_urn_full_waterfall_quest,Glarial's urn,,scripts/_unpack/377/all.obj
glassblowingpipe,Glassblowing pipe,,scripts/_unpack/377/all.obj
glowing_fungus,Glowing fungus,,scripts/_unpack/377/all.obj
gnome_amulet,Gnome amulet,,scripts/_unpack/377/all.obj
gnome_boots_blue,Boots,,scripts/_unpack/377/all.obj
gnome_boots_cream,Boots,,scripts/_unpack/377/all.obj
gnome_boots_green,Boots,,scripts/_unpack/377/all.obj
gnome_boots_pink,Boots,,scripts/_unpack/377/all.obj
gnome_boots_turquoise,Boots,,scripts/_unpack/377/all.obj
gnome_hat_blue,Hat,,scripts/_unpack/377/all.obj
gnome_hat_cream,Hat,,scripts/_unpack/377/all.obj
gnome_hat_green,Hat,,scripts/_unpack/377/all.obj
gnome_hat_pink,Hat,,scripts/_unpack/377/all.obj
gnome_hat_turquoise,Hat,,scripts/_unpack/377/all.obj
gnome_robebottoms_blue,Robe bottoms,,scripts/_unpack/377/all.obj
gnome_robebottoms_cream,Robe bottoms,,scripts/_unpack/377/all.obj
gnome_robebottoms_green,Robe bottoms,,scripts/_unpack/377/all.obj
gnome_robebottoms_pink,Robe bottoms,,scripts/_unpack/377/all.obj
gnome_robebottoms_turquoise,Robe bottoms,,scripts/_unpack/377/all.obj
gnome_robetop_blue,Robe top,,scripts/_unpack/377/all.obj
gnome_robetop_cream,Robe top,,scripts/_unpack/377/all.obj
gnome_robetop_green,Robe top,,scripts/_unpack/377/all.obj
gnome_robetop_pink,Robe top,,scripts/_unpack/377/all.obj
gnome_robetop_turquoise,Robe top,,scripts/_unpack/377/all.obj
gnome_spice,Gnome spice,,scripts/skill_cooking/configs/gnome_cooking/gnome_cooking.obj
gnomebowl_mould,Gnomebowl mould,,scripts/skill_cooking/configs/gnome_cooking/gnome_cooking.obj
gnomish_firelighter_blue,Blue firelighter,,scripts/_unpack/377/all.obj
gnomish_firelighter_green,Green firelighter,,scripts/_unpack/377/all.obj
gnomish_firelighter_red,Red firelighter,,scripts/_unpack/377/all.obj
goblin_armour,Goblin mail,,scripts/_unpack/377/all.obj
goblin_armour_darkblue,Blue goblin mail,,scripts/_unpack/377/all.obj
goblin_armour_orange,Orange goblin mail,,scripts/_unpack/377/all.obj
gold_bar,Gold bar,,scripts/_unpack/377/all.obj
gold_necklace,Gold necklace,,scripts/_unpack/377/all.obj
gold_ore,Gold ore,,scripts/_unpack/377/all.obj
gold_ring,Gold ring,,scripts/_unpack/377/all.obj
goldbowl_empty,Gold bowl,,scripts/_unpack/377/all.obj
goldbowl_pure,Golden bowl,,scripts/_unpack/377/all.obj
goldbowl_water,Golden bowl,,scripts/_unpack/377/all.obj
goldbowlbless_empty,Blessed gold bowl,,scripts/_unpack/377/all.obj
goldbowlbless_pure,Golden bowl,,scripts/_unpack/377/all.obj
goldbowlbless_water,Golden bowl,,scripts/_unpack/377/all.obj
goldbowlpic,Sketch,,scripts/_unpack/377/all.obj
golem_golemkey,Strange implement,,scripts/quests/quest_golem/configs/golem.obj
golem_ink,Black mushroom ink,,scripts/quests/quest_golem/configs/golem.obj
golem_letter,Letter,,scripts/quests/quest_golem/configs/golem.obj
golem_mushroom,Black mushroom,,scripts/quests/quest_golem/configs/golem.obj
golem_notes,Varmen's notes,,scripts/quests/quest_golem/configs/golem.obj
golem_pen,Phoenix quill pen,,scripts/quests/quest_golem/configs/golem.obj
golem_phoenixfeather,Phoenix feather,,scripts/quests/quest_golem/configs/golem.obj
golem_program,Golem program,,scripts/quests/quest_golem/configs/golem.obj
golem_statuette,Statuette,,scripts/quests/quest_golem/configs/golem.obj
golem_statuettekey,Display cabinet key,,scripts/quests/quest_golem/configs/golem.obj
golrie_key_waterfall_quest,A key,,scripts/_unpack/377/all.obj
grail_bell,Grail bell,,scripts/_unpack/377/all.obj
grain,Grain,,scripts/skill_cooking/configs/cooking_generic/cooking.obj
grandtree_barksample,Bark sample,,scripts/_unpack/377/all.obj
grandtree_daconiarock,Daconia rock,,scripts/_unpack/377/all.obj
grandtree_gloughskey,Glough's key,,scripts/_unpack/377/all.obj
grandtree_invasionplans,Invasion plans,,scripts/_unpack/377/all.obj
grandtree_journal,Glough's journal,,scripts/_unpack/377/all.obj
grandtree_order,Lumber order,,scripts/_unpack/377/all.obj
grandtree_scroll,Hazelmere's scroll,,scripts/_unpack/377/all.obj
grandtree_translationbook,Translation book,,scripts/_unpack/377/all.obj
grandtree_twigo,Twigs,,scripts/_unpack/377/all.obj
grandtree_twigt,Twigs,,scripts/_unpack/377/all.obj
grandtree_twigu,Twigs,,scripts/_unpack/377/all.obj
grandtree_twigz,Twigs,,scripts/_unpack/377/all.obj
grandtree_warship,War ship,,scripts/_unpack/377/all.obj
granite_legs,Granite legs,,scripts/_unpack/377/all.obj
granite_maul,Granite maul,,scripts/_unpack/377/all.obj
granite_shield,Granite shield,,scripts/_unpack/377/all.obj
grapes,Grapes,,scripts/skill_cooking/configs/cooking_inv/configs/wine/wine.obj
green_cape,Cape,,scripts/_unpack/377/all.obj
green_logs,Green logs,,scripts/_unpack/377/all.obj
green_partyhat,Green partyhat,,scripts/_unpack/377/all.obj
greendye,Green dye,,scripts/_unpack/377/all.obj
greenkey,Key,,scripts/_unpack/377/all.obj
greenmans_ale,Greenman's ale,,scripts/skill_cooking/configs/cooking_generic/cooking.obj
grey_wolf_fur,Grey wolf fur,,scripts/_unpack/377/all.obj
grinder,Grinder,,scripts/_unpack/377/all.obj
grip_keys,Grips' keyring,,scripts/_unpack/377/all.obj
grog,Grog,,scripts/skill_cooking/configs/cooking_generic/cooking.obj
ground_bat_bones,Ground bat bones,,scripts/_unpack/377/all.obj
ground_charcoal,Ground charcoal,,scripts/_unpack/377/all.obj
ground_guam,Ground guam,,scripts/_unpack/377/all.obj
ground_seaweed,Ground seaweed,,scripts/_unpack/377/all.obj
growncatobject,Pet cat,,scripts/_unpack/377/all.obj
growncatobject_black,Pet cat,,scripts/_unpack/377/all.obj
growncatobject_bluegrey,Pet cat,,scripts/_unpack/377/all.obj
growncatobject_brown,Pet cat,,scripts/_unpack/377/all.obj
growncatobject_browngrey,Pet cat,,scripts/_unpack/377/all.obj
growncatobject_hell,Hell cat,,scripts/_unpack/377/all.obj
growncatobject_light,Pet cat,,scripts/_unpack/377/all.obj
guam_fishfood_box,Guam in a box,,scripts/_unpack/377/all.obj
guam_leaf,Guam leaf,,scripts/skill_herblore/configs/herbs.obj
guam_seed,Guam seed,,scripts/_unpack/377/all.obj
guamjangervial,Vial,,scripts/_unpack/377/all.obj
guamvial,Unfinished potion,,scripts/_unpack/377/all.obj
guide_icon_dummy,,,scripts/_unpack/377/all.obj
guthix_cape,Guthix cape,,scripts/_unpack/377/all.obj
guthix_staff,Guthix staff,,scripts/_unpack/377/all.obj
guthixbook_complete,Book of balance,,scripts/_unpack/377/all.obj
halberd,Halberd,,scripts/_unpack/377/all.obj
half_a_meat_pie,Half a meat pie,,scripts/skill_cooking/configs/cooking_inv/configs/pies/pies.obj
half_a_redberry_pie,Half a redberry pie,,scripts/skill_cooking/configs/cooking_inv/configs/pies/pies.obj
half_admiral_pie,Half a admiral pie,,scripts/_unpack/377/all.obj
half_an_apple_pie,Half an apple pie,,scripts/skill_cooking/configs/cooking_inv/configs/pies/pies.obj
half_anchovie_pizza,1/2 anchovy pizza,,scripts/skill_cooking/configs/cooking_inv/configs/pizza/pizza.obj
half_baked_batta,Half baked batta,,scripts/skill_cooking/configs/gnome_cooking/battas.obj
half_baked_bowl,Half baked bowl,,scripts/skill_cooking/configs/gnome_cooking/gnomebowls.obj
half_baked_crunchy,Half baked crunchy,,scripts/skill_cooking/configs/gnome_cooking/crunchies.obj
half_fish_pie,Half a fish pie,,scripts/_unpack/377/all.obj
half_full_wine_jug,Half full wine jug,,scripts/skill_cooking/configs/cooking_inv/configs/wine/wine.obj
half_garden_pie,Half a garden pie,,scripts/_unpack/377/all.obj
half_meat_pizza,1/2 meat pizza,,scripts/skill_cooking/configs/cooking_inv/configs/pizza/pizza.obj
half_pineapple_pizza,1/2pineapple pizza,,scripts/skill_cooking/configs/cooking_inv/configs/pizza/pizza.obj
half_plain_pizza,1/2 plain pizza,,scripts/skill_cooking/configs/cooking_inv/configs/pizza/pizza.obj
half_summer_pie,Half a summer pie,,scripts/_unpack/377/all.obj
half_wild_pie,Half a wild pie,,scripts/_unpack/377/all.obj
halloweenmask_blue,Blue h'ween mask,,scripts/_unpack/377/all.obj
halloweenmask_green,Green h'ween mask,,scripts/_unpack/377/all.obj
halloweenmask_red,Red h'ween mask,,scripts/_unpack/377/all.obj
ham_badge,H.a.m logo,,scripts/_unpack/377/all.obj
ham_boots,Boots,,scripts/_unpack/377/all.obj
ham_cloak,Ham cloak,,scripts/_unpack/377/all.obj
ham_gloves,Gloves,,scripts/_unpack/377/all.obj
ham_hood,Ham hood,,scripts/_unpack/377/all.obj
ham_robe,Ham robe,,scripts/_unpack/377/all.obj
ham_shirt,Ham shirt,,scripts/_unpack/377/all.obj
hammer,Hammer,,scripts/_unpack/377/all.obj
hammerstone_hop_seed,Hammerstone seed,,scripts/_unpack/377/all.obj
hammerstone_hop_seed_2,,,scripts/_unpack/377/all.obj
hammerstone_hop_seed_3,,,scripts/_unpack/377/all.obj
hammerstone_hop_seed_4,,,scripts/_unpack/377/all.obj
hammerstone_hop_seed_5,,,scripts/_unpack/377/all.obj
hammerstone_hops,Hammerstone hops,,scripts/_unpack/377/all.obj
handsand_beerhand,Beer soaked hand,,scripts/_unpack/377/all.obj
handsand_bottle_water,Bottled water,,scripts/_unpack/377/all.obj
handsand_orb_recording,Magical orb (a),,scripts/_unpack/377/all.obj
handsand_orb_storage,Magical orb,,scripts/_unpack/377/all.obj
handsand_pink_cape,Cape,,scripts/_unpack/377/all.obj
handsand_pink_dye,Pink dye,,scripts/_unpack/377/all.obj
handsand_redberry_juice,Redberry juice,,scripts/_unpack/377/all.obj
handsand_rose_lens,Rose tinted lens,,scripts/_unpack/377/all.obj
handsand_rota_bert,Bert's rota,,scripts/_unpack/377/all.obj
handsand_rota_sandy,Sandy's rota,,scripts/_unpack/377/all.obj
handsand_sand,Sand,,scripts/_unpack/377/all.obj
handsand_sandyhand,Sandy hand,,scripts/_unpack/377/all.obj
handsand_scroll_magic,A magic scroll,,scripts/_unpack/377/all.obj
handsand_truthserum,Truth serum,,scripts/_unpack/377/all.obj
handsand_wizhead,Wizard's head,,scripts/_unpack/377/all.obj
hangover_cure,Hangover cure,,scripts/_unpack/377/all.obj
hard_leather,Hard leather,,scripts/_unpack/377/all.obj
hardleather_body,Hardleather body,,scripts/_unpack/377/all.obj
harpoon,Harpoon,,scripts/_unpack/377/all.obj
harralander,Harralander,,scripts/skill_herblore/configs/herbs.obj
harralander_seed,Harralander seed,,scripts/_unpack/377/all.obj
harralandervial,Unfinished potion,,scripts/_unpack/377/all.obj
hauntedmine_lift_key,Zealot's key,,scripts/_unpack/377/all.obj
hauntedmine_reward_key,Crystal-mine key,,scripts/_unpack/377/all.obj
hazeel_scroll,Hazeel scroll,,scripts/_unpack/377/all.obj
headband_black,Black headband,,scripts/_unpack/377/all.obj
headband_brown,Brown headband,,scripts/_unpack/377/all.obj
headband_red,Red headband,,scripts/_unpack/377/all.obj
headless_arrow,Headless arrow,,scripts/_unpack/377/all.obj
headless_arrow_2,,,scripts/_unpack/377/all.obj
headless_arrow_3,,,scripts/_unpack/377/all.obj
headless_arrow_4,,,scripts/_unpack/377/all.obj
headless_arrow_5,,,scripts/_unpack/377/all.obj
heartcrystal,Heart crystal,,scripts/_unpack/377/all.obj
heartcrystal_glow,Heart crystal,,scripts/_unpack/377/all.obj
heartcrystal_sectiona,Chunk of crystal,,scripts/_unpack/377/all.obj
heartcrystal_sectionb,Hunk of crystal,,scripts/_unpack/377/all.obj
heartcrystal_sectionc,Lump of crystal,,scripts/_unpack/377/all.obj
hemenster_fishing_trophy,Fishing trophy,,scripts/_unpack/377/all.obj
herb_2,,,scripts/_unpack/377/all.obj
herb_3,,,scripts/_unpack/377/all.obj
herb_4,,,scripts/_unpack/377/all.obj
herb_5,,,scripts/_unpack/377/all.obj
herbbowl,Herb bowl,,scripts/_unpack/377/all.obj
herring,Herring,,scripts/_unpack/377/all.obj
highwayman_mask,,,scripts/_unpack/377/all.obj
highwaymanmask,Highwayman mask,,scripts/_unpack/377/all.obj
hollow_bark,Bark,,scripts/_unpack/377/all.obj
holthion_amulet,Amulet of holthion,,scripts/_unpack/377/all.obj
holy_book_g_page1,Torn page 1(g),,scripts/_unpack/377/all.obj
holy_book_g_page2,Torn page 2(g),,scripts/_unpack/377/all.obj
holy_book_g_page3,Torn page 3(g),,scripts/_unpack/377/all.obj
holy_book_g_page4,Torn page 4(g),,scripts/_unpack/377/all.obj
holy_book_s_page1,Torn page 1(s),,scripts/_unpack/377/all.obj
holy_book_s_page2,Torn page 2(s),,scripts/_unpack/377/all.obj
holy_book_s_page3,Torn page 3(s),,scripts/_unpack/377/all.obj
holy_book_s_page4,Torn page 4(s),,scripts/_unpack/377/all.obj
holy_book_z_page1,Torn page 1(z),,scripts/_unpack/377/all.obj
holy_book_z_page2,Torn page 2(z),,scripts/_unpack/377/all.obj
holy_book_z_page3,Torn page 3(z),,scripts/_unpack/377/all.obj
holy_book_z_page4,Torn page 4(z),,scripts/_unpack/377/all.obj
holy_grail,Holy grail,,scripts/_unpack/377/all.obj
holy_symbol_mould,Holy mould,,scripts/_unpack/377/all.obj
holy_table_napkin,Holy table napkin,,scripts/_unpack/377/all.obj
holy_water,Holy water,,scripts/_unpack/377/all.obj
holyforce,Holy force,,scripts/_unpack/377/all.obj
horror_casket,Rusty casket,,scripts/_unpack/377/all.obj
horror_diary1,Journal,,scripts/_unpack/377/all.obj
horror_diary2,Diary,,scripts/_unpack/377/all.obj
horror_diary3,Manual,,scripts/_unpack/377/all.obj
horror_key,Lighthouse key,,scripts/_unpack/377/all.obj
horsey_black,Toy horsey,,scripts/_unpack/377/all.obj
horsey_brown,Toy horsey,,scripts/_unpack/377/all.obj
horsey_grey,Toy horsey,,scripts/_unpack/377/all.obj
horsey_white,Toy horsey,,scripts/_unpack/377/all.obj
hot_feather,Fire feather,,scripts/_unpack/377/all.obj
hundred_cleaver,Cleaver,,scripts/_unpack/377/all.obj
hundred_dave_spice_brown_1,Brown spice (1),,scripts/_unpack/377/all.obj
hundred_dave_spice_brown_2,Brown spice (2),,scripts/_unpack/377/all.obj
hundred_dave_spice_brown_3,Brown spice (3),,scripts/_unpack/377/all.obj
hundred_dave_spice_brown_4,Brown spice (4),,scripts/_unpack/377/all.obj
hundred_dave_spice_empty,Empty spice shaker,,scripts/_unpack/377/all.obj
hundred_dave_spice_orange_1,Orange spice (1),,scripts/_unpack/377/all.obj
hundred_dave_spice_orange_2,Orange spice (2),,scripts/_unpack/377/all.obj
hundred_dave_spice_orange_3,Orange spice (3),,scripts/_unpack/377/all.obj
hundred_dave_spice_orange_4,Orange spice (4),,scripts/_unpack/377/all.obj
hundred_dave_spice_red_1,Red spice (1),,scripts/_unpack/377/all.obj
hundred_dave_spice_red_2,Red spice (2),,scripts/_unpack/377/all.obj
hundred_dave_spice_red_3,Red spice (3),,scripts/_unpack/377/all.obj
hundred_dave_spice_red_4,Red spice (4),,scripts/_unpack/377/all.obj
hundred_dave_spice_yellow_1,Yellow spice (1),,scripts/_unpack/377/all.obj
hundred_dave_spice_yellow_2,Yellow spice (2),,scripts/_unpack/377/all.obj
hundred_dave_spice_yellow_3,Yellow spice (3),,scripts/_unpack/377/all.obj
hundred_dave_spice_yellow_4,Yellow spice (4),,scripts/_unpack/377/all.obj
hundred_dave_stew,Spicy stew,,scripts/_unpack/377/all.obj
hundred_dwarf_asgarnian_ale,Asgarnian ale (g),,scripts/_unpack/377/all.obj
hundred_dwarf_cool_rockcake,Dwarven rock cake,,scripts/_unpack/377/all.obj
hundred_dwarf_hot_rockcake,Dwarven rock cake,,scripts/_unpack/377/all.obj
hundred_fruit_blast,Dirty blast,,scripts/_unpack/377/all.obj
hundred_frying_pan,Frying pan,,scripts/_unpack/377/all.obj
hundred_gauntlets_level_1,Gloves,,scripts/_unpack/377/all.obj
hundred_gauntlets_level_10,Gloves,,scripts/_unpack/377/all.obj
hundred_gauntlets_level_2,Gloves,,scripts/_unpack/377/all.obj
hundred_gauntlets_level_3,Gloves,,scripts/_unpack/377/all.obj
hundred_gauntlets_level_4,Gloves,,scripts/_unpack/377/all.obj
hundred_gauntlets_level_5,Gloves,,scripts/_unpack/377/all.obj
hundred_gauntlets_level_6,Gloves,,scripts/_unpack/377/all.obj
hundred_gauntlets_level_7,Gloves,,scripts/_unpack/377/all.obj
hundred_gauntlets_level_8,Gloves,,scripts/_unpack/377/all.obj
hundred_gauntlets_level_9,Gloves,,scripts/_unpack/377/all.obj
hundred_hammer,Meat tenderiser,,scripts/_unpack/377/all.obj
hundred_ilm_cooked_stuffed_snake,Stuffed snake,,scripts/_unpack/377/all.obj
hundred_ilm_correctly_stuffed_snake,Raw stuffed snake,,scripts/_unpack/377/all.obj
hundred_ilm_incorrectly_stuffed_snake,Odd stuffed snake,,scripts/_unpack/377/all.obj
hundred_ilm_red_banana,Red banana,,scripts/_unpack/377/all.obj
hundred_ilm_sliced_red_banana,Sliced red banana,,scripts/_unpack/377/all.obj
hundred_ilm_snake_corpse,Snake corpse,,scripts/_unpack/377/all.obj
hundred_ilm_tchiki_monkey_nut_paste,Tchiki nut paste,,scripts/_unpack/377/all.obj
hundred_ilm_tchiki_monkey_nuts,Tchiki monkey nuts,,scripts/_unpack/377/all.obj
hundred_knife,Kitchen knife,,scripts/_unpack/377/all.obj
hundred_pirate_breadcrumbs,Breadcrumbs,,scripts/_unpack/377/all.obj
hundred_pirate_burned_fishcake,Burnt fishcake,,scripts/_unpack/377/all.obj
hundred_pirate_burned_giant_crab_meat,Burnt crab meat,,scripts/_unpack/377/all.obj
hundred_pirate_crab_shell_claw,Fresh crab claw,,scripts/_unpack/377/all.obj
hundred_pirate_crab_shell_gauntlet,Crab claw,,scripts/_unpack/377/all.obj
hundred_pirate_crab_shell_head,Fresh crab shell,,scripts/_unpack/377/all.obj
hundred_pirate_crab_shell_helm,Crab helmet,,scripts/_unpack/377/all.obj
hundred_pirate_diving_backpack,Diving apparatus,,scripts/_unpack/377/all.obj
hundred_pirate_diving_helmet,Fishbowl helmet,,scripts/_unpack/377/all.obj
hundred_pirate_fishcake,Cooked fishcake,,scripts/_unpack/377/all.obj
hundred_pirate_giant_crab_meat,Crab meat,,scripts/_unpack/377/all.obj
hundred_pirate_giant_crab_meat_1,Cooked crab meat,,scripts/_unpack/377/all.obj
hundred_pirate_giant_crab_meat_2,Cooked crab meat,,scripts/_unpack/377/all.obj
hundred_pirate_giant_crab_meat_3,Cooked crab meat,,scripts/_unpack/377/all.obj
hundred_pirate_giant_crab_meat_4,Cooked crab meat,,scripts/_unpack/377/all.obj
hundred_pirate_giant_crab_meat_5,Cooked crab meat,,scripts/_unpack/377/all.obj
hundred_pirate_ground_cod,Ground cod,,scripts/_unpack/377/all.obj
hundred_pirate_ground_giant_crab_meat,Ground crab meat,,scripts/_unpack/377/all.obj
hundred_pirate_ground_kelp,Ground kelp,,scripts/_unpack/377/all.obj
hundred_pirate_kelp,Kelp,,scripts/_unpack/377/all.obj
hundred_pirate_mudskipper_hide,Mudskipper hide,,scripts/_unpack/377/all.obj
hundred_pirate_raw_fishcake,Raw fishcake,,scripts/_unpack/377/all.obj
hundred_pirate_rock,Rock,,scripts/_unpack/377/all.obj
hundred_rewardlamp,Antique lamp,,scripts/_unpack/377/all.obj
hundred_rollingpin,Rolling pin,,scripts/_unpack/377/all.obj
hundred_skewer,Skewer,,scripts/_unpack/377/all.obj
hundred_spatula,Spatula,,scripts/_unpack/377/all.obj
hundred_spoon,Wooden spoon,,scripts/_unpack/377/all.obj
hundred_spork,Spork,,scripts/_unpack/377/all.obj
hundred_whisk,Egg whisk,,scripts/_unpack/377/all.obj
ibandoll,Doll of iban,,scripts/_unpack/377/all.obj
ibans_ashes,Iban's ashes,,scripts/_unpack/377/all.obj
ibansdove,Iban's dove,,scripts/_unpack/377/all.obj
ibansshadow,Iban's shadow,,scripts/_unpack/377/all.obj
ibanstaff,Iban's staff,,scripts/_unpack/377/all.obj
ice_arrow,Ice arrows,,scripts/_unpack/377/all.obj
ice_arrow_2,,,scripts/_unpack/377/all.obj
ice_arrow_3,,,scripts/_unpack/377/all.obj
ice_arrow_4,,,scripts/_unpack/377/all.obj
ice_arrow_5,,,scripts/_unpack/377/all.obj
ice_gloves,Ice gloves,,scripts/_unpack/377/all.obj
ics_goldleaf,Gold leaf,,scripts/_unpack/377/all.obj
ics_little_amulet_of_catspeak,Catspeak amulet,,scripts/_unpack/377/all.obj
ics_little_bookofembalming,Embalming manual,,scripts/_unpack/377/all.obj
ics_little_canopic_jar_intestines,Canopic jar,,scripts/_unpack/377/all.obj
ics_little_canopic_jar_liver,Canopic jar,,scripts/_unpack/377/all.obj
ics_little_canopic_jar_lungs,Canopic jar,,scripts/_unpack/377/all.obj
ics_little_canopic_jar_stomach,Canopic jar,,scripts/_unpack/377/all.obj
ics_little_holy_symbol,Holy symbol,,scripts/_unpack/377/all.obj
ics_little_linen,Linen,,scripts/_unpack/377/all.obj
ics_little_pileofsalt,Pile of salt,,scripts/_unpack/377/all.obj
ics_little_saltwaterbucket,Full bucket,,scripts/_unpack/377/all.obj
ics_little_sap_bucket,Bucket of sap,,scripts/_unpack/377/all.obj
ics_little_sphinxstatue,Sphinx's token,,scripts/_unpack/377/all.obj
ics_little_unholy_symbol,Unholy symbol,,scripts/_unpack/377/all.obj
id_papers,Id papers,,scripts/_unpack/377/all.obj
ikov_bootsoflightness,Boots of lightness,,scripts/_unpack/377/all.obj
ikov_bootsoflightnessworn,Boots of lightness,,scripts/_unpack/377/all.obj
ikov_lever,Lever,,scripts/_unpack/377/all.obj
ikov_pendantofarmardyl,Armadyl pendant,,scripts/_unpack/377/all.obj
ikov_pendantoflucien,Pendant of lucien,,scripts/_unpack/377/all.obj
ikov_shinykey,Shiny key,,scripts/_unpack/377/all.obj
ikov_staffofarmardyl,Staff of armadyl,,scripts/_unpack/377/all.obj
inactivepet_squid,Karamthulhu,,scripts/_unpack/377/all.obj
incomplete_pizza,Incomplete pizza,,scripts/skill_cooking/configs/cooking_inv/configs/pizza/pizza.obj
insect_repellent,Insect repellent,,scripts/_unpack/377/all.obj
intelligence_report,Scroll,,scripts/_unpack/377/all.obj
invis_amulet1,Sapphire amulet,,scripts/_unpack/377/all.obj
invis_amulet2,Emerald amulet,,scripts/_unpack/377/all.obj
invis_amulet3,Ruby amulet,,scripts/_unpack/377/all.obj
invis_amulet4,Diamond amulet,,scripts/_unpack/377/all.obj
invis_amulet5,Dragonstone ammy,,scripts/_unpack/377/all.obj
invis_amulet6,Onyx amulet,,scripts/_unpack/377/all.obj
invis_necklace1,Sapphire necklace,,scripts/_unpack/377/all.obj
invis_necklace2,Emerald necklace,,scripts/_unpack/377/all.obj
invis_necklace3,Ruby necklace,,scripts/_unpack/377/all.obj
invis_necklace4,Diamond necklace,,scripts/_unpack/377/all.obj
invis_necklace5,Dragon necklace,,scripts/_unpack/377/all.obj
invis_necklace6,Onyx necklace,,scripts/_unpack/377/all.obj
invis_ring1,Sapphire ring,,scripts/_unpack/377/all.obj
invis_ring2,Emerald ring,,scripts/_unpack/377/all.obj
invis_ring3,Ruby ring,,scripts/_unpack/377/all.obj
invis_ring4,Diamond ring,,scripts/_unpack/377/all.obj
invis_ring5,Dragonstone ring,,scripts/_unpack/377/all.obj
invis_ring6,Onyx ring,,scripts/_unpack/377/all.obj
invis_rod,Silvthrill rod,,scripts/_unpack/377/all.obj
irit_leaf,Irit leaf,,scripts/skill_herblore/configs/herbs.obj
irit_seed,Irit seed,,scripts/_unpack/377/all.obj
iritvial,Unfinished potion,,scripts/_unpack/377/all.obj
iron_2h_sword,Iron 2h sword,,scripts/_unpack/377/all.obj
iron_armoured_boots,Iron boots,,scripts/_unpack/377/all.obj
iron_arrow,Iron arrow,,scripts/_unpack/377/all.obj
iron_arrow_2,,,scripts/_unpack/377/all.obj
iron_arrow_3,,,scripts/_unpack/377/all.obj
iron_arrow_4,,,scripts/_unpack/377/all.obj
iron_arrow_5,,,scripts/_unpack/377/all.obj
iron_arrow_p,Iron arrow(p),,scripts/_unpack/377/all.obj
iron_arrow_p_2,,,scripts/_unpack/377/all.obj
iron_arrow_p_3,,,scripts/_unpack/377/all.obj
iron_arrow_p_4,,,scripts/_unpack/377/all.obj
iron_arrow_p_5,,,scripts/_unpack/377/all.obj
iron_arrowheads,Iron arrowtips,,scripts/_unpack/377/all.obj
iron_axe,Iron axe,,scripts/skill_woodcutting/configs/axes/axes.obj
iron_bar,Iron bar,,scripts/_unpack/377/all.obj
iron_battleaxe,Iron battleaxe,,scripts/_unpack/377/all.obj
iron_chainbody,Iron chainbody,,scripts/_unpack/377/all.obj
iron_claws,Iron claws,,scripts/skill_combat/configs/melee/claws.obj
iron_dagger,Iron dagger,,scripts/_unpack/377/all.obj
iron_dagger_p,Iron dagger(p),,scripts/_unpack/377/all.obj
iron_dart,Iron dart,,scripts/_unpack/377/all.obj
iron_dart_p,Iron dart(p),,scripts/_unpack/377/all.obj
iron_dart_tip,Iron dart tip,,scripts/_unpack/377/all.obj
iron_full_helm,Iron full helm,,scripts/_unpack/377/all.obj
iron_halberd,Iron halberd,,scripts/_unpack/377/all.obj
iron_javelin,Iron javelin,,scripts/_unpack/377/all.obj
iron_javelin_p,Iron javelin(p),,scripts/_unpack/377/all.obj
iron_kiteshield,Iron kiteshield,,scripts/_unpack/377/all.obj
iron_knife,Iron knife,,scripts/_unpack/377/all.obj
iron_knife_p,Iron knife(p),,scripts/_unpack/377/all.obj
iron_litarrow,Iron fire arrows,,scripts/_unpack/377/all.obj
iron_longsword,Iron longsword,,scripts/_unpack/377/all.obj
iron_mace,Iron mace,,scripts/_unpack/377/all.obj
iron_med_helm,Iron med helm,,scripts/_unpack/377/all.obj
iron_ore,Iron ore,,scripts/_unpack/377/all.obj
iron_pickaxe,Iron pickaxe,,scripts/_unpack/377/all.obj
iron_platebody,Iron platebody,,scripts/_unpack/377/all.obj
iron_platelegs,Iron platelegs,,scripts/_unpack/377/all.obj
iron_plateskirt,Iron plateskirt,,scripts/_unpack/377/all.obj
iron_scimitar,Iron scimitar,,scripts/_unpack/377/all.obj
iron_sheet,Iron sheet,,scripts/_unpack/377/all.obj
iron_sickle,Iron sickle,,scripts/_unpack/377/all.obj
iron_spear,Iron spear,,scripts/_unpack/377/all.obj
iron_spear_p,Iron spear(p),,scripts/_unpack/377/all.obj
iron_sq_shield,Iron sq shield,,scripts/_unpack/377/all.obj
iron_sword,Iron sword,,scripts/_unpack/377/all.obj
iron_thrownaxe,Iron thrownaxe,,scripts/_unpack/377/all.obj
iron_unlitarrow,Iron fire arrows,,scripts/_unpack/377/all.obj
iron_warhammer,Iron warhammer,,scripts/_unpack/377/all.obj
jade,Jade,,scripts/_unpack/377/all.obj
jail_key,Jail key,,scripts/_unpack/377/all.obj
jangerberries,Jangerberries,,scripts/_unpack/377/all.obj
jangerberry_bush_seed,Jangerberry seed,,scripts/_unpack/377/all.obj
jangerberry_seed_2,,,scripts/_unpack/377/all.obj
jangerberry_seed_3,,,scripts/_unpack/377/all.obj
jangerberry_seed_4,,,scripts/_unpack/377/all.obj
jangerberry_seed_5,,,scripts/_unpack/377/all.obj
jangervial,Vial,,scripts/_unpack/377/all.obj
javelin,Javelin,,scripts/_unpack/377/all.obj
johnathon_crest,Crest part,,scripts/_unpack/377/all.obj
jug_bad_wine,Jug of bad wine,,scripts/skill_cooking/configs/cooking_inv/configs/wine/wine.obj
jug_empty,Jug,,scripts/_unpack/377/all.obj
jug_unfermented_wine,Unfermented wine,,scripts/skill_cooking/configs/cooking_inv/configs/wine/wine.obj
jug_water,Jug of water,,scripts/_unpack/377/all.obj
jug_wine,Jug of wine,,scripts/skill_cooking/configs/cooking_inv/configs/wine/wine.obj
julietmessage,Message,,scripts/_unpack/377/all.obj
jute_fibre,Jute fibre,,scripts/_unpack/377/all.obj
jute_seed,Jute seed,,scripts/_unpack/377/all.obj
jute_seed_2,,,scripts/_unpack/377/all.obj
jute_seed_3,,,scripts/_unpack/377/all.obj
jute_seed_4,,,scripts/_unpack/377/all.obj
jute_seed_5,,,scripts/_unpack/377/all.obj
karamja_rum,Karamjan rum,,scripts/_unpack/377/all.obj
kebab,Kebab,,scripts/skill_cooking/configs/cooking_generic/cooking.obj
keep_key,Keep key,,scripts/_unpack/377/all.obj
keg_asgarnian_ale_1,Asgarnian ale(1),,scripts/_unpack/377/all.obj
keg_asgarnian_ale_2,Asgarnian ale(2),,scripts/_unpack/377/all.obj
keg_asgarnian_ale_3,Asgarnian ale(3),,scripts/_unpack/377/all.obj
keg_asgarnian_ale_4,Asgarnian ale(4),,scripts/_unpack/377/all.obj
keg_axemans_folly_1,Axeman's folly(1),,scripts/_unpack/377/all.obj
keg_axemans_folly_2,Axeman's folly(2),,scripts/_unpack/377/all.obj
keg_axemans_folly_3,Axeman's folly(3),,scripts/_unpack/377/all.obj
keg_axemans_folly_4,Axeman's folly(4),,scripts/_unpack/377/all.obj
keg_chefs_delight_1,Chef's delight(1),,scripts/_unpack/377/all.obj
keg_chefs_delight_2,Chef's delight(2),,scripts/_unpack/377/all.obj
keg_chefs_delight_3,Chef's delight(3),,scripts/_unpack/377/all.obj
keg_chefs_delight_4,Chef's delight(4),,scripts/_unpack/377/all.obj
keg_cider_1,Cider(1),,scripts/_unpack/377/all.obj
keg_cider_2,Cider(2),,scripts/_unpack/377/all.obj
keg_cider_3,Cider(3),,scripts/_unpack/377/all.obj
keg_cider_4,Cider(4),,scripts/_unpack/377/all.obj
keg_dragon_bitter_1,Dragon bitter(1),,scripts/_unpack/377/all.obj
keg_dragon_bitter_2,Dragon bitter(2),,scripts/_unpack/377/all.obj
keg_dragon_bitter_3,Dragon bitter(3),,scripts/_unpack/377/all.obj
keg_dragon_bitter_4,Dragon bitter(4),,scripts/_unpack/377/all.obj
keg_dwarven_stout_1,Dwarven stout(1),,scripts/_unpack/377/all.obj
keg_dwarven_stout_2,Dwarven stout(2),,scripts/_unpack/377/all.obj
keg_dwarven_stout_3,Dwarven stout(3),,scripts/_unpack/377/all.obj
keg_dwarven_stout_4,Dwarven stout(4),,scripts/_unpack/377/all.obj
keg_greenmans_ale_1,Greenmans ale(1),,scripts/_unpack/377/all.obj
keg_greenmans_ale_2,Greenmans ale(2),,scripts/_unpack/377/all.obj
keg_greenmans_ale_3,Greenmans ale(3),,scripts/_unpack/377/all.obj
keg_greenmans_ale_4,Greenmans ale(4),,scripts/_unpack/377/all.obj
keg_mature_asgarnian_ale_1,Asgarnian ale(m1),,scripts/_unpack/377/all.obj
keg_mature_asgarnian_ale_2,Asgarnian ale(m2),,scripts/_unpack/377/all.obj
keg_mature_asgarnian_ale_3,Asgarnian ale(m3),,scripts/_unpack/377/all.obj
keg_mature_asgarnian_ale_4,Asgarnian ale(m4),,scripts/_unpack/377/all.obj
keg_mature_axemans_folly_1,Axeman's folly(m1),,scripts/_unpack/377/all.obj
keg_mature_axemans_folly_2,Axeman's folly(m2),,scripts/_unpack/377/all.obj
keg_mature_axemans_folly_3,Axeman's folly(m3),,scripts/_unpack/377/all.obj
keg_mature_axemans_folly_4,Axeman's folly(m4),,scripts/_unpack/377/all.obj
keg_mature_chefs_delight_1,Chef's delight(m1),,scripts/_unpack/377/all.obj
keg_mature_chefs_delight_2,Chef's delight(m2),,scripts/_unpack/377/all.obj
keg_mature_chefs_delight_3,Chef's delight(m3),,scripts/_unpack/377/all.obj
keg_mature_chefs_delight_4,Chef's delight(m4),,scripts/_unpack/377/all.obj
keg_mature_cider_1,Cider(m1),,scripts/_unpack/377/all.obj
keg_mature_cider_2,Cider(m2),,scripts/_unpack/377/all.obj
keg_mature_cider_3,Cider(m3),,scripts/_unpack/377/all.obj
keg_mature_cider_4,Cider(m4),,scripts/_unpack/377/all.obj
keg_mature_dragon_bitter_1,Dragon bitter(m1),,scripts/_unpack/377/all.obj
keg_mature_dragon_bitter_2,Dragon bitter(m2),,scripts/_unpack/377/all.obj
keg_mature_dragon_bitter_3,Dragon bitter(m3),,scripts/_unpack/377/all.obj
keg_mature_dragon_bitter_4,Dragon bitter(m4),,scripts/_unpack/377/all.obj
keg_mature_dwarven_stout_1,Dwarven stout(m1),,scripts/_unpack/377/all.obj
keg_mature_dwarven_stout_2,Dwarven stout(m2),,scripts/_unpack/377/all.obj
keg_mature_dwarven_stout_3,Dwarven stout(m3),,scripts/_unpack/377/all.obj
keg_mature_dwarven_stout_4,Dwarven stout(m4),,scripts/_unpack/377/all.obj
keg_mature_greenmans_ale_1,Greenmans ale(m1),,scripts/_unpack/377/all.obj
keg_mature_greenmans_ale_2,Greenmans ale(m2),,scripts/_unpack/377/all.obj
keg_mature_greenmans_ale_3,Greenmans ale(m3),,scripts/_unpack/377/all.obj
keg_mature_greenmans_ale_4,Greenmans ale(m4),,scripts/_unpack/377/all.obj
keg_mature_moonlight_mead_1,M'light mead(m1),,scripts/_unpack/377/all.obj
keg_mature_moonlight_mead_2,M'light mead(m2),,scripts/_unpack/377/all.obj
keg_mature_moonlight_mead_3,M'light mead(m3),,scripts/_unpack/377/all.obj
keg_mature_moonlight_mead_4,M'light mead(m4),,scripts/_unpack/377/all.obj
keg_mature_slayers_respite_1,Slayer respite(m1),,scripts/_unpack/377/all.obj
keg_mature_slayers_respite_2,Slayer respite(m2),,scripts/_unpack/377/all.obj
keg_mature_slayers_respite_3,Slayer respite(m3),,scripts/_unpack/377/all.obj
keg_mature_slayers_respite_4,Slayer respite(m4),,scripts/_unpack/377/all.obj
keg_mature_wizards_mind_bomb_1,Mind bomb(m1),,scripts/_unpack/377/all.obj
keg_mature_wizards_mind_bomb_2,Mind bomb(m2),,scripts/_unpack/377/all.obj
keg_mature_wizards_mind_bomb_3,Mind bomb(m3),,scripts/_unpack/377/all.obj
keg_mature_wizards_mind_bomb_4,Mind bomb(m4),,scripts/_unpack/377/all.obj
keg_moonlight_mead_1,Moonlight mead(1),,scripts/_unpack/377/all.obj
keg_moonlight_mead_2,Moonlight mead(2),,scripts/_unpack/377/all.obj
keg_moonlight_mead_3,Moonlight mead(3),,scripts/_unpack/377/all.obj
keg_moonlight_mead_4,Moonlight mead(4),,scripts/_unpack/377/all.obj
keg_of_beer,Keg of beer,,scripts/_unpack/377/all.obj
keg_slayers_respite_1,Slayer's respite(1),,scripts/_unpack/377/all.obj
keg_slayers_respite_2,Slayer's respite(2),,scripts/_unpack/377/all.obj
keg_slayers_respite_3,Slayer's respite(3),,scripts/_unpack/377/all.obj
keg_slayers_respite_4,Slayer's respite(4),,scripts/_unpack/377/all.obj
keg_wizards_mind_bomb_1,Mind bomb(1),,scripts/_unpack/377/all.obj
keg_wizards_mind_bomb_2,Mind bomb(2),,scripts/_unpack/377/all.obj
keg_wizards_mind_bomb_3,Mind bomb(3),,scripts/_unpack/377/all.obj
keg_wizards_mind_bomb_4,Mind bomb(4),,scripts/_unpack/377/all.obj
kelda_hop_seed,Kelda seed,,scripts/_unpack/377/all.obj
kelda_hop_seed_2,,,scripts/_unpack/377/all.obj
kelda_hop_seed_3,,,scripts/_unpack/377/all.obj
kelda_hop_seed_4,,,scripts/_unpack/377/all.obj
kelda_hop_seed_5,,,scripts/_unpack/377/all.obj
kelda_hops,Kelda hops,,scripts/_unpack/377/all.obj
kelda_stout,Kelda stout,,scripts/_unpack/377/all.obj
keyhalf1,Half of a key,,scripts/_unpack/377/all.obj
keyhalf2,Half of a key,,scripts/_unpack/377/all.obj
keyprint,Key print,,scripts/_unpack/377/all.obj
khali_brew,Khali brew,,scripts/_unpack/377/all.obj
khazard_cellkeys,Khazard cell keys,,scripts/_unpack/377/all.obj
khazard_helmet,Khazard helmet,,scripts/_unpack/377/all.obj
khazard_platemail,Khazard armour,,scripts/_unpack/377/all.obj
king_lathas_amulet,Lathas' amulet,,scripts/_unpack/377/all.obj
king_worm,King worm,,scripts/skill_cooking/configs/gnome_cooking/gnome_cooking.obj
kittenobject,Pet kitten,,scripts/_unpack/377/all.obj
kittenobject_black,Pet kitten,,scripts/_unpack/377/all.obj
kittenobject_bluegrey,Pet kitten,,scripts/_unpack/377/all.obj
kittenobject_brown,Pet kitten,,scripts/_unpack/377/all.obj
kittenobject_browngrey,Pet kitten,,scripts/_unpack/377/all.obj
kittenobject_hell,Hell-kitten,,scripts/_unpack/377/all.obj
kittenobject_light,Pet kitten,,scripts/_unpack/377/all.obj
klanks_gauntlets,Klank's gauntlets,,scripts/_unpack/377/all.obj
knife,Knife,,scripts/_unpack/377/all.obj
knights_portrait,Portrait,,scripts/_unpack/377/all.obj
krandorian_hop_seed,Krandorian seed,,scripts/_unpack/377/all.obj
krandorian_hop_seed_2,,,scripts/_unpack/377/all.obj
krandorian_hop_seed_3,,,scripts/_unpack/377/all.obj
krandorian_hop_seed_4,,,scripts/_unpack/377/all.obj
krandorian_hop_seed_5,,,scripts/_unpack/377/all.obj
krandorian_hops,Krandorian hops,,scripts/_unpack/377/all.obj
kwuarm,Kwuarm,,scripts/skill_herblore/configs/herbs.obj
kwuarm_seed,Kwuarm seed,,scripts/_unpack/377/all.obj
kwuarmvial,Unfinished potion,,scripts/_unpack/377/all.obj
laderhosen_hat,Lederhosen hat,,scripts/macro events/configs/antimacro.obj
laderhosen_legs,Lederhosen shorts,,scripts/macro events/configs/antimacro.obj
laderhosen_top,Lederhosen top,,scripts/macro events/configs/antimacro.obj
lantadyme,Lantadyme,,scripts/skill_herblore/configs/herbs.obj
lantadyme_seed,Lantadyme seed,,scripts/_unpack/377/all.obj
lantadymevial,Unfinished potion,,scripts/_unpack/377/all.obj
lava_battlestaff,Lava battlestaff,,scripts/_unpack/377/all.obj
lava_eel,Lava eel,,scripts/skill_cooking/configs/cooking_generic/food_cooked.obj
lavarune,Lava rune,,scripts/_unpack/377/all.obj
law_talisman,Law talisman,,scripts/skill_runecraft/configs/runecraft.obj
lawrune,Law rune,,scripts/_unpack/377/all.obj
lazycatobject,Lazy cat,,scripts/_unpack/377/all.obj
lazycatobject_black,Lazy cat,,scripts/_unpack/377/all.obj
lazycatobject_bluegrey,Lazy cat,,scripts/_unpack/377/all.obj
lazycatobject_brown,Lazy cat,,scripts/_unpack/377/all.obj
lazycatobject_browngrey,Lazy cat,,scripts/_unpack/377/all.obj
lazycatobject_hell,Lazy hell cat,,scripts/_unpack/377/all.obj
lazycatobject_light,Lazy cat,,scripts/_unpack/377/all.obj
leaflet_dropper_flyer,Al kharid flyer,,scripts/_unpack/377/all.obj
leather,Leather,,scripts/_unpack/377/all.obj
leather_armour,Leather body,,scripts/_unpack/377/all.obj
leather_boots,Leather boots,,scripts/_unpack/377/all.obj
leather_chaps,Leather chaps,,scripts/_unpack/377/all.obj
leather_cowl,Leather cowl,,scripts/_unpack/377/all.obj
leather_gloves,Leather gloves,,scripts/_unpack/377/all.obj
leather_vambraces,Leather vambraces,,scripts/_unpack/377/all.obj
leaves,Leaves,,scripts/_unpack/377/all.obj
leaves_magic,Leaves,,scripts/_unpack/377/all.obj
leaves_maple,Leaves,,scripts/_unpack/377/all.obj
leaves_oak,Leaves,,scripts/_unpack/377/all.obj
leaves_willow,Leaves,,scripts/_unpack/377/all.obj
leaves_yew,Leaves,,scripts/_unpack/377/all.obj
lemon,Lemon,,scripts/skill_cooking/configs/gnome_cooking/cocktails.obj
lemon_chunks,Lemon chunks,,scripts/skill_cooking/configs/gnome_cooking/cocktails.obj
lemon_slices,Lemon slices,,scripts/skill_cooking/configs/gnome_cooking/cocktails.obj
lens,Lens,,scripts/_unpack/377/all.obj
lens_mould,Lens mould,,scripts/_unpack/377/all.obj
level1certificate,Level 1 certificate,,scripts/_unpack/377/all.obj
level2certificate,Level 2 certificate,,scripts/_unpack/377/all.obj
level3certificate,Level 3 certificate,,scripts/_unpack/377/all.obj
lime,Lime,,scripts/skill_cooking/configs/gnome_cooking/cocktails.obj
lime_chunks,Lime chunks,,scripts/skill_cooking/configs/gnome_cooking/cocktails.obj
lime_slices,Lime slices,,scripts/skill_cooking/configs/gnome_cooking/cocktails.obj
limestone,Limestone,,scripts/_unpack/377/all.obj
limestonebrick,Limestone brick,,scripts/_unpack/377/all.obj
limpwurt_root,Limpwurt root,,scripts/_unpack/377/all.obj
limpwurt_seed,Limpwurt seed,,scripts/_unpack/377/all.obj
limpwurt_seed_2,,,scripts/_unpack/377/all.obj
limpwurt_seed_3,,,scripts/_unpack/377/all.obj
limpwurt_seed_4,,,scripts/_unpack/377/all.obj
limpwurt_seed_5,,,scripts/_unpack/377/all.obj
liquid_honey,Liquid honey,,scripts/_unpack/377/all.obj
lit_black_candle,Lit black candle,,scripts/_unpack/377/all.obj
lit_candle,Lit candle,,scripts/_unpack/377/all.obj
litarrow,Bronze fire arrows,,scripts/_unpack/377/all.obj
litarrow_2,,,scripts/_unpack/377/all.obj
litarrow_3,,,scripts/_unpack/377/all.obj
litarrow_4,,,scripts/_unpack/377/all.obj
litarrow_5,,,scripts/_unpack/377/all.obj
lobster,Lobster,,scripts/_unpack/377/all.obj
lobster_pot,Lobster pot,,scripts/_unpack/377/all.obj
lockpick,Lockpick,,scripts/_unpack/377/all.obj
logs,Logs,,scripts/skill_firemaking/configs/firemaking.obj
logs_pyre,Pyre logs,,scripts/_unpack/377/all.obj
longbow,Longbow,,scripts/_unpack/377/all.obj
lost_tribe_book,Goblin symbol book,,scripts/_unpack/377/all.obj
lost_tribe_brooch,Brooch,,scripts/_unpack/377/all.obj
lost_tribe_chest_key,Key,,scripts/_unpack/377/all.obj
lost_tribe_silverware,Silverware,,scripts/_unpack/377/all.obj
lost_tribe_treaty,Peace treaty,,scripts/_unpack/377/all.obj
machette,Machete,,scripts/_unpack/377/all.obj
machette_jade,Jade machete,,scripts/_unpack/377/all.obj
machette_opal,Opal machete,,scripts/_unpack/377/all.obj
machette_redtopaz,Red topaz machete,,scripts/_unpack/377/all.obj
mackerel,Mackerel,,scripts/_unpack/377/all.obj
macro_adamant_hatchethead,Adamant axe head,,scripts/macro events/configs/antimacro.obj
macro_adamant_pickaxehead,Adamant pick head,,scripts/macro events/configs/antimacro.obj
macro_black_hatchethead,Black axe head,,scripts/macro events/configs/antimacro.obj
macro_broken_adamant_hatchet,Broken axe,,scripts/macro events/configs/antimacro.obj
macro_broken_adamant_pickaxe,Broken pickaxe,,scripts/macro events/configs/antimacro.obj
macro_broken_black_hatchet,Broken axe,,scripts/macro events/configs/antimacro.obj
macro_broken_bronze_hatchet,Broken axe,,scripts/macro events/configs/antimacro.obj
macro_broken_bronze_pickaxe,Broken pickaxe,,scripts/macro events/configs/antimacro.obj
macro_broken_dragon_hatchet,Broken axe,,scripts/macro events/configs/antimacro.obj
macro_broken_iron_hatchet,Broken axe,,scripts/macro events/configs/antimacro.obj
macro_broken_iron_pickaxe,Broken pickaxe,,scripts/macro events/configs/antimacro.obj
macro_broken_mithril_hatchet,Broken axe,,scripts/macro events/configs/antimacro.obj
macro_broken_mithril_pickaxe,Broken pickaxe,,scripts/macro events/configs/antimacro.obj
macro_broken_rune_hatchet,Broken axe,,scripts/macro events/configs/antimacro.obj
macro_broken_rune_pickaxe,Broken pickaxe,,scripts/macro events/configs/antimacro.obj
macro_broken_steel_hatchet,Broken axe,,scripts/macro events/configs/antimacro.obj
macro_broken_steel_pickaxe,Broken pickaxe,,scripts/macro events/configs/antimacro.obj
macro_bronze_hatchethead,Bronze axe head,,scripts/macro events/configs/antimacro.obj
macro_bronze_pickaxehead,Bronze pick head,,scripts/macro events/configs/antimacro.obj
macro_cube,Strange box,,scripts/macro events/configs/antimacro.obj
macro_cube_01,,,scripts/macro events/configs/antimacro.obj
macro_cube_02,,,scripts/macro events/configs/antimacro.obj
macro_cube_03,,,scripts/macro events/configs/antimacro.obj
macro_cube_11,,,scripts/macro events/configs/antimacro.obj
macro_cube_12,,,scripts/macro events/configs/antimacro.obj
macro_cube_13,,,scripts/macro events/configs/antimacro.obj
macro_cube_21,,,scripts/macro events/configs/antimacro.obj
macro_cube_22,,,scripts/macro events/configs/antimacro.obj
macro_cube_23,,,scripts/macro events/configs/antimacro.obj
macro_cube_31,,,scripts/macro events/configs/antimacro.obj
macro_cube_32,,,scripts/macro events/configs/antimacro.obj
macro_cube_33,,,scripts/macro events/configs/antimacro.obj
macro_cube_41,,,scripts/macro events/configs/antimacro.obj
macro_cube_42,,,scripts/macro events/configs/antimacro.obj
macro_cube_43,,,scripts/macro events/configs/antimacro.obj
macro_cube_51,,,scripts/macro events/configs/antimacro.obj
macro_cube_52,,,scripts/macro events/configs/antimacro.obj
macro_cube_53,,,scripts/macro events/configs/antimacro.obj
macro_cube_61,,,scripts/macro events/configs/antimacro.obj
macro_cube_62,,,scripts/macro events/configs/antimacro.obj
macro_cube_63,,,scripts/macro events/configs/antimacro.obj
macro_cube_71,,,scripts/macro events/configs/antimacro.obj
macro_cube_72,,,scripts/macro events/configs/antimacro.obj
macro_cube_73,,,scripts/macro events/configs/antimacro.obj
macro_cube_81,,,scripts/macro events/configs/antimacro.obj
macro_cube_82,,,scripts/macro events/configs/antimacro.obj
macro_cube_83,,,scripts/macro events/configs/antimacro.obj
macro_cube_91,,,scripts/macro events/configs/antimacro.obj
macro_cube_92,,,scripts/macro events/configs/antimacro.obj
macro_cube_93,,,scripts/macro events/configs/antimacro.obj
macro_cube_bluecircle,,,scripts/macro events/configs/antimacro.obj
macro_cube_bluehalfmoon,,,scripts/macro events/configs/antimacro.obj
macro_cube_bluesquare,,,scripts/macro events/configs/antimacro.obj
macro_cube_bluestar,,,scripts/macro events/configs/antimacro.obj
macro_cube_bluetriangle,,,scripts/macro events/configs/antimacro.obj
macro_cube_circle1,,,scripts/macro events/configs/antimacro.obj
macro_cube_circle2,,,scripts/macro events/configs/antimacro.obj
macro_cube_circle3,,,scripts/macro events/configs/antimacro.obj
macro_cube_hexagon1,,,scripts/macro events/configs/antimacro.obj
macro_cube_hexagon2,,,scripts/macro events/configs/antimacro.obj
macro_cube_hexagon3,,,scripts/macro events/configs/antimacro.obj
macro_cube_redcircle,,,scripts/macro events/configs/antimacro.obj
macro_cube_redhalfmoon,,,scripts/macro events/configs/antimacro.obj
macro_cube_redsquare,,,scripts/macro events/configs/antimacro.obj
macro_cube_redstar,,,scripts/macro events/configs/antimacro.obj
macro_cube_redtriangle,,,scripts/macro events/configs/antimacro.obj
macro_cube_square1,,,scripts/macro events/configs/antimacro.obj
macro_cube_square2,,,scripts/macro events/configs/antimacro.obj
macro_cube_square3,,,scripts/macro events/configs/antimacro.obj
macro_cube_star1,,,scripts/macro events/configs/antimacro.obj
macro_cube_star2,,,scripts/macro events/configs/antimacro.obj
macro_cube_star3,,,scripts/macro events/configs/antimacro.obj
macro_cube_triangle1,,,scripts/macro events/configs/antimacro.obj
macro_cube_triangle2,,,scripts/macro events/configs/antimacro.obj
macro_cube_triangle3,,,scripts/macro events/configs/antimacro.obj
macro_cube_yellowcircle,,,scripts/macro events/configs/antimacro.obj
macro_cube_yellowhalfmoon,,,scripts/macro events/configs/antimacro.obj
macro_cube_yellowsquare,,,scripts/macro events/configs/antimacro.obj
macro_cube_yellowstar,,,scripts/macro events/configs/antimacro.obj
macro_cube_yellowtriangle,,,scripts/macro events/configs/antimacro.obj
macro_digger_apron,Item,,scripts/macro events/configs/antimacro.obj
macro_digger_bones,Item,,scripts/macro events/configs/antimacro.obj
macro_digger_boots,Zombie boots,,scripts/macro events/configs/antimacro.obj
macro_digger_bowl_empty,Item,,scripts/macro events/configs/antimacro.obj
macro_digger_cake,Item,,scripts/macro events/configs/antimacro.obj
macro_digger_chefshat,Item,,scripts/macro events/configs/antimacro.obj
macro_digger_coffin_object_1,Coffin,,scripts/macro events/configs/antimacro.obj
macro_digger_coffin_object_2,Coffin,,scripts/macro events/configs/antimacro.obj
macro_digger_coffin_object_3,Coffin,,scripts/macro events/configs/antimacro.obj
macro_digger_coffin_object_4,Coffin,,scripts/macro events/configs/antimacro.obj
macro_digger_coffin_object_5,Coffin,,scripts/macro events/configs/antimacro.obj
macro_digger_dibber,Item,,scripts/macro events/configs/antimacro.obj
macro_digger_gloves,Zombie gloves,,scripts/macro events/configs/antimacro.obj
macro_digger_hatchet,Item,,scripts/macro events/configs/antimacro.obj
macro_digger_kebab,Item,,scripts/macro events/configs/antimacro.obj
macro_digger_knife,Item,,scripts/macro events/configs/antimacro.obj
macro_digger_legs,Zombie trousers,,scripts/macro events/configs/antimacro.obj
macro_digger_mask,Zombie mask,,scripts/macro events/configs/antimacro.obj
macro_digger_nuggets,Item,,scripts/macro events/configs/antimacro.obj
macro_digger_pick_axe,Item,,scripts/macro events/configs/antimacro.obj
macro_digger_plant_pot_empty,Item,,scripts/macro events/configs/antimacro.obj
macro_digger_pot_empty,Item,,scripts/macro events/configs/antimacro.obj
macro_digger_potato_seeded,Item,,scripts/macro events/configs/antimacro.obj
macro_digger_secateurs,Item,,scripts/macro events/configs/antimacro.obj
macro_digger_shirt,Zombie shirt,,scripts/macro events/configs/antimacro.obj
macro_digger_skull,Item,,scripts/macro events/configs/antimacro.obj
macro_digger_stoneaxe,Item,,scripts/macro events/configs/antimacro.obj
macro_digger_stonecook,Item,,scripts/macro events/configs/antimacro.obj
macro_digger_stonemine,Item,,scripts/macro events/configs/antimacro.obj
macro_digger_stonespade,Item,,scripts/macro events/configs/antimacro.obj
macro_digger_stonevase,Item,,scripts/macro events/configs/antimacro.obj
macro_digger_woodlogs,Item,,scripts/macro events/configs/antimacro.obj
macro_dragon_hatchethead,Dragon axe head,,scripts/macro events/configs/antimacro.obj
macro_frog_mask,Frog mask,,scripts/macro events/configs/antimacro.obj
macro_frog_token,Frog token,,scripts/macro events/configs/antimacro.obj
macro_genilamp,Lamp,,scripts/macro events/configs/antimacro.obj
macro_hatchethandle,Axe handle,,scripts/macro events/configs/antimacro.obj
macro_hatchethandle_dragon,Axe handle,,scripts/macro events/configs/antimacro.obj
macro_iron_hatchethead,Iron axe head,,scripts/macro events/configs/antimacro.obj
macro_iron_pickaxehead,Iron pick head,,scripts/macro events/configs/antimacro.obj
macro_mime_boots,Mime boots,,scripts/macro events/configs/antimacro.obj
macro_mime_gloves,Mime gloves,,scripts/macro events/configs/antimacro.obj
macro_mime_legs,Mime legs,,scripts/macro events/configs/antimacro.obj
macro_mime_mask,Mime mask,,scripts/macro events/configs/antimacro.obj
macro_mime_top,Mime top,,scripts/macro events/configs/antimacro.obj
macro_mithril_hatchethead,Mithril axe head,,scripts/macro events/configs/antimacro.obj
macro_mithril_pickaxehead,Mithril pick head,,scripts/macro events/configs/antimacro.obj
macro_pickaxehandle,Pickaxe handle,,scripts/macro events/configs/antimacro.obj
macro_prince_legs,Prince leggings,,scripts/macro events/configs/antimacro.obj
macro_prince_torso,Prince tunic,,scripts/macro events/configs/antimacro.obj
macro_princess_legs,Princess skirt,,scripts/macro events/configs/antimacro.obj
macro_princess_torso,Princess blouse,,scripts/macro events/configs/antimacro.obj
macro_quiz_armour1,,,scripts/macro events/configs/antimacro.obj
macro_quiz_armour2,,,scripts/macro events/configs/antimacro.obj
macro_quiz_food1,,,scripts/macro events/configs/antimacro.obj
macro_quiz_food2,,,scripts/macro events/configs/antimacro.obj
macro_quiz_jewel1,,,scripts/macro events/configs/antimacro.obj
macro_quiz_jewel2,,,scripts/macro events/configs/antimacro.obj
macro_quiz_mystery_box,Mystery box,,scripts/macro events/configs/antimacro.obj
macro_quiz_tool1,,,scripts/macro events/configs/antimacro.obj
macro_quiz_tool2,,,scripts/macro events/configs/antimacro.obj
macro_quiz_weapon1,,,scripts/macro events/configs/antimacro.obj
macro_quiz_weapon2,,,scripts/macro events/configs/antimacro.obj
macro_rune_hatchethead,Rune axe head,,scripts/macro events/configs/antimacro.obj
macro_rune_pickaxehead,Rune pick head,,scripts/macro events/configs/antimacro.obj
macro_steel_hatchethead,Steel axe head,,scripts/macro events/configs/antimacro.obj
macro_steel_pickaxehead,Steel pick head,,scripts/macro events/configs/antimacro.obj
macro_triffidfruit,Strange fruit,,scripts/macro events/configs/antimacro.obj
magentakey,Key,,scripts/_unpack/377/all.obj
magic_cabbage,Cabbage,,scripts/skill_cooking/configs/cooking_generic/cooking.obj
magic_carpet,Magic carpet,,scripts/_unpack/377/all.obj
magic_emerald_necklace,Binding necklace,,scripts/_unpack/377/all.obj
magic_golden_feather,Magic gold feather,,scripts/_unpack/377/all.obj
magic_logs,Magic logs,,scripts/skill_firemaking/configs/firemaking.obj
magic_logs_pyre,Magic pyre logs,,scripts/_unpack/377/all.obj
magic_longbow,Magic longbow,,scripts/_unpack/377/all.obj
magic_ogre_potion,Magic ogre potion,,scripts/_unpack/377/all.obj
magic_roots,Magic roots,,scripts/_unpack/377/all.obj
magic_seed_2,,,scripts/_unpack/377/all.obj
magic_seed_3,,,scripts/_unpack/377/all.obj
magic_seed_4,,,scripts/_unpack/377/all.obj
magic_seed_5,,,scripts/_unpack/377/all.obj
magic_shortbow,Magic shortbow,,scripts/_unpack/377/all.obj
magic_staff,Magic staff,,scripts/_unpack/377/all.obj
magic_string,Magic string,,scripts/_unpack/377/all.obj
magic_strung_emerald_amulet,Emerald amulet,,scripts/_unpack/377/all.obj
magic_strung_lyre,Enchanted lyre(1),,scripts/_unpack/377/all.obj
magic_strung_lyre_2,Enchanted lyre(2),,scripts/_unpack/377/all.obj
magic_strung_lyre_3,Enchanted lyre(3),,scripts/_unpack/377/all.obj
magic_strung_lyre_4,Enchanted lyre(4),,scripts/_unpack/377/all.obj
magic_tree_seed,Magic seed,,scripts/_unpack/377/all.obj
magic_whistle,Magic whistle,,scripts/_unpack/377/all.obj
magictraining_adamant_kiteshield,Adamant kiteshield,,scripts/_unpack/377/all.obj
magictraining_adamant_med_helm,Adamant med helm,,scripts/_unpack/377/all.obj
magictraining_arenalorebook,Arena book,,scripts/_unpack/377/all.obj
magictraining_bones1,Animals' bones,,scripts/_unpack/377/all.obj
magictraining_bones2,Animals' bones,,scripts/_unpack/377/all.obj
magictraining_bones3,Animals' bones,,scripts/_unpack/377/all.obj
magictraining_bones4,Animals' bones,,scripts/_unpack/377/all.obj
magictraining_bookofmagic,Mage's book,,scripts/_unpack/377/all.obj
magictraining_dragonstone,Dragonstone,,scripts/_unpack/377/all.obj
magictraining_emerald,Emerald,,scripts/_unpack/377/all.obj
magictraining_enchan_cube,Cube,,scripts/_unpack/377/all.obj
magictraining_enchan_cylinder,Cylinder,,scripts/_unpack/377/all.obj
magictraining_enchan_icosahendron,Icosahedron,,scripts/_unpack/377/all.obj
magictraining_enchan_pentamid,Pentamid,,scripts/_unpack/377/all.obj
magictraining_enchan_shapeorb,Orb,,scripts/_unpack/377/all.obj
magictraining_guardianstatue,Guardian statue,,scripts/_unpack/377/all.obj
magictraining_infinityboots,Infinity boots,,scripts/_unpack/377/all.obj
magictraining_infinitybottom,Infinity bottoms,,scripts/_unpack/377/all.obj
magictraining_infinitygloves,Infinity gloves,,scripts/_unpack/377/all.obj
magictraining_infinityhat,Infinity hat,,scripts/_unpack/377/all.obj
magictraining_infinitytop,Infinity top,,scripts/_unpack/377/all.obj
magictraining_leather_boots,Leather boots,,scripts/_unpack/377/all.obj
magictraining_peachspell,Bones to peaches,,scripts/_unpack/377/all.obj
magictraining_proghat_dull,Progress hat,,scripts/_unpack/377/all.obj
magictraining_proghat_energised,Progress hat,,scripts/_unpack/377/all.obj
magictraining_proghat_full,Progress hat,,scripts/_unpack/377/all.obj
magictraining_rune_longsword,Rune longsword,,scripts/_unpack/377/all.obj
magictraining_wand_appr,Apprentice wand,,scripts/_unpack/377/all.obj
magictraining_wand_beg,Beginner wand,,scripts/_unpack/377/all.obj
magictraining_wand_master,Master wand,,scripts/_unpack/377/all.obj
magictraining_wand_teach,Teacher wand,,scripts/_unpack/377/all.obj
magnet,Magnet,,scripts/_unpack/377/all.obj
mahogany_logs,Mahogany logs,,scripts/skill_firemaking/configs/firemaking.obj
mahogany_logs_pyre,Mahogany pyre log,,scripts/_unpack/377/all.obj
makinghistory_chest,Chest,,scripts/_unpack/377/all.obj
makinghistory_guthix_polestaff,Guthix mjolnir,,scripts/_unpack/377/all.obj
makinghistory_journal,Journal,,scripts/_unpack/377/all.obj
makinghistory_key,Enchanted key,,scripts/_unpack/377/all.obj
makinghistory_letter1,Letter,,scripts/_unpack/377/all.obj
makinghistory_letter2,Letter,,scripts/_unpack/377/all.obj
makinghistory_saradomin_polestaff,Saradomin mjolnir,,scripts/_unpack/377/all.obj
makinghistory_scroll1,Scroll,,scripts/_unpack/377/all.obj
makinghistory_zamorak_polestaff,Zamorak mjolnir,,scripts/_unpack/377/all.obj
mantaray,Manta ray,,scripts/_unpack/377/all.obj
maple_logs,Maple logs,,scripts/skill_firemaking/configs/firemaking.obj
maple_logs_pyre,Maple pyre logs,,scripts/_unpack/377/all.obj
maple_longbow,Maple longbow,,scripts/_unpack/377/all.obj
maple_roots,Maple roots,,scripts/_unpack/377/all.obj
maple_seed,Maple seed,,scripts/_unpack/377/all.obj
maple_seeds_2,,,scripts/_unpack/377/all.obj
maple_seeds_3,,,scripts/_unpack/377/all.obj
maple_seeds_4,,,scripts/_unpack/377/all.obj
maple_seeds_5,,,scripts/_unpack/377/all.obj
maple_shortbow,Maple shortbow,,scripts/_unpack/377/all.obj
mappart1,Map part,,scripts/_unpack/377/all.obj
mappart2,Map part,,scripts/_unpack/377/all.obj
mappart3,Map part,,scripts/_unpack/377/all.obj
marentill,Marrentill,,scripts/skill_herblore/configs/herbs.obj
marigold,Marigolds,,scripts/_unpack/377/all.obj
marigold_seed,Marigold seed,,scripts/_unpack/377/all.obj
marigold_seed_2,,,scripts/_unpack/377/all.obj
marigold_seed_3,,,scripts/_unpack/377/all.obj
marigold_seed_4,,,scripts/_unpack/377/all.obj
marigold_seed_5,,,scripts/_unpack/377/all.obj
mark_of_hazeel,Hazeel's mark,,scripts/_unpack/377/all.obj
marrentill_seed,Marrentill seed,,scripts/_unpack/377/all.obj
marrentillvial,Unfinished potion,,scripts/_unpack/377/all.obj
master_thief_armband,Thieves' armband,,scripts/_unpack/377/all.obj
mature_asgarnian_ale,Asgarnian ale(m),,scripts/_unpack/377/all.obj
mature_axemans_folly,Axeman's folly(m),,scripts/_unpack/377/all.obj
mature_chefs_delight,Chef's delight(m),,scripts/_unpack/377/all.obj
mature_cider,Mature cider,,scripts/_unpack/377/all.obj
mature_dragon_bitter,Dragon bitter(m),,scripts/_unpack/377/all.obj
mature_dwarven_stout,Dwarven stout(m),,scripts/_unpack/377/all.obj
mature_greenmans_ale,Greenman's ale(m),,scripts/_unpack/377/all.obj
mature_moonlight_mead,Moonlight mead(m),,scripts/_unpack/377/all.obj
mature_slayers_respite,Slayer's respite(m),,scripts/_unpack/377/all.obj
mature_wizards_mind_bomb,Mature wmb,,scripts/_unpack/377/all.obj
mcannonball,Cannonball,,scripts/_unpack/377/all.obj
mcannonbook,Instruction manual,,scripts/_unpack/377/all.obj
mcannonrailing1_obj,Railing,,scripts/_unpack/377/all.obj
mcannonremains,Dwarf remains,,scripts/_unpack/377/all.obj
mcannontoolkit,Tool kit,,scripts/_unpack/377/all.obj
mdaughter_bear_helmet,Bearhead,,scripts/_unpack/377/all.obj
mdaughter_broken_stick,Broken pole,,scripts/_unpack/377/all.obj
mdaughter_daughter_corpse,Corpse of woman,,scripts/_unpack/377/all.obj
mdaughter_half_rock,Half a rock,,scripts/_unpack/377/all.obj
mdaughter_mud,Mud,,scripts/_unpack/377/all.obj
mdaughter_necklace,Asleif's necklace,,scripts/_unpack/377/all.obj
mdaughter_polevault,Pole,,scripts/_unpack/377/all.obj
mdaughter_rock,Rock,,scripts/_unpack/377/all.obj
mdaughter_rope,Rope,,scripts/_unpack/377/all.obj
mdaughter_safety_guarantee,Safety guarantee,,scripts/_unpack/377/all.obj
mdaughter_stick,Pole,,scripts/_unpack/377/all.obj
mdaughter_white_pearl_fruit,White pearl,,scripts/_unpack/377/all.obj
mdaughter_white_pearl_seed,White pearl seed,,scripts/_unpack/377/all.obj
meat_pie,Meat pie,,scripts/skill_cooking/configs/cooking_inv/configs/pies/pies.obj
meat_pizza,Meat pizza,,scripts/skill_cooking/configs/cooking_inv/configs/pizza/pizza.obj
melzarkey,Maze key,,scripts/_unpack/377/all.obj
metal_key,Metal key,,scripts/_unpack/377/all.obj
milking_stool,Stool,,scripts/_unpack/377/all.obj
mind_talisman,Mind talisman,,scripts/skill_runecraft/configs/runecraft.obj
mindrune,Mind rune,,scripts/_unpack/377/all.obj
mining_site_icon_dummy,,,scripts/_unpack/377/all.obj
mirror,Mirror,,scripts/_unpack/377/all.obj
misc_awful_anthem,Awful anthem,,scripts/_unpack/377/all.obj
misc_ghrimbook,Ghrim's book,,scripts/_unpack/377/all.obj
misc_giant_nib,Giant nib,,scripts/_unpack/377/all.obj
misc_giant_pen,Giant pen,,scripts/_unpack/377/all.obj
misc_good_anthem,Good anthem,,scripts/_unpack/377/all.obj
misc_key,Miscellaneous key,,scripts/_unpack/377/all.obj
misc_treaty,Treaty,,scripts/_unpack/377/all.obj
mistrune,Mist rune,,scripts/_unpack/377/all.obj
mithril_2h_sword,Mithril 2h sword,,scripts/_unpack/377/all.obj
mithril_armoured_boots,Mithril boots,,scripts/_unpack/377/all.obj
mithril_arrow,Mithril arrow,,scripts/_unpack/377/all.obj
mithril_arrow_2,,,scripts/_unpack/377/all.obj
mithril_arrow_3,,,scripts/_unpack/377/all.obj
mithril_arrow_4,,,scripts/_unpack/377/all.obj
mithril_arrow_5,,,scripts/_unpack/377/all.obj
mithril_arrow_p,Mithril arrow(p),,scripts/_unpack/377/all.obj
mithril_arrow_p_2,,,scripts/_unpack/377/all.obj
mithril_arrow_p_3,,,scripts/_unpack/377/all.obj
mithril_arrow_p_4,,,scripts/_unpack/377/all.obj
mithril_arrow_p_5,,,scripts/_unpack/377/all.obj
mithril_arrowheads,Mithril arrowtips,,scripts/_unpack/377/all.obj
mithril_axe,Mithril axe,,scripts/skill_woodcutting/configs/axes/axes.obj
mithril_bar,Mithril bar,,scripts/_unpack/377/all.obj
mithril_battleaxe,Mithril battleaxe,,scripts/_unpack/377/all.obj
mithril_chainbody,Mithril chainbody,,scripts/_unpack/377/all.obj
mithril_claws,Mithril claws,,scripts/skill_combat/configs/melee/claws.obj
mithril_dagger,Mithril dagger,,scripts/_unpack/377/all.obj
mithril_dagger_p,Mithril dagger(p),,scripts/_unpack/377/all.obj
mithril_dart,Mithril dart,,scripts/_unpack/377/all.obj
mithril_dart_p,Mithril dart(p),,scripts/_unpack/377/all.obj
mithril_dart_tip,Mithril dart tip,,scripts/_unpack/377/all.obj
mithril_full_helm,Mithril full helm,,scripts/_unpack/377/all.obj
mithril_halberd,Mithril halberd,,scripts/_unpack/377/all.obj
mithril_javelin,Mithril javelin,,scripts/_unpack/377/all.obj
mithril_javelin_p,Mithril javelin(p),,scripts/_unpack/377/all.obj
mithril_kiteshield,Mithril kiteshield,,scripts/_unpack/377/all.obj
mithril_knife,Mithril knife,,scripts/_unpack/377/all.obj
mithril_knife_p,Mithril knife(p),,scripts/_unpack/377/all.obj
mithril_litarrow,Mithril fire arrows,,scripts/_unpack/377/all.obj
mithril_longsword,Mithril longsword,,scripts/_unpack/377/all.obj
mithril_mace,Mithril mace,,scripts/_unpack/377/all.obj
mithril_med_helm,Mithril med helm,,scripts/_unpack/377/all.obj
mithril_ore,Mithril ore,,scripts/_unpack/377/all.obj
mithril_pickaxe,Mithril pickaxe,,scripts/_unpack/377/all.obj
mithril_platebody,Mithril platebody,,scripts/_unpack/377/all.obj
mithril_platelegs,Mithril platelegs,,scripts/_unpack/377/all.obj
mithril_plateskirt,Mithril plateskirt,,scripts/_unpack/377/all.obj
mithril_scimitar,Mithril scimitar,,scripts/_unpack/377/all.obj
mithril_seed,Mithril seeds,,scripts/_unpack/377/all.obj
mithril_spear,Mithril spear,,scripts/_unpack/377/all.obj
mithril_spear_p,Mithril spear(p),,scripts/_unpack/377/all.obj
mithril_sq_shield,Mithril sq shield,,scripts/_unpack/377/all.obj
mithril_sword,Mithril sword,,scripts/_unpack/377/all.obj
mithril_thrownaxe,Mithril thrownaxe,,scripts/_unpack/377/all.obj
mithril_unlitarrow,Mithril fire arrows,,scripts/_unpack/377/all.obj
mithril_warhammer,Mithril warhammer,,scripts/_unpack/377/all.obj
mm_amulet_of_monkey_speak,M'speak amulet,,scripts/_unpack/377/all.obj
mm_amulet_of_monkey_speak_without_string,M'speak amulet,,scripts/_unpack/377/all.obj
mm_ancient_monkey_skull,Monkey skull,,scripts/_unpack/377/all.obj
mm_banana_stew,Banana stew,,scripts/_unpack/377/all.obj
mm_bearded_gorilla_monkey_bones,Monkey bones,,scripts/_unpack/377/all.obj
mm_enchanted_gold_bar,Enchanted bar,,scripts/_unpack/377/all.obj
mm_eye_of_gnome,Eye of gnome,,scripts/_unpack/377/all.obj
mm_gnome_royal_seal,Gnome royal seal,,scripts/_unpack/377/all.obj
mm_helper,Iodine,,scripts/_unpack/377/all.obj
mm_large_zombie_monkey_bones,Monkey bones,,scripts/_unpack/377/all.obj
mm_medium_ninja_monkey_bones,Monkey bones,,scripts/_unpack/377/all.obj
mm_monkey_amulet_mould,M'amulet mould,,scripts/_unpack/377/all.obj
mm_monkey_bar,Monkey bar,,scripts/_unpack/377/all.obj
mm_monkey_dentures,Monkey dentures,,scripts/_unpack/377/all.obj
mm_monkey_greegree_for_ancient_monkey_skull,Monkey greegree,,scripts/_unpack/377/all.obj
mm_monkey_greegree_for_bearded_gorilla,Monkey greegree,,scripts/_unpack/377/all.obj
mm_monkey_greegree_for_large_zombie_monkey,Monkey greegree,,scripts/_unpack/377/all.obj
mm_monkey_greegree_for_medium_ninja_monkey,Monkey greegree,,scripts/_unpack/377/all.obj
mm_monkey_greegree_for_normal_gorilla,Monkey greegree,,scripts/_unpack/377/all.obj
mm_monkey_greegree_for_normal_monkey,Monkey greegree,,scripts/_unpack/377/all.obj
mm_monkey_greegree_for_small_ninja_monkey,Monkey greegree,,scripts/_unpack/377/all.obj
mm_monkey_greegree_for_small_zombie_monkey,Monkey greegree,,scripts/_unpack/377/all.obj
mm_monkey_in_backpack,Monkey,,scripts/_unpack/377/all.obj
mm_monkey_magic,Monkey magic,,scripts/_unpack/377/all.obj
mm_monkey_nuts,Monkey nuts,,scripts/_unpack/377/all.obj
mm_monkey_talisman,Monkey talisman,,scripts/_unpack/377/all.obj
mm_monkey_wrench,Monkey wrench,,scripts/_unpack/377/all.obj
mm_narnode_orders,Narnode's orders,,scripts/_unpack/377/all.obj
mm_normal_gorilla_monkey_bones,Monkey bones,,scripts/_unpack/377/all.obj
mm_normal_monkey_bones,Monkey bones,,scripts/_unpack/377/all.obj
mm_reinitialisation_hint,Spare controls,,scripts/_unpack/377/all.obj
mm_sigil,10th squad sigil,,scripts/_unpack/377/all.obj
mm_skeleton_bones,Bones,,scripts/_unpack/377/all.obj
mm_small_ninja_monkey_bones,Monkey bones,,scripts/_unpack/377/all.obj
mm_small_zombie_monkey_bones,Monkey bones,,scripts/_unpack/377/all.obj
mole_claw,Mole claw,,scripts/_unpack/377/all.obj
mole_skin,Mole skin,,scripts/_unpack/377/all.obj
molten_glass,Molten glass,,scripts/_unpack/377/all.obj
monkfish,Monkfish,,scripts/_unpack/377/all.obj
monkrobebottom,Monk's robe,,scripts/_unpack/377/all.obj
monkrobetop,Monk's robe,,scripts/_unpack/377/all.obj
moonlight_mead,Moonlight mead,,scripts/_unpack/377/all.obj
mort_serum1,Serum 207 (1),,scripts/_unpack/377/all.obj
mort_serum2,Serum 207 (2),,scripts/_unpack/377/all.obj
mort_serum3,Serum 207 (3),,scripts/_unpack/377/all.obj
mort_serum4,Serum 207 (4),,scripts/_unpack/377/all.obj
mort_serum_perm1,Serum 207(p) (1),,scripts/_unpack/377/all.obj
mort_serum_perm2,Serum 207(p) (2),,scripts/_unpack/377/all.obj
mort_serum_perm3,Serum 207(p) (3),,scripts/_unpack/377/all.obj
mort_serum_perm4,Serum 207(p) (4),,scripts/_unpack/377/all.obj
mort_slimey_eel,Slimy eel,,scripts/_unpack/377/all.obj
mort_slimey_eel_cooked,Cooked slimy eel,,scripts/_unpack/377/all.obj
mortmyrebuddingstem,Mort myre stem,,scripts/_unpack/377/all.obj
mortmyremushroom,Mort myre fungi,,scripts/_unpack/377/all.obj
mortmyrepear,Mort myre pear,,scripts/_unpack/377/all.obj
mosol_wampum_belt,Wampum belt,,scripts/_unpack/377/all.obj
mosquito_proboscis,Proboscis,,scripts/_unpack/377/all.obj
mosquito_proboscis_3,,,scripts/_unpack/377/all.obj
mosquito_proboscis_5,,,scripts/_unpack/377/all.obj
mournerkeytw,Key,,scripts/_unpack/377/all.obj
mourning_apple_toxin,Toxic powder,,scripts/_unpack/377/all.obj
mourning_applebarrel_mush,Apple barrel,,scripts/_unpack/377/all.obj
mourning_applebarrel_naphtha_mush,Naphtha apple mix,,scripts/_unpack/377/all.obj
mourning_bloated_toad_blue,Blue toad,,scripts/_unpack/377/all.obj
mourning_bloated_toad_green,Green toad,,scripts/_unpack/377/all.obj
mourning_bloated_toad_red,Red toad,,scripts/_unpack/377/all.obj
mourning_bloated_toad_yellow,Yellow toad,,scripts/_unpack/377/all.obj
mourning_bloody_mourner_top,Bloody mourner top,,scripts/_unpack/377/all.obj
mourning_book1,Prifddinas' history,,scripts/_unpack/377/all.obj
mourning_book2,Eastern discovery,,scripts/_unpack/377/all.obj
mourning_book3,Eastern settlement,,scripts/_unpack/377/all.obj
mourning_book4,The great divide,,scripts/_unpack/377/all.obj
mourning_colour_wheel,Colour wheel,,scripts/_unpack/377/all.obj
mourning_crystal_blue,Blue crystal,,scripts/_unpack/377/all.obj
mourning_crystal_cyan,Cyan crystal,,scripts/_unpack/377/all.obj
mourning_crystal_green,Green crystal,,scripts/_unpack/377/all.obj
mourning_crystal_magenta,Magenta crystal,,scripts/_unpack/377/all.obj
mourning_crystal_new_powered,Newly made crystal,,scripts/_unpack/377/all.obj
mourning_crystal_new_sample,Newly made crystal,,scripts/_unpack/377/all.obj
mourning_crystal_red,Red crystal,,scripts/_unpack/377/all.obj
mourning_crystal_sample,Blackened crystal,,scripts/_unpack/377/all.obj
mourning_crystal_trinket,Crystal trinket,,scripts/_unpack/377/all.obj
mourning_crystal_yellow,Yellow crystal,,scripts/_unpack/377/all.obj
mourning_deathalter_list,Item list,,scripts/_unpack/377/all.obj
mourning_ederns_journal,Edern's journal,,scripts/_unpack/377/all.obj
mourning_excavation_key,New key,,scripts/_unpack/377/all.obj
mourning_fractured_crystal_1,Fractured crystal,,scripts/_unpack/377/all.obj
mourning_fractured_crystal_2,Fractured crystal,,scripts/_unpack/377/all.obj
mourning_gnome_key,Tarnished key,,scripts/_unpack/377/all.obj
mourning_head_mourner_key,Worn key,,scripts/_unpack/377/all.obj
mourning_mirror,Hand mirror,,scripts/_unpack/377/all.obj
mourning_mourner_boots,Mourner boots,,scripts/_unpack/377/all.obj
mourning_mourner_cloak,Mourner cloak,,scripts/_unpack/377/all.obj
mourning_mourner_gloves,Mourner gloves,,scripts/_unpack/377/all.obj
mourning_mourner_legs,Mourner trousers,,scripts/_unpack/377/all.obj
mourning_mourner_message,Mourner letter,,scripts/_unpack/377/all.obj
mourning_mourner_top,Mourner top,,scripts/_unpack/377/all.obj
mourning_ogre_bellows_blue,Blue dye bellows,,scripts/_unpack/377/all.obj
mourning_ogre_bellows_green,Green dye bellows,,scripts/_unpack/377/all.obj
mourning_ogre_bellows_red,Red dye bellows,,scripts/_unpack/377/all.obj
mourning_ogre_bellows_yellow,Yellow dye bellows,,scripts/_unpack/377/all.obj
mourning_paint_gun,Fixed device,,scripts/_unpack/377/all.obj
mourning_paint_gun_broken,Broken device,,scripts/_unpack/377/all.obj
mourning_ripped_mourner_legs,Mourner trousers,,scripts/_unpack/377/all.obj
mourning_sieve,Sieve,,scripts/_unpack/377/all.obj
mourning_soap,Tegid's soap,,scripts/_unpack/377/all.obj
mourning_teleport_crystal_1,Teleport crystal (1),,scripts/_unpack/377/all.obj
mourning_teleport_crystal_2,Teleport crystal (2),,scripts/_unpack/377/all.obj
mourning_teleport_crystal_3,Teleport crystal (3),,scripts/_unpack/377/all.obj
mourning_teleport_crystal_4,Teleport crystal (4),,scripts/_unpack/377/all.obj
mourning_toxic_naphtha,Toxic naphtha,,scripts/_unpack/377/all.obj
mud_battlestaff,Mud battlestaff,,scripts/_unpack/377/all.obj
mud_pie,Mud pie,,scripts/_unpack/377/all.obj
muddy_key,Muddy key,,scripts/_unpack/377/all.obj
mudrune,Mud rune,,scripts/_unpack/377/all.obj
mudskipper_flippers,Flippers,,scripts/_unpack/377/all.obj
mudskipper_hat,Mudskipper hat,,scripts/_unpack/377/all.obj
murderbook,Silver book,,scripts/_unpack/377/all.obj
murderbookdust,Silver book,,scripts/_unpack/377/all.obj
murderbottle,Silver bottle,,scripts/_unpack/377/all.obj
murderbottledust,Silver bottle,,scripts/_unpack/377/all.obj
murdercup,Silver cup,,scripts/_unpack/377/all.obj
murdercupdust,Silver cup,,scripts/_unpack/377/all.obj
murderfingerprint,Killer's print,,scripts/_unpack/377/all.obj
murderfingerprint1,Unknown print,,scripts/_unpack/377/all.obj
murderfingerprinta,Anna's print,,scripts/_unpack/377/all.obj
murderfingerprintb,Bob's print,,scripts/_unpack/377/all.obj
murderfingerprintc,Carol's print,,scripts/_unpack/377/all.obj
murderfingerprintd,David's print,,scripts/_unpack/377/all.obj
murderfingerprinte,Elizabeth's print,,scripts/_unpack/377/all.obj
murderfingerprintf,Frank's print,,scripts/_unpack/377/all.obj
murdernecklace,Silver necklace,,scripts/_unpack/377/all.obj
murdernecklacedust,Silver necklace,,scripts/_unpack/377/all.obj
murderneedle,Silver needle,,scripts/_unpack/377/all.obj
murderneedledust,Silver needle,,scripts/_unpack/377/all.obj
murderpaper,Flypaper,,scripts/_unpack/377/all.obj
murderpot,Silver pot,,scripts/_unpack/377/all.obj
murderpot2,Pungent pot,,scripts/_unpack/377/all.obj
murderpotdust,Silver pot,,scripts/_unpack/377/all.obj
murderthreadb,Criminal's thread,,scripts/_unpack/377/all.obj
murderthreadg,Criminal's thread,,scripts/_unpack/377/all.obj
murderthreadr,Criminal's thread,,scripts/_unpack/377/all.obj
murderweapon,Criminal's dagger,,scripts/_unpack/377/all.obj
murderweapondust,Criminal's dagger,,scripts/_unpack/377/all.obj
mushroom_seed,Mushroom spore,,scripts/_unpack/377/all.obj
mushroom_spore_2,,,scripts/_unpack/377/all.obj
mushroom_spore_3,,,scripts/_unpack/377/all.obj
mushroom_spore_4,,,scripts/_unpack/377/all.obj
mushroom_spore_5,,,scripts/_unpack/377/all.obj
mystic_air_staff,Mystic air staff,,scripts/_unpack/377/all.obj
mystic_boots,Mystic boots,,scripts/_unpack/377/all.obj
mystic_boots_dark,Mystic boots,,scripts/_unpack/377/all.obj
mystic_boots_light,Mystic boots,,scripts/_unpack/377/all.obj
mystic_earth_staff,Mystic earth staff,,scripts/_unpack/377/all.obj
mystic_fire_staff,Mystic fire staff,,scripts/_unpack/377/all.obj
mystic_gloves,Mystic gloves,,scripts/_unpack/377/all.obj
mystic_gloves_dark,Mystic gloves,,scripts/_unpack/377/all.obj
mystic_gloves_light,Mystic gloves,,scripts/_unpack/377/all.obj
mystic_hat,Mystic hat,,scripts/_unpack/377/all.obj
mystic_hat_dark,Mystic hat,,scripts/_unpack/377/all.obj
mystic_hat_light,Mystic hat,,scripts/_unpack/377/all.obj
mystic_lava_staff,Mystic lava staff,,scripts/_unpack/377/all.obj
mystic_mud_staff,Mystic mud staff,,scripts/_unpack/377/all.obj
mystic_robe_bottom,Mystic robe bottom,,scripts/_unpack/377/all.obj
mystic_robe_bottom_dark,Mystic robe bottom,,scripts/_unpack/377/all.obj
mystic_robe_bottom_light,Mystic robe bottom,,scripts/_unpack/377/all.obj
mystic_robe_top,Mystic robe top,,scripts/_unpack/377/all.obj
mystic_robe_top_dark,Mystic robe top,,scripts/_unpack/377/all.obj
mystic_robe_top_light,Mystic robe top,,scripts/_unpack/377/all.obj
mystic_water_staff,Mystic water staff,,scripts/_unpack/377/all.obj
nails,Steel nails,,scripts/_unpack/377/all.obj
nails_adamant,Adamantite nails,,scripts/_unpack/377/all.obj
nails_black,Black nails,,scripts/_unpack/377/all.obj
nails_bronze,Bronze nails,,scripts/_unpack/377/all.obj
nails_iron,Iron nails,,scripts/_unpack/377/all.obj
nails_mithril,Mithril nails,,scripts/_unpack/377/all.obj
nails_rune,Rune nails,,scripts/_unpack/377/all.obj
nasturtium,Nasturtiums,,scripts/_unpack/377/all.obj
nasturtium_seed,Nasturtium seed,,scripts/_unpack/377/all.obj
nasturtium_seed_2,,,scripts/_unpack/377/all.obj
nasturtium_seed_3,,,scripts/_unpack/377/all.obj
nasturtium_seed_4,,,scripts/_unpack/377/all.obj
nasturtium_seed_5,,,scripts/_unpack/377/all.obj
nature_amulet,Amulet of nature,,scripts/_unpack/377/all.obj
nature_talisman,Nature talisman,,scripts/skill_runecraft/configs/runecraft.obj
naturerune,Nature rune,,scripts/_unpack/377/all.obj
necklace_mould,Necklace mould,,scripts/_unpack/377/all.obj
necklace_of_minigames_1,Games necklace(1),,scripts/_unpack/377/all.obj
necklace_of_minigames_2,Games necklace(2),,scripts/_unpack/377/all.obj
necklace_of_minigames_3,Games necklace(3),,scripts/_unpack/377/all.obj
necklace_of_minigames_4,Games necklace(4),,scripts/_unpack/377/all.obj
necklace_of_minigames_5,Games necklace(5),,scripts/_unpack/377/all.obj
necklace_of_minigames_6,Games necklace(6),,scripts/_unpack/377/all.obj
necklace_of_minigames_7,Games necklace(7),,scripts/_unpack/377/all.obj
necklace_of_minigames_8,Games necklace(8),,scripts/_unpack/377/all.obj
needle,Needle,,scripts/_unpack/377/all.obj
net,Small fishing net,,scripts/_unpack/377/all.obj
nettles_picked,Nettles,,scripts/_unpack/377/all.obj
newbie_pot_flour,Pot of flour,,scripts/_unpack/377/all.obj
newbiebones,Bones,,scripts/_unpack/377/all.obj
newbielogs,Logs,,scripts/_unpack/377/all.obj
newbieraw_shrimp,Raw shrimps,,scripts/_unpack/377/all.obj
newbieshrimp,Box of delights,,scripts/_unpack/377/all.obj
newcomer_map,Newcomer map,,scripts/_unpack/377/all.obj
nightshade,Nightshade,,scripts/_unpack/377/all.obj
nitroglycerin,Nitroglycerin,,scripts/_unpack/377/all.obj
nobookindex,,,scripts/_unpack/377/all.obj
nostringsnake,Unstrung emblem,,scripts/_unpack/377/all.obj
nostringstar,Unstrung symbol,,scripts/_unpack/377/all.obj
nuggets,Nuggets,,scripts/_unpack/377/all.obj
nulodions_notes,Nulodion's notes,,scripts/_unpack/377/all.obj
oak_logs,Oak logs,,scripts/skill_firemaking/configs/firemaking.obj
oak_logs_pyre,Oak pyre logs,,scripts/_unpack/377/all.obj
oak_longbow,Oak longbow,,scripts/_unpack/377/all.obj
oak_longbow_signed,Oak longbow,,scripts/_unpack/377/all.obj
oak_roots,Oak roots,,scripts/_unpack/377/all.obj
oak_shortbow,Oak shortbow,,scripts/_unpack/377/all.obj
ogre_arrow,Ogre arrow,,scripts/_unpack/377/all.obj
ogre_arrow_2,,,scripts/_unpack/377/all.obj
ogre_arrow_3,,,scripts/_unpack/377/all.obj
ogre_arrow_4,,,scripts/_unpack/377/all.obj
ogre_arrow_5,,,scripts/_unpack/377/all.obj
ogre_arrow_shaft,Ogre arrow shaft,,scripts/_unpack/377/all.obj
ogre_arrow_shaft_2,,,scripts/_unpack/377/all.obj
ogre_arrow_shaft_3,,,scripts/_unpack/377/all.obj
ogre_arrow_shaft_4,,,scripts/_unpack/377/all.obj
ogre_arrow_shaft_5,,,scripts/_unpack/377/all.obj
ogre_bow,Ogre bow,,scripts/_unpack/377/all.obj
ogre_headless_arrow,Flighted ogre arrow,,scripts/_unpack/377/all.obj
ogre_potion,Potion,,scripts/_unpack/377/all.obj
ogrerelic,Ogre relic,,scripts/_unpack/377/all.obj
ogretooth,Ogre tooth,,scripts/_unpack/377/all.obj
oil_can,Oil can,,scripts/_unpack/377/all.obj
oil_lamp_empty,Oil lamp,,scripts/_unpack/377/all.obj
oil_lamp_lit,Oil lamp,,scripts/_unpack/377/all.obj
oil_lamp_unlit,Oil lamp,,scripts/_unpack/377/all.obj
oil_lantern_empty,Oil lantern,,scripts/_unpack/377/all.obj
oil_lantern_frame,Oil lantern frame,,scripts/_unpack/377/all.obj
oil_lantern_lit,Oil lantern,,scripts/_unpack/377/all.obj
oil_lantern_unlit,Oil lantern,,scripts/_unpack/377/all.obj
oily_fishing_rod,Oily fishing rod,,scripts/_unpack/377/all.obj
old_boot,Old boot,,scripts/_unpack/377/all.obj
old_journal,History of iban,,scripts/_unpack/377/all.obj
old_tooth,Old tooth,,scripts/_unpack/377/all.obj
oliveoil1,Olive oil(1),,scripts/_unpack/377/all.obj
oliveoil2,Olive oil(2),,scripts/_unpack/377/all.obj
oliveoil3,Olive oil(3),,scripts/_unpack/377/all.obj
oliveoil4,Olive oil(4),,scripts/_unpack/377/all.obj
onion,Onion,,scripts/skill_cooking/configs/cooking_generic/cooking.obj
onion_seed,Onion seed,,scripts/_unpack/377/all.obj
onion_seed_2,,,scripts/_unpack/377/all.obj
onion_seed_3,,,scripts/_unpack/377/all.obj
onion_seed_4,,,scripts/_unpack/377/all.obj
onion_seed_5,,,scripts/_unpack/377/all.obj
onyx,Onyx,,scripts/_unpack/377/all.obj
onyx_necklace,Onyx necklace,,scripts/_unpack/377/all.obj
onyx_ring,Onyx ring,,scripts/_unpack/377/all.obj
opal,Opal,,scripts/_unpack/377/all.obj
opal_bolt,Opal bolts,,scripts/_unpack/377/all.obj
opal_bolt2,,,scripts/_unpack/377/all.obj
opal_bolt3,,,scripts/_unpack/377/all.obj
opal_bolt4,,,scripts/_unpack/377/all.obj
opal_bolts,,,scripts/_unpack/377/all.obj
opal_bolttips,Opal bolttips,,scripts/_unpack/377/all.obj
orange,Orange,,scripts/skill_cooking/configs/gnome_cooking/cocktails.obj
orange_cape,Cape,,scripts/_unpack/377/all.obj
orange_chunks,Orange chunks,,scripts/skill_cooking/configs/gnome_cooking/cocktails.obj
orange_seed_2,,,scripts/_unpack/377/all.obj
orange_seed_3,,,scripts/_unpack/377/all.obj
orange_seed_4,,,scripts/_unpack/377/all.obj
orange_seed_5,,,scripts/_unpack/377/all.obj
orange_slices,Orange slices,,scripts/skill_cooking/configs/gnome_cooking/cocktails.obj
orange_tree_seed,Orange tree seed,,scripts/_unpack/377/all.obj
orangedye,Orange dye,,scripts/_unpack/377/all.obj
orangekey,Key,,scripts/_unpack/377/all.obj
orb_of_protection,Orb of protection,,scripts/_unpack/377/all.obj
orbs_of_protection,Orbs of protection,,scripts/_unpack/377/all.obj
orchid_seed_pink_2,,,scripts/_unpack/377/all.obj
orchid_seed_pink_3,,,scripts/_unpack/377/all.obj
orchid_seed_pink_4,,,scripts/_unpack/377/all.obj
orchid_seed_pink_5,,,scripts/_unpack/377/all.obj
orchid_seed_yellow_2,,,scripts/_unpack/377/all.obj
orchid_seed_yellow_3,,,scripts/_unpack/377/all.obj
orchid_seed_yellow_4,,,scripts/_unpack/377/all.obj
orchid_seed_yellow_5,,,scripts/_unpack/377/all.obj
othainian_amulet,Amulet of othanian,,scripts/_unpack/377/all.obj
overgrowncatobject,Pet cat,,scripts/_unpack/377/all.obj
overgrowncatobject_black,Pet cat,,scripts/_unpack/377/all.obj
overgrowncatobject_bluegrey,Pet cat,,scripts/_unpack/377/all.obj
overgrowncatobject_brown,Pet cat,,scripts/_unpack/377/all.obj
overgrowncatobject_browngrey,Pet cat,,scripts/_unpack/377/all.obj
overgrowncatobject_hell,Overgrown hellcat,,scripts/_unpack/377/all.obj
overgrowncatobject_light,Pet cat,,scripts/_unpack/377/all.obj
oysterempty,Empty oyster,,scripts/_unpack/377/all.obj
oystershell,Oyster,,scripts/_unpack/377/all.obj
paladinbadge1,Paladin's badge,,scripts/_unpack/377/all.obj
paladinbadge2,Paladin's badge,,scripts/_unpack/377/all.obj
paladinbadge3,Paladin's badge,,scripts/_unpack/377/all.obj
palm_leaf,Palm leaf,,scripts/skill_cooking/configs/cooking_inv/configs/oomlie_bird_meat/oomlie_bird_meat.obj
palm_tree_seed,Palm tree seed,,scripts/_unpack/377/all.obj
palm_tree_seed_2,,,scripts/_unpack/377/all.obj
palm_tree_seed_3,,,scripts/_unpack/377/all.obj
palm_tree_seed_4,,,scripts/_unpack/377/all.obj
palm_tree_seed_5,,,scripts/_unpack/377/all.obj
papaya,Papaya fruit,,scripts/_unpack/377/all.obj
papaya_seed_2,,,scripts/_unpack/377/all.obj
papaya_seed_3,,,scripts/_unpack/377/all.obj
papaya_seed_4,,,scripts/_unpack/377/all.obj
papaya_seed_5,,,scripts/_unpack/377/all.obj
papaya_tree_seed,Papaya tree seed,,scripts/_unpack/377/all.obj
papyrus,Papyrus,,scripts/_unpack/377/all.obj
papyrus_used,Papyrus,,scripts/_unpack/377/all.obj
paramayaticket,Paramaya ticket,,scripts/_unpack/377/all.obj
partial_cake,2/3 cake,,scripts/skill_cooking/configs/cooking_inv/configs/cakes/cakes.obj
partial_chocolate_cake,2/3 chocolate cake,,scripts/skill_cooking/configs/cooking_inv/configs/cakes/cakes.obj
pastry_dough,Pastry dough,,scripts/skill_cooking/configs/cooking_inv/configs/cakes/cakes.obj
peach,Peach,,scripts/_unpack/377/all.obj
pearl_bolt,Pearl bolts,,scripts/_unpack/377/all.obj
pearl_bolt2,,,scripts/_unpack/377/all.obj
pearl_bolt3,,,scripts/_unpack/377/all.obj
pearl_bolt4,,,scripts/_unpack/377/all.obj
pearl_bolts,,,scripts/_unpack/377/all.obj
pearl_bolttips,Pearl bolttips,,scripts/_unpack/377/all.obj
perfect_gold_bar,'perfect' gold bar,,scripts/_unpack/377/all.obj
perfect_gold_ore,'perfect' gold ore,,scripts/_unpack/377/all.obj
perfect_ruby_necklace,'perfect' necklace,,scripts/_unpack/377/all.obj
perfect_ruby_ring,'perfect' ring,,scripts/_unpack/377/all.obj
pest_field_ration,Field ration,,scripts/_unpack/377/all.obj
pestle_and_mortar,Pestle and mortar,,scripts/_unpack/377/all.obj
petecandlestick,Pete's candlestick,,scripts/_unpack/377/all.obj
phoenix_crossbow,Phoenix crossbow,,scripts/_unpack/377/all.obj
phoenixkey1,Key,,scripts/_unpack/377/all.obj
phoenixkey2,Key,,scripts/_unpack/377/all.obj
pickpocket_guide_desert_bandit,Bandit,,scripts/_unpack/377/all.obj
pickpocket_guide_farmer,Farmer,,scripts/_unpack/377/all.obj
pickpocket_guide_feud_arabian_guard1,Bandit,,scripts/_unpack/377/all.obj
pickpocket_guide_feud_arabian_guard2,Bandit,,scripts/_unpack/377/all.obj
pickpocket_guide_feud_egyptian_doorman,Menaphite thug,,scripts/_unpack/377/all.obj
pickpocket_guide_fham,Female ham,,scripts/_unpack/377/all.obj
pickpocket_guide_fremennik_citizen,Fremennik,,scripts/_unpack/377/all.obj
pickpocket_guide_gnome,Gnome,,scripts/_unpack/377/all.obj
pickpocket_guide_guard,Guard,,scripts/_unpack/377/all.obj
pickpocket_guide_hero,Hero,,scripts/_unpack/377/all.obj
pickpocket_guide_knight,Knight of ardougne,,scripts/_unpack/377/all.obj
pickpocket_guide_man,Man,,scripts/_unpack/377/all.obj
pickpocket_guide_master_farmer,Master farmer,,scripts/_unpack/377/all.obj
pickpocket_guide_mham,Male ham,,scripts/_unpack/377/all.obj
pickpocket_guide_paladin,Paladin,,scripts/_unpack/377/all.obj
pickpocket_guide_rogue,Rogue,,scripts/_unpack/377/all.obj
pickpocket_guide_warrior,Warrior woman,,scripts/_unpack/377/all.obj
pickpocket_guide_watchman,Watchman,,scripts/_unpack/377/all.obj
pickpocket_guide_woodelf,Elf,,scripts/_unpack/377/all.obj
pie_shell,Pie shell,,scripts/skill_cooking/configs/cooking_inv/configs/pies/pies.obj
piedish,Pie dish,,scripts/skill_cooking/configs/cooking_inv/configs/pies/pies.obj
piedish_unfired,Unfired pie dish,,scripts/_unpack/377/all.obj
pigeoncage,Pigeon cage,,scripts/_unpack/377/all.obj
pigeons,Pigeon cage,,scripts/_unpack/377/all.obj
pike,Pike,,scripts/_unpack/377/all.obj
pineapple,Pineapple,,scripts/skill_cooking/configs/gnome_cooking/cocktails.obj
pineapple_chunks,Pineapple chunks,,scripts/skill_cooking/configs/gnome_cooking/cocktails.obj
pineapple_pizza,Pineapple pizza,,scripts/skill_cooking/configs/cooking_inv/configs/pizza/pizza.obj
pineapple_punch,Pineapple punch,,scripts/skill_cooking/configs/gnome_cooking/cocktails.obj
pineapple_ring,Pineapple ring,,scripts/skill_cooking/configs/gnome_cooking/cocktails.obj
pineapple_seed_2,,,scripts/_unpack/377/all.obj
pineapple_seed_3,,,scripts/_unpack/377/all.obj
pineapple_seed_4,,,scripts/_unpack/377/all.obj
pineapple_seed_5,,,scripts/_unpack/377/all.obj
pineapple_tree_seed,Pineapple seed,,scripts/_unpack/377/all.obj
pink_skirt,Pink skirt,,scripts/_unpack/377/all.obj
pipcandle_gold,Golden candle,,scripts/quests/quest_priestperil/configs/priestperil.obj
pipfeather_gold,Golden feather,,scripts/quests/quest_priestperil/configs/priestperil.obj
piphammer_gold,Golden hammer,,scripts/quests/quest_priestperil/configs/priestperil.obj
pipkey_gold,Golden key,,scripts/quests/quest_priestperil/configs/priestperil.obj
pipkey_iron,Iron key,,scripts/quests/quest_priestperil/configs/priestperil.obj
pipneedle_gold,Golden needle,,scripts/quests/quest_priestperil/configs/priestperil.obj
pippot_gold,Golden pot,,scripts/quests/quest_priestperil/configs/priestperil.obj
piptinderbox_gold,Golden tinderbox,,scripts/quests/quest_priestperil/configs/priestperil.obj
pirate_bandana_blue,Pirate bandanna,,scripts/_unpack/377/all.obj
pirate_bandana_brown,Pirate bandanna,,scripts/_unpack/377/all.obj
pirate_bandana_red,Pirate bandanna,,scripts/_unpack/377/all.obj
pirate_bandanna,Pirate bandanna,,scripts/_unpack/377/all.obj
pirate_boots,Pirate boots,,scripts/_unpack/377/all.obj
pirate_legs,Pirate leggings,,scripts/_unpack/377/all.obj
pirate_legs_blue,Pirate leggings,,scripts/_unpack/377/all.obj
pirate_legs_brown,Pirate leggings,,scripts/_unpack/377/all.obj
pirate_legs_red,Pirate leggings,,scripts/_unpack/377/all.obj
pirate_torso,Stripy pirate shirt,,scripts/_unpack/377/all.obj
pirate_torso_blue,Stripy pirate shirt,,scripts/_unpack/377/all.obj
pirate_torso_brown,Stripy pirate shirt,,scripts/_unpack/377/all.obj
pirate_torso_red,Stripy pirate shirt,,scripts/_unpack/377/all.obj
piratehat,Pirate's hat,,scripts/_unpack/377/all.obj
piratehook,Pirate's hook,,scripts/minigames/game_agilityarena/configs/agilityarena.obj
piratemessage,Pirate message,,scripts/_unpack/377/all.obj
pitta_bread,Pitta bread,,scripts/skill_cooking/configs/cooking_inv/configs/dough/dough.obj
pizza_base,Pizza base,,scripts/skill_cooking/configs/cooking_inv/configs/pizza/pizza.obj
plague_jacket,Plague jacket,,scripts/_unpack/377/all.obj
plague_trousers,Plague trousers,,scripts/_unpack/377/all.obj
plaguesample,Plague sample,,scripts/_unpack/377/all.obj
plain_pizza,Plain pizza,,scripts/skill_cooking/configs/cooking_inv/configs/pizza/pizza.obj
plainstaff,Staff,,scripts/_unpack/377/all.obj
plainwig,Wig,,scripts/_unpack/377/all.obj
plant_cure,Plant cure,,scripts/_unpack/377/all.obj
plant_cure_strong,Plant cure,,scripts/_unpack/377/all.obj
plantpot_acorn,Oak seedling,,scripts/_unpack/377/all.obj
plantpot_acorn_watered,Oak seedling,,scripts/_unpack/377/all.obj
plantpot_apple_sapling,Apple sapling,,scripts/_unpack/377/all.obj
plantpot_apple_seed,Apple seedling,,scripts/_unpack/377/all.obj
plantpot_apple_seed_watered,Apple seedling,,scripts/_unpack/377/all.obj
plantpot_banana_sapling,Banana sapling,,scripts/_unpack/377/all.obj
plantpot_banana_seed,Banana seedling,,scripts/_unpack/377/all.obj
plantpot_banana_seed_watered,Banana seedling,,scripts/_unpack/377/all.obj
plantpot_calquat_sapling,Calquat sapling,,scripts/_unpack/377/all.obj
plantpot_calquat_seed,Calquat seedling,,scripts/_unpack/377/all.obj
plantpot_calquat_seed_watered,Calquat seedling,,scripts/_unpack/377/all.obj
plantpot_compost,Plant pot,,scripts/_unpack/377/all.obj
plantpot_curry_sapling,Curry sapling,,scripts/_unpack/377/all.obj
plantpot_curry_seed,Curry seedling,,scripts/_unpack/377/all.obj
plantpot_curry_seed_watered,Curry seedling,,scripts/_unpack/377/all.obj
plantpot_empty,Plant pot,,scripts/_unpack/377/all.obj
plantpot_magic_tree_sapling,Magic sapling,,scripts/_unpack/377/all.obj
plantpot_magic_tree_seed,Magic seedling,,scripts/_unpack/377/all.obj
plantpot_magic_tree_seed_watered,Magic seedling,,scripts/_unpack/377/all.obj
plantpot_maple_sapling,Maple sapling,,scripts/_unpack/377/all.obj
plantpot_maple_seed,Maple seedling,,scripts/_unpack/377/all.obj
plantpot_maple_seed_watered,Maple seedling,,scripts/_unpack/377/all.obj
plantpot_oak_sapling,Oak sapling,,scripts/_unpack/377/all.obj
plantpot_orange_sapling,Orange sapling,,scripts/_unpack/377/all.obj
plantpot_orange_seed,Orange seedling,,scripts/_unpack/377/all.obj
plantpot_orange_seed_watered,Orange seedling,,scripts/_unpack/377/all.obj
plantpot_palm_sapling,Palm sapling,,scripts/_unpack/377/all.obj
plantpot_palm_seed,Palm seedling,,scripts/_unpack/377/all.obj
plantpot_palm_seed_watered,Palm seedling,,scripts/_unpack/377/all.obj
plantpot_papaya_sapling,Papaya sapling,,scripts/_unpack/377/all.obj
plantpot_papaya_seed,Papaya seedling,,scripts/_unpack/377/all.obj
plantpot_papaya_seed_watered,Papaya seedling,,scripts/_unpack/377/all.obj
plantpot_pineapple_sapling,Pineapple sapling,,scripts/_unpack/377/all.obj
plantpot_pineapple_seed,Pineapple seedling,,scripts/_unpack/377/all.obj
plantpot_pineapple_seed_watered,Pineapple seedling,,scripts/_unpack/377/all.obj
plantpot_spirit_tree_sapling,Spirit sapling,,scripts/_unpack/377/all.obj
plantpot_spirit_tree_seed,Spirit seedling,,scripts/_unpack/377/all.obj
plantpot_spirit_tree_seed_watered,Spirit seedling,,scripts/_unpack/377/all.obj
plantpot_supercompost,Plant pot,,scripts/_unpack/377/all.obj
plantpot_unfired,Unfired plant pot,,scripts/_unpack/377/all.obj
plantpot_willow_sapling,Willow sapling,,scripts/_unpack/377/all.obj
plantpot_willow_seed,Willow seedling,,scripts/_unpack/377/all.obj
plantpot_willow_seed_watered,Willow seedling,,scripts/_unpack/377/all.obj
plantpot_yew_sapling,Yew sapling,,scripts/_unpack/377/all.obj
plantpot_yew_seed,Yew seedling,,scripts/_unpack/377/all.obj
plantpot_yew_seed_watered,Yew seedling,,scripts/_unpack/377/all.obj
poh_arrow,Bow and arrow,,scripts/_unpack/377/all.obj
poh_asgarnian_ale,Asgarnian ale,,scripts/_unpack/377/all.obj
poh_beer,Beer,,scripts/_unpack/377/all.obj
poh_beer_glass,Beer glass,,scripts/_unpack/377/all.obj
poh_boxing_gloves_blue,Boxing gloves,,scripts/_unpack/377/all.obj
poh_boxing_gloves_red,Boxing gloves,,scripts/_unpack/377/all.obj
poh_chefs_delight,Chef's delight,,scripts/_unpack/377/all.obj
poh_chinacup_empty,Porcelain cup,,scripts/_unpack/377/all.obj
poh_chinacup_tea,Cup of tea,,scripts/_unpack/377/all.obj
poh_chinacup_tea_milky,Cup of tea,,scripts/_unpack/377/all.obj
poh_cider,Cider,,scripts/_unpack/377/all.obj
poh_claycup_empty,Empty cup,,scripts/_unpack/377/all.obj
poh_claycup_tea,Cup of tea,,scripts/_unpack/377/all.obj
poh_claycup_tea_milky,Cup of tea,,scripts/_unpack/377/all.obj
poh_dart,Dart,,scripts/_unpack/377/all.obj
poh_digsitesword_held,Rusty sword,,scripts/_unpack/377/all.obj
poh_dragon_bitter,Dragon bitter,,scripts/_unpack/377/all.obj
poh_games_book,Game book,,scripts/_unpack/377/all.obj
poh_giltchinacup_empty,Porcelain cup,,scripts/_unpack/377/all.obj
poh_giltchinacup_tea,Cup of tea,,scripts/_unpack/377/all.obj
poh_giltchinacup_tea_milky,Cup of tea,,scripts/_unpack/377/all.obj
poh_greenmans_ale,Greenman's ale,,scripts/_unpack/377/all.obj
poh_hoop,Hoop,,scripts/_unpack/377/all.obj
poh_kettle_boiled,Hot kettle,,scripts/_unpack/377/all.obj
poh_kettle_empty,Kettle,,scripts/_unpack/377/all.obj
poh_kettle_water,Full kettle,,scripts/_unpack/377/all.obj
poh_moonlight_mead,Moonlight mead,,scripts/_unpack/377/all.obj
poh_paintbrush,Paintbrush,,scripts/_unpack/377/all.obj
poh_prize_key,Prize key,,scripts/_unpack/377/all.obj
poh_pugel,Pugel,,scripts/_unpack/377/all.obj
poh_tea_leaves,Tea leaves,,scripts/_unpack/377/all.obj
poh_teapot_clay_1,Pot of tea 1,,scripts/_unpack/377/all.obj
poh_teapot_clay_2,Pot of tea 2,,scripts/_unpack/377/all.obj
poh_teapot_clay_3,Pot of tea 3,,scripts/_unpack/377/all.obj
poh_teapot_clay_4,Pot of tea 4,,scripts/_unpack/377/all.obj
poh_teapot_clay_empty,Teapot,,scripts/_unpack/377/all.obj
poh_teapot_clay_leaves,Teapot with leaves,,scripts/_unpack/377/all.obj
poh_teapot_giltporcelain_1,Pot of tea,,scripts/_unpack/377/all.obj
poh_teapot_giltporcelain_2,Pot of tea,,scripts/_unpack/377/all.obj
poh_teapot_giltporcelain_3,Pot of tea,,scripts/_unpack/377/all.obj
poh_teapot_giltporcelain_4,Pot of tea,,scripts/_unpack/377/all.obj
poh_teapot_giltporcelain_empty,Teapot,,scripts/_unpack/377/all.obj
poh_teapot_giltporcelain_leaves,Teapot with leaves,,scripts/_unpack/377/all.obj
poh_teapot_porcelain_1,Pot of tea,,scripts/_unpack/377/all.obj
poh_teapot_porcelain_2,Pot of tea,,scripts/_unpack/377/all.obj
poh_teapot_porcelain_3,Pot of tea,,scripts/_unpack/377/all.obj
poh_teapot_porcelain_4,Pot of tea,,scripts/_unpack/377/all.obj
poh_teapot_porcelain_empty,Teapot,,scripts/_unpack/377/all.obj
poh_teapot_porcelain_leaves,Teapot with leaves,,scripts/_unpack/377/all.obj
poh_toy_cat,Toy cat,,scripts/_unpack/377/all.obj
poh_toy_doll_unwound,Toy doll,,scripts/_unpack/377/all.obj
poh_toy_doll_wound,Toy doll (wound),,scripts/_unpack/377/all.obj
poh_toy_mouse_unwound,Toy mouse,,scripts/_unpack/377/all.obj
poh_toy_mouse_wound,Toy mouse (wound),,scripts/_unpack/377/all.obj
poh_toy_soldier_unwound,Toy soldier,,scripts/_unpack/377/all.obj
poh_toy_soldier_wound,Toy soldier (wound),,scripts/_unpack/377/all.obj
poh_treasure_hunt_stone,Magic stone,,scripts/_unpack/377/all.obj
poh_wooden_shield,Wooden shield.,,scripts/_unpack/377/all.obj
poh_wooden_sword,Wooden sword,,scripts/_unpack/377/all.obj
poison,Poison,,scripts/_unpack/377/all.obj
poison_bolt,Bolts(p),,scripts/_unpack/377/all.obj
poison_bolt2,,,scripts/_unpack/377/all.obj
poison_bolt3,,,scripts/_unpack/377/all.obj
poison_bolt4,,,scripts/_unpack/377/all.obj
poison_bolts,,,scripts/_unpack/377/all.obj
poison_chalice,Poison chalice,,scripts/_unpack/377/all.obj
poison_from_hag,Hag's poison,,scripts/_unpack/377/all.obj
poisoned_dagger_p,Poisoned dagger(p),,scripts/_unpack/377/all.obj
poisoned_feed,Sheep feed,,scripts/_unpack/377/all.obj
poisoned_fish_food,Poisoned fish food,,scripts/_unpack/377/all.obj
poisonivy_berries,Poisonivy berries,,scripts/_unpack/377/all.obj
poisonivy_bush_seed,Poison ivy seed,,scripts/_unpack/377/all.obj
port_sarim_beer,Ahab's beer,,scripts/_unpack/377/all.obj
postcharcoalmixture,Mixed chemicals,,scripts/_unpack/377/all.obj
postie_pete_yin_yang,Yin yang amulet,,scripts/_unpack/377/all.obj
pot_bonemeal,Bonemeal,,scripts/_unpack/377/all.obj
pot_bonemeal_ancestral_fayg,Bonemeal,,scripts/_unpack/377/all.obj
pot_bonemeal_ancestral_ourg,Bonemeal,,scripts/_unpack/377/all.obj
pot_bonemeal_ancestral_raurg,Bonemeal,,scripts/_unpack/377/all.obj
pot_bonemeal_babydragon,Bonemeal,,scripts/_unpack/377/all.obj
pot_bonemeal_bat,Bonemeal,,scripts/_unpack/377/all.obj
pot_bonemeal_bearded_gorilla_monkey,Bonemeal,,scripts/_unpack/377/all.obj
pot_bonemeal_beast,Dragon spear(s),dragon_spear_p++,scripts/_unpack/377/all.obj
pot_bonemeal_big,Bonemeal,,scripts/_unpack/377/all.obj
pot_bonemeal_burnt,Bonemeal,,scripts/_unpack/377/all.obj
pot_bonemeal_burnt_jogre,Bonemeal,,scripts/_unpack/377/all.obj
pot_bonemeal_dagannoth,Bonemeal,,scripts/_unpack/377/all.obj
pot_bonemeal_dragon,Bonemeal,,scripts/_unpack/377/all.obj
pot_bonemeal_jogre,Bonemeal,,scripts/_unpack/377/all.obj
pot_bonemeal_large_zombie_monkey,Bonemeal,,scripts/_unpack/377/all.obj
pot_bonemeal_medium_ninja_monkey,Bonemeal,,scripts/_unpack/377/all.obj
pot_bonemeal_normal_gorilla_monkey,Bonemeal,,scripts/_unpack/377/all.obj
pot_bonemeal_normal_monkey,Bonemeal,,scripts/_unpack/377/all.obj
pot_bonemeal_skeleton,Bonemeal,,scripts/_unpack/377/all.obj
pot_bonemeal_small_ninja_monkey,Bonemeal,,scripts/_unpack/377/all.obj
pot_bonemeal_small_zombie_monkey,Bonemeal,,scripts/_unpack/377/all.obj
pot_bonemeal_wolf,Bonemeal,,scripts/_unpack/377/all.obj
pot_bonemeal_wyvern,Bonemeal,,scripts/_unpack/377/all.obj
pot_bonemeal_zogre,Bonemeal,,scripts/_unpack/377/all.obj
pot_empty,Pot,,scripts/skill_cooking/configs/cooking_generic/cooking.obj
pot_flour,Pot of flour,,scripts/skill_cooking/configs/cooking_inv/configs/cakes/cakes.obj
pot_of_butter,Pat of butter,,scripts/_unpack/377/all.obj
pot_of_cream,Pot of cream,,scripts/skill_cooking/configs/gnome_cooking/gnome_cooking.obj
pot_unfired,Unfired pot,,scripts/_unpack/377/all.obj
potato,Potato,,scripts/skill_cooking/configs/cooking_inv/configs/stew/stew.obj
potato_baked,Baked potato,,scripts/_unpack/377/all.obj
potato_burnt,Burnt potato,,scripts/_unpack/377/all.obj
potato_butter,Potato with butter,,scripts/_unpack/377/all.obj
potato_cheese,Potato with cheese,,scripts/_unpack/377/all.obj
potato_seed,Potato seed,,scripts/_unpack/377/all.obj
potato_seed_2,,,scripts/_unpack/377/all.obj
potato_seed_3,,,scripts/_unpack/377/all.obj
potato_seed_4,,,scripts/_unpack/377/all.obj
potato_seed_5,,,scripts/_unpack/377/all.obj
potlid,Pot lid,,scripts/_unpack/377/all.obj
potlid_unfired,Unfired pot lid,,scripts/_unpack/377/all.obj
powering_crystal1,Crystal,,scripts/_unpack/377/all.obj
powering_crystal2,Crystal,,scripts/_unpack/377/all.obj
powering_crystal3,Crystal,,scripts/_unpack/377/all.obj
powering_crystal4,Crystal,,scripts/_unpack/377/all.obj
precharcoalmixture,Mixed chemicals,,scripts/_unpack/377/all.obj
premade_blurberry_special,Blurberry special,,scripts/skill_cooking/configs/gnome_cooking/cocktails.obj
premade_choc_saturday,Choc saturday,,scripts/skill_cooking/configs/gnome_cooking/cocktails.obj
premade_chocchip_crunchies,Chocchip crunchies,,scripts/skill_cooking/configs/gnome_cooking/crunchies.obj
premade_chocolate_bomb,Chocolate bomb,,scripts/skill_cooking/configs/gnome_cooking/gnomebowls.obj
premade_drunk_dragon,Drunk dragon,,scripts/skill_cooking/configs/gnome_cooking/cocktails.obj
premade_fruit_batta,Fruit batta,,scripts/skill_cooking/configs/gnome_cooking/battas.obj
premade_fruit_blast,Fruit blast,,scripts/skill_cooking/configs/gnome_cooking/cocktails.obj
premade_pineapple_punch,Pineapple punch,,scripts/skill_cooking/configs/gnome_cooking/cocktails.obj
premade_sgg,Short green guy,,scripts/skill_cooking/configs/gnome_cooking/cocktails.obj
premade_spicy_crunchies,Spicy crunchies,,scripts/skill_cooking/configs/gnome_cooking/crunchies.obj
premade_tangled_toads_legs,Tangled toad's legs,,scripts/skill_cooking/configs/gnome_cooking/gnomebowls.obj
premade_toad_batta,Cheese+tom batta,,scripts/skill_cooking/configs/gnome_cooking/battas.obj
premade_toad_crunchies,Toad crunchies,,scripts/skill_cooking/configs/gnome_cooking/crunchies.obj
premade_veg_ball,Veg ball,,scripts/skill_cooking/configs/gnome_cooking/gnomebowls.obj
premade_vegetable_batta,Vegetable batta,,scripts/skill_cooking/configs/gnome_cooking/battas.obj
premade_wizard_blizzard,Wizard blizzard,,scripts/skill_cooking/configs/gnome_cooking/cocktails.obj
premade_worm_batta,Worm batta,,scripts/skill_cooking/configs/gnome_cooking/battas.obj
premade_worm_crunchies,Worm crunchies,,scripts/skill_cooking/configs/gnome_cooking/crunchies.obj
premade_worm_hole,Worm hole,,scripts/skill_cooking/configs/gnome_cooking/gnomebowls.obj
pressure_gauge,Pressure gauge,,scripts/_unpack/377/all.obj
priest_gown,Priest gown,,scripts/_unpack/377/all.obj
priest_robe,Priest gown,,scripts/_unpack/377/all.obj
princeskey,Bronze key,,scripts/_unpack/377/all.obj
prisonpete_key,Prison key,,scripts/_unpack/377/all.obj
pumpkin,Pumpkin,,scripts/skill_cooking/configs/cooking_generic/cooking.obj
purple_cape,Cape,,scripts/_unpack/377/all.obj
purple_partyhat,Purple partyhat,,scripts/_unpack/377/all.obj
purpledye,Purple dye,,scripts/_unpack/377/all.obj
quest_scroll_icon,,,scripts/_unpack/377/all.obj
quest_start_icon_dummy,,,scripts/_unpack/377/all.obj
rag_baby_basilisk_bone,Basilisk bone,,scripts/_unpack/377/all.obj
rag_baby_blue_dragon_bone,Baby dragon bone,,scripts/_unpack/377/all.obj
rag_bat_bone,Bat wing,,scripts/_unpack/377/all.obj
rag_bear_bone,Bear ribs,,scripts/_unpack/377/all.obj
rag_bonesack,Bonesack,,scripts/_unpack/377/all.obj
rag_bottle_empty,Empty wine bottle,,scripts/_unpack/377/all.obj
rag_bottle_wine,Bottle of wine,,scripts/_unpack/377/all.obj
rag_cave_goblin_bone,Cave goblin skull,,scripts/_unpack/377/all.obj
rag_dagganoth_bone,Dagannoth ribs,,scripts/_unpack/377/all.obj
rag_desert_lizard_bone,Desert lizard bone,,scripts/_unpack/377/all.obj
rag_experiment_bone,Experiment bone,,scripts/_unpack/377/all.obj
rag_fire_giant_bone,Fire giant bone,,scripts/_unpack/377/all.obj
rag_ghoul_bone,Ghoul bone,,scripts/_unpack/377/all.obj
rag_giant_bat_bone,Giant bat wing,,scripts/_unpack/377/all.obj
rag_giant_rat_bone,Giant rat bone,,scripts/_unpack/377/all.obj
rag_goblin_bone,Goblin skull,,scripts/_unpack/377/all.obj
rag_ice_giant_bone,Ice giant ribs,,scripts/_unpack/377/all.obj
rag_jackal_bone,Jackal bone,,scripts/_unpack/377/all.obj
rag_jogre_bone,Jogre bone,,scripts/_unpack/377/all.obj
rag_medium_frog_bone,Big frog leg,,scripts/_unpack/377/all.obj
rag_mogre_bone,Mogre bone,,scripts/_unpack/377/all.obj
rag_monkey_bone,Monkey paw,,scripts/_unpack/377/all.obj
rag_moss_giant_bone,Moss giant bone,,scripts/_unpack/377/all.obj
rag_ogre_bone,Ogre ribs,,scripts/_unpack/377/all.obj
rag_polished_baby_basilisk_bone,Basilisk bone,,scripts/_unpack/377/all.obj
rag_polished_baby_blue_dragon_bone,Baby dragon bone,,scripts/_unpack/377/all.obj
rag_polished_bat_bone,Bat wing,,scripts/_unpack/377/all.obj
rag_polished_bear_bone,Bear ribs,,scripts/_unpack/377/all.obj
rag_polished_cave_goblin_bone,Cave goblin skull,,scripts/_unpack/377/all.obj
rag_polished_dagganoth_bone,Dagannoth ribs,,scripts/_unpack/377/all.obj
rag_polished_desert_lizard_bone,Desert lizard bone,,scripts/_unpack/377/all.obj
rag_polished_experiment_bone,Experiment bone,,scripts/_unpack/377/all.obj
rag_polished_fire_giant_bone,Fire giant bone,,scripts/_unpack/377/all.obj
rag_polished_ghoul_bone,Ghoul bone,,scripts/_unpack/377/all.obj
rag_polished_giant_bat_bone,Giant bat wing,,scripts/_unpack/377/all.obj
rag_polished_giant_rat_bone,Giant rat bone,,scripts/_unpack/377/all.obj
rag_polished_goblin_bone,Goblin skull,,scripts/_unpack/377/all.obj
rag_polished_ice_giant_bone,Ice giant ribs,,scripts/_unpack/377/all.obj
rag_polished_jackal_bone,Jackal bone,,scripts/_unpack/377/all.obj
rag_polished_jogre_bone,Jogre bone,,scripts/_unpack/377/all.obj
rag_polished_medium_frog_bone,Big frog leg,,scripts/_unpack/377/all.obj
rag_polished_mogre_bone,Mogre bone,,scripts/_unpack/377/all.obj
rag_polished_monkey_bone,Monkey paw,,scripts/_unpack/377/all.obj
rag_polished_moss_giant_bone,Moss giant bone,,scripts/_unpack/377/all.obj
rag_polished_ogre_bone,Ogre ribs,,scripts/_unpack/377/all.obj
rag_polished_rabbit_bone,Rabbit bone,,scripts/_unpack/377/all.obj
rag_polished_ram_bone,Ram skull,,scripts/_unpack/377/all.obj
rag_polished_rat_bone,Rat bone,,scripts/_unpack/377/all.obj
rag_polished_seagull_bone,Seagull wing,,scripts/_unpack/377/all.obj
rag_polished_snake_bone,Snake spine,,scripts/_unpack/377/all.obj
rag_polished_terrorbird_bone,Terrorbird wing,,scripts/_unpack/377/all.obj
rag_polished_troll_bone,Troll bone,,scripts/_unpack/377/all.obj
rag_polished_undead_cow_bone,Undead cow ribs,,scripts/_unpack/377/all.obj
rag_polished_unicorn_bone,Unicorn bone,,scripts/_unpack/377/all.obj
rag_polished_vulture_bone,Vulture wing,,scripts/_unpack/377/all.obj
rag_polished_werewolf_bone,Werewolf bone,,scripts/_unpack/377/all.obj
rag_polished_wolf_bone,Wolf bone,,scripts/_unpack/377/all.obj
rag_polished_zogre_bone,Zogre bone,,scripts/_unpack/377/all.obj
rag_polished_zombie_bone,Zombie bone,,scripts/_unpack/377/all.obj
rag_pot_baby_basilisk_bone,Bone in vinegar,,scripts/_unpack/377/all.obj
rag_pot_baby_blue_dragon_bone,Bone in vinegar,,scripts/_unpack/377/all.obj
rag_pot_bat_bone,Bone in vinegar,,scripts/_unpack/377/all.obj
rag_pot_bear_bone,Bone in vinegar,,scripts/_unpack/377/all.obj
rag_pot_cave_goblin_bone,Bone in vinegar,,scripts/_unpack/377/all.obj
rag_pot_dagganoth_bone,Bone in vinegar,,scripts/_unpack/377/all.obj
rag_pot_desert_lizard_bone,Bone in vinegar,,scripts/_unpack/377/all.obj
rag_pot_experiment_bone,Bone in vinegar,,scripts/_unpack/377/all.obj
rag_pot_fire_giant_bone,Bone in vinegar,,scripts/_unpack/377/all.obj
rag_pot_ghoul_bone,Bone in vinegar,,scripts/_unpack/377/all.obj
rag_pot_giant_bat_bone,Bone in vinegar,,scripts/_unpack/377/all.obj
rag_pot_giant_rat_bone,Bone in vinegar,,scripts/_unpack/377/all.obj
rag_pot_goblin_bone,Bone in vinegar,,scripts/_unpack/377/all.obj
rag_pot_ice_giant_bone,Bone in vinegar,,scripts/_unpack/377/all.obj
rag_pot_jackal_bone,Bone in vinegar,,scripts/_unpack/377/all.obj
rag_pot_jogre_bone,Bone in vinegar,,scripts/_unpack/377/all.obj
rag_pot_medium_frog_bone,Bone in vinegar,,scripts/_unpack/377/all.obj
rag_pot_mogre_bone,Bone in vinegar,,scripts/_unpack/377/all.obj
rag_pot_monkey_bone,Bone in vinegar,,scripts/_unpack/377/all.obj
rag_pot_moss_giant_bone,Bone in vinegar,,scripts/_unpack/377/all.obj
rag_pot_ogre_bone,Bone in vinegar,,scripts/_unpack/377/all.obj
rag_pot_rabbit_bone,Bone in vinegar,,scripts/_unpack/377/all.obj
rag_pot_ram_bone,Bone in vinegar,,scripts/_unpack/377/all.obj
rag_pot_rat_bone,Bone in vinegar,,scripts/_unpack/377/all.obj
rag_pot_seagull_bone,Bone in vinegar,,scripts/_unpack/377/all.obj
rag_pot_snake_bone,Bone in vinegar,,scripts/_unpack/377/all.obj
rag_pot_terrorbird_bone,Bone in vinegar,,scripts/_unpack/377/all.obj
rag_pot_troll_bone,Bone in vinegar,,scripts/_unpack/377/all.obj
rag_pot_undead_cow_bone,Bone in vinegar,,scripts/_unpack/377/all.obj
rag_pot_unicorn_bone,Bone in vinegar,,scripts/_unpack/377/all.obj
rag_pot_vinegar,Pot of vinegar,,scripts/_unpack/377/all.obj
rag_pot_vulture_bone,Bone in vinegar,,scripts/_unpack/377/all.obj
rag_pot_werewolf_bone,Bone in vinegar,,scripts/_unpack/377/all.obj
rag_pot_wolf_bone,Bone in vinegar,,scripts/_unpack/377/all.obj
rag_pot_zogre_bone,Bone in vinegar,,scripts/_unpack/377/all.obj
rag_pot_zombie_bone,Bone in vinegar,,scripts/_unpack/377/all.obj
rag_rabbit_bone,Rabbit bone,,scripts/_unpack/377/all.obj
rag_ram_bone,Ram skull,,scripts/_unpack/377/all.obj
rag_ram_helm,Ram skull helm,,scripts/_unpack/377/all.obj
rag_rat_bone,Rat bone,,scripts/_unpack/377/all.obj
rag_seagull_bone,Seagull wing,,scripts/_unpack/377/all.obj
rag_snake_bone,Snake spine,,scripts/_unpack/377/all.obj
rag_terrorbird_bone,Terrorbird wing,,scripts/_unpack/377/all.obj
rag_troll_bone,Troll bone,,scripts/_unpack/377/all.obj
rag_undead_cow_bone,Undead cow ribs,,scripts/_unpack/377/all.obj
rag_unicorn_bone,Unicorn bone,,scripts/_unpack/377/all.obj
rag_vinegar,Jug of vinegar,,scripts/_unpack/377/all.obj
rag_vulture_bone,Vulture wing,,scripts/_unpack/377/all.obj
rag_werewolf_bone,Werewolf bone,,scripts/_unpack/377/all.obj
rag_wolf_bone,Wolf bone,,scripts/_unpack/377/all.obj
rag_zogre_bone,Zogre bone,,scripts/_unpack/377/all.obj
rag_zombie_bone,Zombie bone,,scripts/_unpack/377/all.obj
rake,Rake,,scripts/_unpack/377/all.obj
rake_handle,Rake handle,,scripts/_unpack/377/all.obj
rake_head,Rake head,,scripts/_unpack/377/all.obj
ranarr_seed,Ranarr seed,,scripts/_unpack/377/all.obj
ranarr_weed,Ranarr weed,,scripts/skill_herblore/configs/herbs.obj
ranarrvial,Unfinished potion,,scripts/_unpack/377/all.obj
range_icon_dummy,,,scripts/_unpack/377/all.obj
ranger_ring,Archers ring,,scripts/_unpack/377/all.obj
rat_poison,Rat poison,,scripts/_unpack/377/all.obj
ratcatchers_cat_antipoison,Cat antipoison,,scripts/_unpack/377/all.obj
ratcatchers_music,Music scroll,,scripts/_unpack/377/all.obj
ratcatchers_party_directions,Directions,,scripts/_unpack/377/all.obj
ratcatchers_poisonedcheese,Poisoned cheese,,scripts/_unpack/377/all.obj
ratcatchers_smokey_weedpot,Smouldering pot,,scripts/_unpack/377/all.obj
ratcatchers_weedpot,Pot of weeds,,scripts/_unpack/377/all.obj
ratpits_manual,Book,,scripts/_unpack/377/all.obj
rats_tail,Rat's tail,,scripts/_unpack/377/all.obj
raw_anchovies,Raw anchovies,,scripts/_unpack/377/all.obj
raw_bass,Raw bass,,scripts/_unpack/377/all.obj
raw_batta,Raw batta,,scripts/skill_cooking/configs/gnome_cooking/battas.obj
raw_bear_meat,Raw bear meat,,scripts/skill_cooking/configs/cooking_generic/food_uncooked.obj
raw_beef,Raw beef,,scripts/skill_cooking/configs/cooking_generic/food_uncooked.obj
raw_beef_undead,Raw beef,,scripts/_unpack/377/all.obj
raw_cave_eel,Raw cave eel,,scripts/_unpack/377/all.obj
raw_chicken,Raw chicken,,scripts/skill_cooking/configs/cooking_generic/food_uncooked.obj
raw_chicken_undead,Raw chicken,,scripts/_unpack/377/all.obj
raw_chompy,Raw chompy,,scripts/_unpack/377/all.obj
raw_cod,Raw cod,,scripts/_unpack/377/all.obj
raw_crunchies,Raw crunchies,,scripts/skill_cooking/configs/gnome_cooking/crunchies.obj
raw_giant_carp,Raw giant carp,,scripts/_unpack/377/all.obj
raw_gnomebowl,Raw gnomebowl,,scripts/skill_cooking/configs/gnome_cooking/gnomebowls.obj
raw_herring,Raw herring,,scripts/_unpack/377/all.obj
raw_lava_eel,Raw lava eel,,scripts/skill_cooking/configs/cooking_generic/food_uncooked.obj
raw_lobster,Raw lobster,,scripts/_unpack/377/all.obj
raw_mackerel,Raw mackerel,,scripts/_unpack/377/all.obj
raw_macro_pheasant_bad,Raw pheasant,,scripts/macro events/configs/antimacro.obj
raw_macro_pheasant_good,Raw pheasant,,scripts/macro events/configs/antimacro.obj
raw_mantaray,Raw manta ray,,scripts/_unpack/377/all.obj
raw_monkfish,Raw monkfish,,scripts/_unpack/377/all.obj
raw_oomlie,Raw oomlie,,scripts/skill_cooking/configs/cooking_inv/configs/oomlie_bird_meat/oomlie_bird_meat.obj
raw_pike,Raw pike,,scripts/_unpack/377/all.obj
raw_rabbit,Raw rabbit,,scripts/_unpack/377/all.obj
raw_rat_meat,Raw rat meat,,scripts/skill_cooking/configs/cooking_generic/food_uncooked.obj
raw_salmon,Raw salmon,,scripts/_unpack/377/all.obj
raw_sardine,Raw sardine,,scripts/_unpack/377/all.obj
raw_seaturtle,Raw sea turtle,,scripts/_unpack/377/all.obj
raw_shark,Raw shark,,scripts/_unpack/377/all.obj
raw_shrimp,Raw shrimps,,scripts/_unpack/377/all.obj
raw_swordfish,Raw swordfish,,scripts/_unpack/377/all.obj
raw_trout,Raw trout,,scripts/_unpack/377/all.obj
raw_tuna,Raw tuna,,scripts/_unpack/377/all.obj
raw_ugthanki_meat,Raw ugthanki meat,,scripts/skill_cooking/configs/cooking_generic/food_uncooked.obj
rawswamppaste,Raw swamp paste,,scripts/skill_cooking/configs/cooking_generic/cooking.obj
rcu_instruction_book,Abyssal book,,scripts/_unpack/377/all.obj
rcu_pouch_giant,Giant pouch,,scripts/_unpack/377/all.obj
rcu_pouch_giant_degrade,Giant pouch,,scripts/_unpack/377/all.obj
rcu_pouch_large,Large pouch,,scripts/_unpack/377/all.obj
rcu_pouch_large_degrade,Large pouch,,scripts/_unpack/377/all.obj
rcu_pouch_medium,Medium pouch,,scripts/_unpack/377/all.obj
rcu_pouch_medium_degrade,Medium pouch,,scripts/_unpack/377/all.obj
rcu_pouch_small,Small pouch,,scripts/_unpack/377/all.obj
rd_acetic_acid,Acetic acid,,scripts/_unpack/377/all.obj
rd_chem_book,Alchemical notes,,scripts/_unpack/377/all.obj
rd_chicken,Chicken,,scripts/_unpack/377/all.obj
rd_chisel,Chisel,,scripts/_unpack/377/all.obj
rd_copper_ore_powder,Cupric ore powder,,scripts/_unpack/377/all.obj
rd_cupric_sulphate,Cupric sulfate,,scripts/_unpack/377/all.obj
rd_cupric_sulphate2,??? mixture,,scripts/_unpack/377/all.obj
rd_dihydrogen_monoxide,Vial of liquid,,scripts/_unpack/377/all.obj
rd_fox,Fox,,scripts/_unpack/377/all.obj
rd_full_keymould_complete,Tin,,scripts/_unpack/377/all.obj
rd_full_keymould_copper,Tin,,scripts/_unpack/377/all.obj
rd_full_keymould_tin,Tin,,scripts/_unpack/377/all.obj
rd_full_keymould_unheated,Tin,,scripts/_unpack/377/all.obj
rd_gypsum,Gypsum,,scripts/_unpack/377/all.obj
rd_hourglass,Hourglass,,scripts/_unpack/377/all.obj
rd_keymould,Tin,,scripts/_unpack/377/all.obj
rd_knife,Knife,,scripts/_unpack/377/all.obj
rd_magnet,Magnet,,scripts/_unpack/377/all.obj
rd_makeover_ticket,Makeover voucher,,scripts/_unpack/377/all.obj
rd_metal_spade,Metal spade,,scripts/_unpack/377/all.obj
rd_metal_spade_no_handle,Metal spade,,scripts/_unpack/377/all.obj
rd_nitorus_oxide,Nitrous oxide,,scripts/_unpack/377/all.obj
rd_plaster_vial,??? mixture,,scripts/_unpack/377/all.obj
rd_puzzleroom_key,Bronze key,,scripts/_unpack/377/all.obj
rd_sack,Grain,,scripts/_unpack/377/all.obj
rd_shears,Shears,,scripts/_unpack/377/all.obj
rd_sodium_chloride,Sodium chloride,,scripts/_unpack/377/all.obj
rd_spoilt_potion,??? mixture,,scripts/_unpack/377/all.obj
rd_tin,Tin,,scripts/_unpack/377/all.obj
rd_tin_of_crap,Tin,,scripts/_unpack/377/all.obj
rd_tin_of_crap_empty,Tin,,scripts/_unpack/377/all.obj
rd_tin_ore_powder,Tin ore powder,,scripts/_unpack/377/all.obj
rd_tinfull,Tin,,scripts/_unpack/377/all.obj
rd_wire,Bronze wire,,scripts/_unpack/377/all.obj
readbook_dummy,,,scripts/_unpack/377/all.obj
readbook_dummy2,,,scripts/_unpack/377/all.obj
recommendedletter,Stamped letter,,scripts/_unpack/377/all.obj
red_bead,Red bead,,scripts/quests/quest_imp/configs/quest_imp.obj
red_cape,Cape,,scripts/_unpack/377/all.obj
red_dragon_vambraces,Red d'hide vamb,,scripts/_unpack/377/all.obj
red_dragonhide_body,Red d'hide body,,scripts/_unpack/377/all.obj
red_dragonhide_chaps,Red d'hide chaps,,scripts/_unpack/377/all.obj
red_logs,Red logs,,scripts/_unpack/377/all.obj
red_partyhat,Red partyhat,,scripts/_unpack/377/all.obj
red_spiders_eggs,Red spiders' eggs,,scripts/_unpack/377/all.obj
red_topaz,Red topaz,,scripts/_unpack/377/all.obj
red_vine_worm,Red vine worm,,scripts/_unpack/377/all.obj
redberries,Redberries,,scripts/skill_cooking/configs/cooking_inv/configs/pies/pies.obj
redberry_bush_seed,Redberry seed,,scripts/_unpack/377/all.obj
redberry_pie,Redberry pie,,scripts/skill_cooking/configs/cooking_inv/configs/pies/pies.obj
redberry_seed_2,,,scripts/_unpack/377/all.obj
redberry_seed_3,,,scripts/_unpack/377/all.obj
redberry_seed_4,,,scripts/_unpack/377/all.obj
redberry_seed_5,,,scripts/_unpack/377/all.obj
redcog,Cog,,scripts/_unpack/377/all.obj
reddye,Red dye,,scripts/_unpack/377/all.obj
redkey,Key,,scripts/_unpack/377/all.obj
reed_hollow,Hollow reed,,scripts/_unpack/377/all.obj
regicide_alchemy,Big book of bangs,,scripts/_unpack/377/all.obj
regicide_alchemy_symbol1,Symbol1,,scripts/_unpack/377/all.obj
regicide_alchemy_symbol2,Symbol2,,scripts/_unpack/377/all.obj
regicide_alchemy_symbol3,Symbol3,,scripts/_unpack/377/all.obj
regicide_alchemy_symbol4,Symbol4,,scripts/_unpack/377/all.obj
regicide_barrel_empty,Barrel,,scripts/_unpack/377/all.obj
regicide_barrel_lid,Barrel bomb,,scripts/_unpack/377/all.obj
regicide_barrel_lid_fused,Barrel bomb,,scripts/_unpack/377/all.obj
regicide_barrel_naphtha,Barrel of naphtha,,scripts/_unpack/377/all.obj
regicide_barrel_naphtha_quicklime_mix,Naphtha mix,,scripts/_unpack/377/all.obj
regicide_barrel_naphtha_sulphar_mix,Naphtha mix,,scripts/_unpack/377/all.obj
regicide_barrel_tar,Barrel of coal-tar,,scripts/_unpack/377/all.obj
regicide_cloth,Cloth,,scripts/_unpack/377/all.obj
regicide_crystal_pendant,Crystal pendant,,scripts/_unpack/377/all.obj
regicide_iorwerth_message,Iorwerths message,,scripts/_unpack/377/all.obj
regicide_quest_kings_summons,King's message,,scripts/_unpack/377/all.obj
regicide_quicklime,Quicklime,,scripts/_unpack/377/all.obj
regicide_quicklime_dust,Pot of quicklime,,scripts/_unpack/377/all.obj
regicide_sulphar,Sulphur,,scripts/_unpack/377/all.obj
regicide_sulphar_dust,Ground sulphur,,scripts/_unpack/377/all.obj
reinit,Sliding button,,scripts/_unpack/377/all.obj
reinitialisation_01,Sliding button,,scripts/_unpack/377/all.obj
reinitialisation_01_inactive,Sliding button,,scripts/_unpack/377/all.obj
reinitialisation_02,Sliding button,,scripts/_unpack/377/all.obj
reinitialisation_02_inactive,Sliding button,,scripts/_unpack/377/all.obj
reinitialisation_03,Sliding button,,scripts/_unpack/377/all.obj
reinitialisation_03_inactive,Sliding button,,scripts/_unpack/377/all.obj
reinitialisation_04,Sliding button,,scripts/_unpack/377/all.obj
reinitialisation_04_inactive,Sliding button,,scripts/_unpack/377/all.obj
reinitialisation_05,Sliding button,,scripts/_unpack/377/all.obj
reinitialisation_05_inactive,Sliding button,,scripts/_unpack/377/all.obj
reinitialisation_06,Sliding button,,scripts/_unpack/377/all.obj
reinitialisation_06_inactive,Sliding button,,scripts/_unpack/377/all.obj
reinitialisation_07,Sliding button,,scripts/_unpack/377/all.obj
reinitialisation_07_inactive,Sliding button,,scripts/_unpack/377/all.obj
reinitialisation_08,Sliding button,,scripts/_unpack/377/all.obj
reinitialisation_08_inactive,Sliding button,,scripts/_unpack/377/all.obj
reinitialisation_09,Sliding button,,scripts/_unpack/377/all.obj
reinitialisation_09_inactive,Sliding button,,scripts/_unpack/377/all.obj
reinitialisation_10,Sliding button,,scripts/_unpack/377/all.obj
reinitialisation_10_inactive,Sliding button,,scripts/_unpack/377/all.obj
reinitialisation_11,Sliding button,,scripts/_unpack/377/all.obj
reinitialisation_11_inactive,Sliding button,,scripts/_unpack/377/all.obj
reinitialisation_12,Sliding button,,scripts/_unpack/377/all.obj
reinitialisation_12_inactive,Sliding button,,scripts/_unpack/377/all.obj
reinitialisation_13,Sliding button,,scripts/_unpack/377/all.obj
reinitialisation_13_inactive,Sliding button,,scripts/_unpack/377/all.obj
reinitialisation_14,Sliding button,,scripts/_unpack/377/all.obj
reinitialisation_14_inactive,Sliding button,,scripts/_unpack/377/all.obj
reinitialisation_15,Sliding button,,scripts/_unpack/377/all.obj
reinitialisation_15_inactive,Sliding button,,scripts/_unpack/377/all.obj
reinitialisation_16,Sliding button,,scripts/_unpack/377/all.obj
reinitialisation_16_inactive,Sliding button,,scripts/_unpack/377/all.obj
reinitialisation_17,Sliding button,,scripts/_unpack/377/all.obj
reinitialisation_17_inactive,Sliding button,,scripts/_unpack/377/all.obj
reinitialisation_18,Sliding button,,scripts/_unpack/377/all.obj
reinitialisation_18_inactive,Sliding button,,scripts/_unpack/377/all.obj
reinitialisation_19,Sliding button,,scripts/_unpack/377/all.obj
reinitialisation_19_inactive,Sliding button,,scripts/_unpack/377/all.obj
reinitialisation_20,Sliding button,,scripts/_unpack/377/all.obj
reinitialisation_20_inactive,Sliding button,,scripts/_unpack/377/all.obj
reinitialisation_21,Sliding button,,scripts/_unpack/377/all.obj
reinitialisation_21_inactive,Sliding button,,scripts/_unpack/377/all.obj
reinitialisation_22,Sliding button,,scripts/_unpack/377/all.obj
reinitialisation_22_inactive,Sliding button,,scripts/_unpack/377/all.obj
reinitialisation_23,Sliding button,,scripts/_unpack/377/all.obj
reinitialisation_23_inactive,Sliding button,,scripts/_unpack/377/all.obj
reinitialisation_24,Sliding button,,scripts/_unpack/377/all.obj
reinitialisation_24_inactive,Sliding button,,scripts/_unpack/377/all.obj
relicpart1,Relic part 1,,scripts/_unpack/377/all.obj
relicpart2,Relic part 2,,scripts/_unpack/377/all.obj
relicpart3,Relic part 3,,scripts/_unpack/377/all.obj
relicyms_balm1,Relicym's balm(1),,scripts/_unpack/377/all.obj
relicyms_balm2,Relicym's balm(2),,scripts/_unpack/377/all.obj
relicyms_balm3,Relicym's balm(3),,scripts/_unpack/377/all.obj
relicyms_balm4,Relicym's balm(4),,scripts/_unpack/377/all.obj
research_notes,Notes,,scripts/quests/quest_runemysteries/configs/quest_runemysteries.obj
research_package,Research package,,scripts/quests/quest_runemysteries/configs/quest_runemysteries.obj
ring_mould,Ring mould,,scripts/_unpack/377/all.obj
ring_of_charos,Ring of charos,,scripts/_unpack/377/all.obj
ring_of_charos_unlocked,Ring of charos(u),,scripts/_unpack/377/all.obj
ring_of_dueling_1,Ring of dueling(1),,scripts/_unpack/377/all.obj
ring_of_dueling_2,Ring of dueling(2),,scripts/_unpack/377/all.obj
ring_of_dueling_3,Ring of dueling(3),,scripts/_unpack/377/all.obj
ring_of_dueling_4,Ring of dueling(4),,scripts/_unpack/377/all.obj
ring_of_dueling_5,Ring of dueling(5),,scripts/_unpack/377/all.obj
ring_of_dueling_6,Ring of dueling(6),,scripts/_unpack/377/all.obj
ring_of_dueling_7,Ring of dueling(7),,scripts/_unpack/377/all.obj
ring_of_dueling_8,Ring of dueling(8),,scripts/_unpack/377/all.obj
ring_of_forging,Ring of forging,,scripts/_unpack/377/all.obj
ring_of_life,Ring of life,,scripts/_unpack/377/all.obj
ring_of_recoil,Ring of recoil,,scripts/_unpack/377/all.obj
ring_of_wealth,Ring of wealth,,scripts/_unpack/377/all.obj
robinhoodhat,Robin hood hat,,scripts/_unpack/377/all.obj
rock,Rock,,scripts/_unpack/377/all.obj
rock_sample1,Rock sample 1,,scripts/_unpack/377/all.obj
rock_sample2,Rock sample 2,,scripts/_unpack/377/all.obj
rock_sample3,Rock sample 3,,scripts/_unpack/377/all.obj
rockcake,Rock cake,,scripts/_unpack/377/all.obj
rockpick,Rock pick,,scripts/_unpack/377/all.obj
rogues_purse,Rogue's purse,,scripts/_unpack/377/all.obj
rogues_purse_sol,Unfinished potion,,scripts/_unpack/377/all.obj
roguesden_body,Rogue top,,scripts/_unpack/377/all.obj
roguesden_boots,Rogue boots,,scripts/_unpack/377/all.obj
roguesden_flash_powder,Flash powder,,scripts/_unpack/377/all.obj
roguesden_gear1,Gear,,scripts/_unpack/377/all.obj
roguesden_gear2,Gear,,scripts/_unpack/377/all.obj
roguesden_gear3,Gear,,scripts/_unpack/377/all.obj
roguesden_gear4,Gear,,scripts/_unpack/377/all.obj
roguesden_gear5,Gear,,scripts/_unpack/377/all.obj
roguesden_gear6,Gear,,scripts/_unpack/377/all.obj
roguesden_gem,Mystic jewel,,scripts/_unpack/377/all.obj
roguesden_gloves,Rogue gloves,,scripts/_unpack/377/all.obj
roguesden_helm,Rogue mask,,scripts/_unpack/377/all.obj
roguesden_kit,Rogue kit,,scripts/_unpack/377/all.obj
roguesden_legs,Rogue trousers,,scripts/_unpack/377/all.obj
roguesden_puzzle_mosaic_tile1,Tile,,scripts/_unpack/377/all.obj
roguesden_puzzle_mosaic_tile2,Tiles,,scripts/_unpack/377/all.obj
roguesden_puzzle_mosaic_tile3,Tiles,,scripts/_unpack/377/all.obj
roguesden_puzzle_mosaic_tile4,Tiles,,scripts/_unpack/377/all.obj
roguesden_puzzle_rotation,Dial,,scripts/_unpack/377/all.obj
roguesden_stethoscope,Stethoscope,,scripts/_unpack/377/all.obj
roguetrader_airrune,Air rune,,scripts/_unpack/377/all.obj
roguetrader_bj_assault_maple,Maple blackjack(a),,scripts/_unpack/377/all.obj
roguetrader_bj_assault_oak,Oak blackjack(a),,scripts/_unpack/377/all.obj
roguetrader_bj_assault_willow,Willow blackjack(a),,scripts/_unpack/377/all.obj
roguetrader_bj_defend_maple,Maple blackjack(d),,scripts/_unpack/377/all.obj
roguetrader_bj_defend_oak,Oak blackjack(d),,scripts/_unpack/377/all.obj
roguetrader_bj_defend_willow,Willow blackjack(d),,scripts/_unpack/377/all.obj
roguetrader_bj_maple,Maple blackjack,,scripts/_unpack/377/all.obj
roguetrader_bodyrune,Body rune,,scripts/_unpack/377/all.obj
roguetrader_carpetsller_legs,Desert robes,,scripts/_unpack/377/all.obj
roguetrader_carpetsller_legs2,Desert legs,,scripts/_unpack/377/all.obj
roguetrader_carpetsller_top,Desert top,,scripts/_unpack/377/all.obj
roguetrader_carpetsller_top2,Desert top,,scripts/_unpack/377/all.obj
roguetrader_chaosrune,Chaos rune,,scripts/_unpack/377/all.obj
roguetrader_deathrune,Death rune,,scripts/_unpack/377/all.obj
roguetrader_earthrune,Earth rune,,scripts/_unpack/377/all.obj
roguetrader_fez_hat,Fez,,scripts/_unpack/377/all.obj
roguetrader_firerune,Fire rune,,scripts/_unpack/377/all.obj
roguetrader_lawrune,Law rune,,scripts/_unpack/377/all.obj
roguetrader_menaphite_hat,Menap headgear,,scripts/_unpack/377/all.obj
roguetrader_menaphite_hat_red,Menap headgear,,scripts/_unpack/377/all.obj
roguetrader_menaphite_legs,Menaphite robe,,scripts/_unpack/377/all.obj
roguetrader_menaphite_legs2,Menap action kilt,,scripts/_unpack/377/all.obj
roguetrader_menaphite_legs_red,Menaphite robe,,scripts/_unpack/377/all.obj
roguetrader_menaphite_legs_red2,Menap action kilt,,scripts/_unpack/377/all.obj
roguetrader_menaphite_top,Menaphite top,,scripts/_unpack/377/all.obj
roguetrader_menaphite_top_red,Menaphite top,,scripts/_unpack/377/all.obj
roguetrader_mindrune,Mind rune,,scripts/_unpack/377/all.obj
roguetrader_waterrune,Water rune,,scripts/_unpack/377/all.obj
roll,Roll,,scripts/_unpack/377/all.obj
romeo_juliet_pew,,,scripts/_unpack/377/all.obj
rooftile,Tile,,scripts/_unpack/377/all.obj
rope,Rope,,scripts/_unpack/377/all.obj
rose_seed_pink_2,,,scripts/_unpack/377/all.obj
rose_seed_pink_3,,,scripts/_unpack/377/all.obj
rose_seed_pink_4,,,scripts/_unpack/377/all.obj
rose_seed_pink_5,,,scripts/_unpack/377/all.obj
rose_seed_red_2,,,scripts/_unpack/377/all.obj
rose_seed_red_3,,,scripts/_unpack/377/all.obj
rose_seed_red_4,,,scripts/_unpack/377/all.obj
rose_seed_red_5,,,scripts/_unpack/377/all.obj
rose_seed_white_2,,,scripts/_unpack/377/all.obj
rose_seed_white_3,,,scripts/_unpack/377/all.obj
rose_seed_white_4,,,scripts/_unpack/377/all.obj
rose_seed_white_5,,,scripts/_unpack/377/all.obj
rosemary,Rosemary,,scripts/_unpack/377/all.obj
rosemary_seed,Rosemary seed,,scripts/_unpack/377/all.obj
rosemary_seed_2,,,scripts/_unpack/377/all.obj
rosemary_seed_3,,,scripts/_unpack/377/all.obj
rosemary_seed_4,,,scripts/_unpack/377/all.obj
rosemary_seed_5,,,scripts/_unpack/377/all.obj
rotten_food,Rotten food,,scripts/_unpack/377/all.obj
rotten_potato,Black spear(s),black_spear_p++,scripts/_unpack/377/all.obj
rotten_tomato,Rotten tomato,,scripts/_unpack/377/all.obj
rottenapples,Rotten apple,,scripts/skill_cooking/configs/cooking_generic/cooking.obj
roving_cadarn_book,Cadarn lineage,,scripts/_unpack/377/all.obj
roving_crystal_book,Crystal of seren,,scripts/_unpack/377/all.obj
roving_crystal_bow_100,Crystal bow 1/10,,scripts/_unpack/377/all.obj
roving_crystal_bow_1000,Crystal bow full,,scripts/_unpack/377/all.obj
roving_crystal_bow_200,Crystal bow 2/10,,scripts/_unpack/377/all.obj
roving_crystal_bow_300,Crystal bow 3/10,,scripts/_unpack/377/all.obj
roving_crystal_bow_400,Crystal bow 4/10,,scripts/_unpack/377/all.obj
roving_crystal_bow_500,Crystal bow 5/10,,scripts/_unpack/377/all.obj
roving_crystal_bow_600,Crystal bow 6/10,,scripts/_unpack/377/all.obj
roving_crystal_bow_700,Crystal bow 7/10,,scripts/_unpack/377/all.obj
roving_crystal_bow_800,Crystal bow 8/10,,scripts/_unpack/377/all.obj
roving_crystal_bow_900,Crystal bow 9/10,,scripts/_unpack/377/all.obj
roving_crystal_bow_new,New crystal bow,,scripts/_unpack/377/all.obj
roving_crystal_shield_100,Crystal shield 1/10,,scripts/_unpack/377/all.obj
roving_crystal_shield_1000,Crystal shield full,,scripts/_unpack/377/all.obj
roving_crystal_shield_200,Crystal shield 2/10,,scripts/_unpack/377/all.obj
roving_crystal_shield_300,Crystal shield 3/10,,scripts/_unpack/377/all.obj
roving_crystal_shield_400,Crystal shield 4/10,,scripts/_unpack/377/all.obj
roving_crystal_shield_500,Crystal shield 5/10,,scripts/_unpack/377/all.obj
roving_crystal_shield_600,Crystal shield 6/10,,scripts/_unpack/377/all.obj
roving_crystal_shield_700,Crystal shield 7/10,,scripts/_unpack/377/all.obj
roving_crystal_shield_800,Crystal shield 8/10,,scripts/_unpack/377/all.obj
roving_crystal_shield_900,Crystal shield 9/10,,scripts/_unpack/377/all.obj
roving_crystal_shield_new,New crystal shield,,scripts/_unpack/377/all.obj
roving_elf_crystal,Elf crystal,,scripts/_unpack/377/all.obj
roving_new_consecration_seed,Consecration seed,,scripts/_unpack/377/all.obj
roving_old_consecration_seed,Consecration seed,,scripts/_unpack/377/all.obj
rubber_chicken,Rubber chicken,,scripts/_unpack/377/all.obj
rubber_tube,Rubber tube,,scripts/_unpack/377/all.obj
ruby,Ruby,,scripts/_unpack/377/all.obj
ruby_necklace,Ruby necklace,,scripts/_unpack/377/all.obj
ruby_ring,Ruby ring,,scripts/_unpack/377/all.obj
ruined_chompy,Ruined chompy,,scripts/_unpack/377/all.obj
rune_2h_sword,Rune 2h sword,,scripts/_unpack/377/all.obj
rune_armoured_boots,Rune boots,,scripts/_unpack/377/all.obj
rune_arrow,Rune arrow,,scripts/_unpack/377/all.obj
rune_arrow_2,,,scripts/_unpack/377/all.obj
rune_arrow_3,,,scripts/_unpack/377/all.obj
rune_arrow_4,,,scripts/_unpack/377/all.obj
rune_arrow_5,,,scripts/_unpack/377/all.obj
rune_arrow_p,Rune arrow(p),,scripts/_unpack/377/all.obj
rune_arrow_p_2,,,scripts/_unpack/377/all.obj
rune_arrow_p_3,,,scripts/_unpack/377/all.obj
rune_arrow_p_4,,,scripts/_unpack/377/all.obj
rune_arrow_p_5,,,scripts/_unpack/377/all.obj
rune_arrowheads,Rune arrowtips,,scripts/_unpack/377/all.obj
rune_axe,Rune axe,,scripts/skill_woodcutting/configs/axes/axes.obj
rune_battleaxe,Rune battleaxe,,scripts/_unpack/377/all.obj
rune_chainbody,Rune chainbody,,scripts/_unpack/377/all.obj
rune_claws,Rune claws,,scripts/skill_combat/configs/melee/claws.obj
rune_dagger,Rune dagger,,scripts/_unpack/377/all.obj
rune_dagger_p,Rune dagger(p),,scripts/_unpack/377/all.obj
rune_dart,Rune dart,,scripts/_unpack/377/all.obj
rune_dart_p,Rune dart(p),,scripts/_unpack/377/all.obj
rune_dart_tip,Rune dart tip,,scripts/_unpack/377/all.obj
rune_dust,Rune dust,,scripts/_unpack/377/all.obj
rune_full_helm,Rune full helm,,scripts/_unpack/377/all.obj
rune_full_helm_gold,Rune full helm (g),,scripts/_unpack/377/all.obj
rune_full_helm_goldplate,Gilded full helm,,scripts/_unpack/377/all.obj
rune_full_helm_guthix,Guthix full helm,,scripts/_unpack/377/all.obj
rune_full_helm_saradomin,Saradomin full,,scripts/_unpack/377/all.obj
rune_full_helm_trim,Rune full helm (t),,scripts/_unpack/377/all.obj
rune_full_helm_zamorak,Zamorak full helm,,scripts/_unpack/377/all.obj
rune_halberd,Rune halberd,,scripts/_unpack/377/all.obj
rune_heraldic_kiteshield1,Rune kiteshield(h),,scripts/_unpack/377/all.obj
rune_heraldic_kiteshield2,Rune kiteshield(h),,scripts/_unpack/377/all.obj
rune_heraldic_kiteshield3,Rune kiteshield(h),,scripts/_unpack/377/all.obj
rune_heraldic_kiteshield4,Rune kiteshield(h),,scripts/_unpack/377/all.obj
rune_heraldic_kiteshield5,Rune kiteshield(h),,scripts/_unpack/377/all.obj
rune_javelin,Rune javelin,,scripts/_unpack/377/all.obj
rune_javelin_p,Rune javelin(p),,scripts/_unpack/377/all.obj
rune_kiteshield,Rune kiteshield,,scripts/_unpack/377/all.obj
rune_kiteshield_gold,Rune kiteshield (g),,scripts/_unpack/377/all.obj
rune_kiteshield_goldplate,Gilded kiteshield,,scripts/_unpack/377/all.obj
rune_kiteshield_guthix,Guthix kiteshield,,scripts/_unpack/377/all.obj
rune_kiteshield_saradomin,Saradomin kite,,scripts/_unpack/377/all.obj
rune_kiteshield_trim,Rune kiteshield (t),,scripts/_unpack/377/all.obj
rune_kiteshield_zamorak,Zamorak kiteshield,,scripts/_unpack/377/all.obj
rune_knife,Rune knife,,scripts/_unpack/377/all.obj
rune_knife_p,Rune knife(p),,scripts/_unpack/377/all.obj
rune_litarrow,Rune fire arrows,,scripts/_unpack/377/all.obj
rune_longsword,Rune longsword,,scripts/_unpack/377/all.obj
rune_mace,Rune mace,,scripts/_unpack/377/all.obj
rune_med_helm,Rune med helm,,scripts/_unpack/377/all.obj
rune_pickaxe,Rune pickaxe,,scripts/_unpack/377/all.obj
rune_platebody,Rune platebody,,scripts/_unpack/377/all.obj
rune_platebody_gold,Rune platebody (g),,scripts/_unpack/377/all.obj
rune_platebody_goldplate,Gilded platebody,,scripts/_unpack/377/all.obj
rune_platebody_guthix,Guthix platebody,,scripts/_unpack/377/all.obj
rune_platebody_saradomin,Saradomin plate,,scripts/_unpack/377/all.obj
rune_platebody_trim,Rune platebody (t),,scripts/_unpack/377/all.obj
rune_platebody_zamorak,Zamorak platebody,,scripts/_unpack/377/all.obj
rune_platelegs,Rune platelegs,,scripts/_unpack/377/all.obj
rune_platelegs_gold,Rune platelegs (g),,scripts/_unpack/377/all.obj
rune_platelegs_goldplate,Gilded platelegs,,scripts/_unpack/377/all.obj
rune_platelegs_guthix,Guthix platelegs,,scripts/_unpack/377/all.obj
rune_platelegs_saradomin,Saradomin legs,,scripts/_unpack/377/all.obj
rune_platelegs_trim,Rune platelegs (t),,scripts/_unpack/377/all.obj
rune_platelegs_zamorak,Zamorak platelegs,,scripts/_unpack/377/all.obj
rune_plateskirt,Rune plateskirt,,scripts/_unpack/377/all.obj
rune_plateskirt_gold,Rune plateskirt (g),,scripts/_unpack/377/all.obj
rune_plateskirt_goldplate,Gilded plateskirt,,scripts/_unpack/377/all.obj
rune_plateskirt_guthix,Guthix plateskirt,,scripts/_unpack/377/all.obj
rune_plateskirt_saradomin,Saradomin skirt,,scripts/_unpack/377/all.obj
rune_plateskirt_trim,Rune plateskirt (t),,scripts/_unpack/377/all.obj
rune_plateskirt_zamorak,Zamorak plateskirt,,scripts/_unpack/377/all.obj
rune_scimitar,Rune scimitar,,scripts/_unpack/377/all.obj
rune_shards,Rune shards,,scripts/_unpack/377/all.obj
rune_spear,Rune spear,,scripts/_unpack/377/all.obj
rune_spear_p,Rune spear(p),,scripts/_unpack/377/all.obj
rune_sq_shield,Rune sq shield,,scripts/_unpack/377/all.obj
rune_sword,Rune sword,,scripts/_unpack/377/all.obj
rune_thrownaxe,Rune thrownaxe,,scripts/_unpack/377/all.obj
rune_unlitarrow,Rune fire arrows,,scripts/_unpack/377/all.obj
rune_warhammer,Rune warhammer,,scripts/_unpack/377/all.obj
runite_bar,Runite bar,,scripts/_unpack/377/all.obj
runite_ore,Runite ore,,scripts/_unpack/377/all.obj
sack_cabbage_1,Cabbages(1),,scripts/_unpack/377/all.obj
sack_cabbage_10,Cabbages(10),,scripts/_unpack/377/all.obj
sack_cabbage_2,Cabbages(2),,scripts/_unpack/377/all.obj
sack_cabbage_3,Cabbages(3),,scripts/_unpack/377/all.obj
sack_cabbage_4,Cabbages(4),,scripts/_unpack/377/all.obj
sack_cabbage_5,Cabbages(5),,scripts/_unpack/377/all.obj
sack_cabbage_6,Cabbages(6),,scripts/_unpack/377/all.obj
sack_cabbage_7,Cabbages(7),,scripts/_unpack/377/all.obj
sack_cabbage_8,Cabbages(8),,scripts/_unpack/377/all.obj
sack_cabbage_9,Cabbages(9),,scripts/_unpack/377/all.obj
sack_empty,Empty sack,,scripts/_unpack/377/all.obj
sack_onion_1,Onions(1),,scripts/_unpack/377/all.obj
sack_onion_10,Onions(10),,scripts/_unpack/377/all.obj
sack_onion_2,Onions(2),,scripts/_unpack/377/all.obj
sack_onion_3,Onions(3),,scripts/_unpack/377/all.obj
sack_onion_4,Onions(4),,scripts/_unpack/377/all.obj
sack_onion_5,Onions(5),,scripts/_unpack/377/all.obj
sack_onion_6,Onions(6),,scripts/_unpack/377/all.obj
sack_onion_7,Onions(7),,scripts/_unpack/377/all.obj
sack_onion_8,Onions(8),,scripts/_unpack/377/all.obj
sack_onion_9,Onions(9),,scripts/_unpack/377/all.obj
sack_potato_1,Potatoes(1),,scripts/_unpack/377/all.obj
sack_potato_10,Potatoes(10),,scripts/_unpack/377/all.obj
sack_potato_2,Potatoes(2),,scripts/_unpack/377/all.obj
sack_potato_3,Potatoes(3),,scripts/_unpack/377/all.obj
sack_potato_4,Potatoes(4),,scripts/_unpack/377/all.obj
sack_potato_5,Potatoes(5),,scripts/_unpack/377/all.obj
sack_potato_6,Potatoes(6),,scripts/_unpack/377/all.obj
sack_potato_7,Potatoes(7),,scripts/_unpack/377/all.obj
sack_potato_8,Potatoes(8),,scripts/_unpack/377/all.obj
sack_potato_9,Potatoes(9),,scripts/_unpack/377/all.obj
sacred_oil1,Sacred oil(1),,scripts/_unpack/377/all.obj
sacred_oil2,Sacred oil(2),,scripts/_unpack/377/all.obj
sacred_oil3,Sacred oil(3),,scripts/_unpack/377/all.obj
sacred_oil4,Sacred oil(4),,scripts/_unpack/377/all.obj
salmon,Salmon,,scripts/_unpack/377/all.obj
santa_hat,Santa hat,,scripts/_unpack/377/all.obj
sapphire,Sapphire,,scripts/_unpack/377/all.obj
sapphire_necklace,Sapphire necklace,,scripts/_unpack/377/all.obj
sapphire_ring,Sapphire ring,,scripts/_unpack/377/all.obj
saradomin_cape,Saradomin cape,,scripts/_unpack/377/all.obj
saradomin_staff,Saradomin staff,,scripts/_unpack/377/all.obj
saradominbook_complete,Holy book,,scripts/_unpack/377/all.obj
sardine,Sardine,,scripts/_unpack/377/all.obj
scarecrow_complete,Scarecrow,,scripts/_unpack/377/all.obj
scarecrow_torso,Hay sack,,scripts/_unpack/377/all.obj
scarecrow_torso_spear,Hay sack,,scripts/_unpack/377/all.obj
scorpioncagea,Scorpion cage,,scripts/_unpack/377/all.obj
scorpioncageab,Scorpion cage,,scripts/_unpack/377/all.obj
scorpioncageac,Scorpion cage,,scripts/_unpack/377/all.obj
scorpioncageb,Scorpion cage,,scripts/_unpack/377/all.obj
scorpioncagebc,Scorpion cage,,scripts/_unpack/377/all.obj
scorpioncagec,Scorpion cage,,scripts/_unpack/377/all.obj
scorpioncageempty,Scorpion cage,,scripts/_unpack/377/all.obj
scorpioncagefull,Scorpion cage,,scripts/_unpack/377/all.obj
scrawled_note1,Scrawled note,,scripts/_unpack/377/all.obj
scrawled_note2,A scribbled note,,scripts/_unpack/377/all.obj
scrawled_note3,Scrumpled note,,scripts/_unpack/377/all.obj
scruffy_note,A scruffy note,,scripts/_unpack/377/all.obj
scrying_orb_empty,Scrying orb,,scripts/_unpack/377/all.obj
scrying_orb_full,Scrying orb,,scripts/_unpack/377/all.obj
scythe,Scythe,,scripts/_unpack/377/all.obj
seasluginv,Sea slug,,scripts/_unpack/377/all.obj
seasoned_sardine,Seasoned sardine,,scripts/_unpack/377/all.obj
seasoned_toads_legs,Seasoned legs,,scripts/skill_cooking/configs/gnome_cooking/gnome_cooking.obj
seaturtle,Sea turtle,,scripts/_unpack/377/all.obj
seaweed,Seaweed,,scripts/_unpack/377/all.obj
seaweed_fishfood_box,Seaweed in a box,,scripts/_unpack/377/all.obj
secateurs,Secateurs,,scripts/_unpack/377/all.obj
secret_ghost_boots,Ghostly boots,,scripts/_unpack/377/all.obj
secret_ghost_bottom,Ghostly robe,,scripts/_unpack/377/all.obj
secret_ghost_cloak,Ghostly cloak,,scripts/_unpack/377/all.obj
secret_ghost_gloves,Ghostly gloves,,scripts/_unpack/377/all.obj
secret_ghost_hat,Ghostly hood,,scripts/_unpack/377/all.obj
secret_ghost_top,Ghostly robe,,scripts/_unpack/377/all.obj
seeds_skillguide,Seeds,,scripts/_unpack/377/all.obj
seer_ring,Seers ring,,scripts/_unpack/377/all.obj
serum_book,Diary,,scripts/_unpack/377/all.obj
sgg,Short green guy,,scripts/skill_cooking/configs/gnome_cooking/cocktails.obj
shade_bones1,Loar remains,,scripts/_unpack/377/all.obj
shade_bones2,Phrin remains,,scripts/_unpack/377/all.obj
shade_bones3,Riyl remains,,scripts/_unpack/377/all.obj
shade_bones4,Asyn remains,,scripts/_unpack/377/all.obj
shade_bones5,Fiyr remains,,scripts/_unpack/377/all.obj
shadekey_black_black,Black key black,,scripts/_unpack/377/all.obj
shadekey_black_bloodred,Black key red,,scripts/_unpack/377/all.obj
shadekey_black_brown,Black key brown,,scripts/_unpack/377/all.obj
shadekey_black_crimson,Black key crimson,,scripts/_unpack/377/all.obj
shadekey_black_purple,Black key purple,,scripts/_unpack/377/all.obj
shadekey_bronze_black,Bronze key black,,scripts/_unpack/377/all.obj
shadekey_bronze_bloodred,Bronze key red,,scripts/_unpack/377/all.obj
shadekey_bronze_brown,Bronze key brown,,scripts/_unpack/377/all.obj
shadekey_bronze_crimson,Bronze key crimson,,scripts/_unpack/377/all.obj
shadekey_bronze_purple,Bronze key purple,,scripts/_unpack/377/all.obj
shadekey_silver_black,Silver key black,,scripts/_unpack/377/all.obj
shadekey_silver_bloodred,Silver key red,,scripts/_unpack/377/all.obj
shadekey_silver_brown,Silver key brown,,scripts/_unpack/377/all.obj
shadekey_silver_crimson,Silver key crimson,,scripts/_unpack/377/all.obj
shadekey_silver_purple,Silver key purple,,scripts/_unpack/377/all.obj
shadekey_steel_black,Steel key black,,scripts/_unpack/377/all.obj
shadekey_steel_bloodred,Steel key red,,scripts/_unpack/377/all.obj
shadekey_steel_brown,Steel key brown,,scripts/_unpack/377/all.obj
shadekey_steel_crimson,Steel key crimson,,scripts/_unpack/377/all.obj
shadekey_steel_purple,Steel key purple,,scripts/_unpack/377/all.obj
shaman_robe,Shaman robe,,scripts/_unpack/377/all.obj
shamans_tome,Shamans tome,,scripts/_unpack/377/all.obj
shantay_pass,Shantay pass,,scripts/_unpack/377/all.obj
shark,Shark,,scripts/_unpack/377/all.obj
shears,Shears,,scripts/_unpack/377/all.obj
sheepbonesa,Sheep bones (1),,scripts/_unpack/377/all.obj
sheepbonesb,Sheep bones (2),,scripts/_unpack/377/all.obj
sheepbonesc,Sheep bones (3),,scripts/_unpack/377/all.obj
sheepbonesd,Sheep bones (4),,scripts/_unpack/377/all.obj
shellpoint_blue,Blamish blue shell,,scripts/_unpack/377/all.obj
shellpoint_swamp,Blamish myre shell,,scripts/_unpack/377/all.obj
shellpoint_yellow,Blamish ochre shell,,scripts/_unpack/377/all.obj
shellround_blue,Blamish blue shell,,scripts/_unpack/377/all.obj
shellround_orange,Blamish bark shell,,scripts/_unpack/377/all.obj
shellround_swamp,Blamish myre shell,,scripts/_unpack/377/all.obj
shellround_yellow,Blamish ochre shell,,scripts/_unpack/377/all.obj
shiloshipticket,Ship ticket,,scripts/_unpack/377/all.obj
shortbow,Shortbow,,scripts/_unpack/377/all.obj
shrimp,Shrimps,,scripts/_unpack/377/all.obj
sickle_mould,Sickle mould,,scripts/_unpack/377/all.obj
silk,Silk,,scripts/_unpack/377/all.obj
silver_bar,Silver bar,,scripts/_unpack/377/all.obj
silver_dust,Silver dust,,scripts/_unpack/377/all.obj
silver_ore,Silver ore,,scripts/_unpack/377/all.obj
silver_sickle,Silver sickle,,scripts/_unpack/377/all.obj
silver_sickle_blessed,Silver sickle(b),,scripts/_unpack/377/all.obj
silverlight,Silverlight,,scripts/_unpack/377/all.obj
silverlight_key_1,Key,,scripts/_unpack/377/all.obj
silverlight_key_2,Key,,scripts/_unpack/377/all.obj
silverlight_key_3,Key,,scripts/_unpack/377/all.obj
sinister_key,Sinister key,,scripts/_unpack/377/all.obj
sito_foil,Sito foil,,scripts/_unpack/377/all.obj
skavidmap,Skavid map,,scripts/_unpack/377/all.obj
skinpaste,Paste,,scripts/_unpack/377/all.obj
skull,Skull,,scripts/_unpack/377/all.obj
slave_boots,Slave boots,,scripts/_unpack/377/all.obj
slave_robe,Slave robe,,scripts/_unpack/377/all.obj
slave_shirt,Slave shirt,,scripts/_unpack/377/all.obj
slayer_bag_of_salt,Bag of salt,,scripts/_unpack/377/all.obj
slayer_boots,Slayer boots,,scripts/_unpack/377/all.obj
slayer_broad_arrows,Broad arrows,,scripts/_unpack/377/all.obj
slayer_broad_arrows_2,Broad arrows,,scripts/_unpack/377/all.obj
slayer_broad_arrows_3,Broad arrows,,scripts/_unpack/377/all.obj
slayer_broad_arrows_4,Broad arrows,,scripts/_unpack/377/all.obj
slayer_broad_arrows_5,Broad arrows,,scripts/_unpack/377/all.obj
slayer_buglan_off,Unlit bug lantern,,scripts/_unpack/377/all.obj
slayer_buglan_on,Tuna and corn,bowl_tuna+sweetcorn,scripts/_unpack/377/all.obj
slayer_earmuffs,Earmuffs,,scripts/_unpack/377/all.obj
slayer_facemask,Facemask,,scripts/_unpack/377/all.obj
slayer_fungicide,Fungicide,,scripts/_unpack/377/all.obj
slayer_gem,Enchanted gem,,scripts/_unpack/377/all.obj
slayer_icy_water,Ice cooler,,scripts/_unpack/377/all.obj
slayer_leafbladed_spear,Leaf-bladed spear,,scripts/_unpack/377/all.obj
slayer_mirror_shield,Mirror shield,,scripts/_unpack/377/all.obj
slayer_nosepeg,Nose peg,,scripts/_unpack/377/all.obj
slayer_rock_hammer,Rock hammer,,scripts/_unpack/377/all.obj
slayer_spray_pump_0,Fungicide spray 0,,scripts/_unpack/377/all.obj
slayer_spray_pump_1,Fungicide spray 1,,scripts/_unpack/377/all.obj
slayer_spray_pump_10,Fungicide spray 10,,scripts/_unpack/377/all.obj
slayer_spray_pump_2,Fungicide spray 2,,scripts/_unpack/377/all.obj
slayer_spray_pump_3,Fungicide spray 3,,scripts/_unpack/377/all.obj
slayer_spray_pump_4,Fungicide spray 4,,scripts/_unpack/377/all.obj
slayer_spray_pump_5,Fungicide spray 5,,scripts/_unpack/377/all.obj
slayer_spray_pump_6,Fungicide spray 6,,scripts/_unpack/377/all.obj
slayer_spray_pump_7,Fungicide spray 7,,scripts/_unpack/377/all.obj
slayer_spray_pump_8,Fungicide spray 8,,scripts/_unpack/377/all.obj
slayer_spray_pump_9,Fungicide spray 9,,scripts/_unpack/377/all.obj
slayer_staff,Slayer's staff,,scripts/_unpack/377/all.obj
slayer_zygomite_object,Mutated zygomite,,scripts/_unpack/377/all.obj
slayerguide_aberrantspecter,Aberrant specter,,scripts/_unpack/377/all.obj
slayerguide_abyssaldemon,Abyssal demon,,scripts/_unpack/377/all.obj
slayerguide_banshee,Banshee,,scripts/_unpack/377/all.obj
slayerguide_basilisk,Basilisk,,scripts/_unpack/377/all.obj
slayerguide_bloodveld,Bloodveld,,scripts/_unpack/377/all.obj
slayerguide_broad_arrows,Broad arrows,,scripts/_unpack/377/all.obj
slayerguide_cavecrawler,Cave crawler,,scripts/_unpack/377/all.obj
slayerguide_cockatrice,Cockatrice,,scripts/_unpack/377/all.obj
slayerguide_crawlinghand,Crawling hand,,scripts/_unpack/377/all.obj
slayerguide_dark_beast,Dark beast,,scripts/_unpack/377/all.obj
slayerguide_dustdevil,Dust devil,,scripts/_unpack/377/all.obj
slayerguide_fever_spider,Fever spider,,scripts/_unpack/377/all.obj
slayerguide_fishing_explosive,Fishing explosive,,scripts/_unpack/377/all.obj
slayerguide_gargoyle,Gargoyle,,scripts/_unpack/377/all.obj
slayerguide_infernalmage,Infernal mage,,scripts/_unpack/377/all.obj
slayerguide_jelly,Jelly,,scripts/_unpack/377/all.obj
slayerguide_killerwatt,Killerwatt,,scripts/_unpack/377/all.obj
slayerguide_kurask,Kurask,,scripts/_unpack/377/all.obj
slayerguide_lizard,Desert lizard,,scripts/_unpack/377/all.obj
slayerguide_mogre,Mogre,,scripts/_unpack/377/all.obj
slayerguide_nechryael,Nechryael,,scripts/_unpack/377/all.obj
slayerguide_pyrfiend,Pyrefiend,,scripts/_unpack/377/all.obj
slayerguide_rockslug,Rockslug,,scripts/_unpack/377/all.obj
slayerguide_skeletalwyvern,Skeletal wyvern,,scripts/_unpack/377/all.obj
slayerguide_slayer_gloves,Slayer gloves,,scripts/_unpack/377/all.obj
slayerguide_swarm,Swarm,,scripts/_unpack/377/all.obj
slayerguide_turoth,Turoth,,scripts/_unpack/377/all.obj
slayers_respite,Slayer's respite,,scripts/_unpack/377/all.obj
smalloysterpearls,Oyster pearl,,scripts/_unpack/377/all.obj
smashed_glass,Smashed glass,,scripts/_unpack/377/all.obj
smokerune,Smoke rune,,scripts/_unpack/377/all.obj
snail_corpse1,Thin snail,,scripts/_unpack/377/all.obj
snail_corpse2,Lean snail,,scripts/_unpack/377/all.obj
snail_corpse3,Fat snail,,scripts/_unpack/377/all.obj
snail_corpse_cooked1,Thin snail meat,,scripts/_unpack/377/all.obj
snail_corpse_cooked2,Lean snail meat,,scripts/_unpack/377/all.obj
snail_corpse_cooked3,Fat snail meat,,scripts/_unpack/377/all.obj
snake_flute,Snake charm,,scripts/_unpack/377/all.obj
snake_weed,Snake weed,,scripts/_unpack/377/all.obj
snakeskin_bandana,Snakeskin bandana,,scripts/_unpack/377/all.obj
snakeskin_body,Snakeskin body,,scripts/_unpack/377/all.obj
snakeskin_boots,Snakeskin boots,,scripts/_unpack/377/all.obj
snakeskin_chaps,Snakeskin chaps,,scripts/_unpack/377/all.obj
snakeskin_vambraces,Snakeskin v'brace,,scripts/_unpack/377/all.obj
snakeweed_sol,Snakeweed mixture,,scripts/_unpack/377/all.obj
snapdragon,Snapdragon,,scripts/_unpack/377/all.obj
snapdragon_seed,Snapdragon seed,,scripts/_unpack/377/all.obj
snapdragonvial,Unfinished potion,,scripts/_unpack/377/all.obj
snape_grass,Snape grass,,scripts/_unpack/377/all.obj
snelm_point_blue,Bruise blue snelm,,scripts/_unpack/377/all.obj
snelm_point_swamp,Myre snelm,,scripts/_unpack/377/all.obj
snelm_point_yellow,Ochre snelm,,scripts/_unpack/377/all.obj
snelm_round_blue,Bruise blue snelm,,scripts/_unpack/377/all.obj
snelm_round_orange,Broken bark snelm,,scripts/_unpack/377/all.obj
snelm_round_swamp,Myre snelm,,scripts/_unpack/377/all.obj
snelm_round_yellow,Ochre snelm,,scripts/_unpack/377/all.obj
snowdrop_seed_2,,,scripts/_unpack/377/all.obj
snowdrop_seed_3,,,scripts/_unpack/377/all.obj
snowdrop_seed_4,,,scripts/_unpack/377/all.obj
snowdrop_seed_5,,,scripts/_unpack/377/all.obj
soda_ash,Soda ash,,scripts/_unpack/377/all.obj
softclay,Soft clay,,scripts/_unpack/377/all.obj
soul_talisman,Soul talisman,,scripts/skill_runecraft/configs/runecraft.obj
soulbane_anger_axeq,Anger battleaxe,,scripts/_unpack/377/all.obj
soulbane_anger_maceq,Anger mace,,scripts/_unpack/377/all.obj
soulbane_anger_spearq,Anger spear,,scripts/_unpack/377/all.obj
soulbane_anger_swordq,Anger sword,,scripts/_unpack/377/all.obj
soulbane_zaros_spear,Zaros mjolnir,,scripts/_unpack/377/all.obj
soulrune,Soul rune,,scripts/_unpack/377/all.obj
spade,Spade,,scripts/_unpack/377/all.obj
spade_handle,Spade handle,,scripts/_unpack/377/all.obj
spade_head,Spade head,,scripts/_unpack/377/all.obj
specimen_brush,Specimen brush,,scripts/_unpack/377/all.obj
specimen_jar,Specimen jar,,scripts/_unpack/377/all.obj
spicespot,Spice,,scripts/skill_cooking/configs/gnome_cooking/gnome_cooking.obj
spicy_crunchies,Spicy crunchies,,scripts/skill_cooking/configs/gnome_cooking/crunchies.obj
spicy_toads_legs,Spicy toad's legs,,scripts/skill_cooking/configs/gnome_cooking/gnome_cooking.obj
spicy_worm,Spicy worm,,scripts/skill_cooking/configs/gnome_cooking/gnome_cooking.obj
spinach_roll,Spinach roll,,scripts/skill_cooking/configs/cooking_generic/cooking.obj
spinning_plate,Spinning plate,,scripts/_unpack/377/all.obj
spinning_plate_broken,Broken plate,,scripts/_unpack/377/all.obj
spirit_roots,Spirit roots,,scripts/_unpack/377/all.obj
spirit_seed_2,,,scripts/_unpack/377/all.obj
spirit_seed_3,,,scripts/_unpack/377/all.obj
spirit_seed_4,,,scripts/_unpack/377/all.obj
spirit_seed_5,,,scripts/_unpack/377/all.obj
spirit_tree_dummy,Spirit tree,,scripts/_unpack/377/all.obj
spirit_tree_seed,Spirit seed,,scripts/_unpack/377/all.obj
spit_burned_rabbit_meat,Burnt rabbit,,scripts/_unpack/377/all.obj
spit_iron,Iron spit,,scripts/_unpack/377/all.obj
spit_roasted_rabbit_meat,Roast rabbit,,scripts/_unpack/377/all.obj
spit_skewered_chompy,Skewered chompy,,scripts/_unpack/377/all.obj
spit_skewered_rabbit_meat,Skewered rabbit,,scripts/_unpack/377/all.obj
splitbark_body,Splitbark body,,scripts/_unpack/377/all.obj
splitbark_gauntlets,Splitbark gauntlets,,scripts/_unpack/377/all.obj
splitbark_greaves,Splitbark greaves,,scripts/_unpack/377/all.obj
splitbark_helm,Splitbark helm,,scripts/_unpack/377/all.obj
splitbark_legs,Splitbark legs,,scripts/_unpack/377/all.obj
spoilt_batta,Odd batta,,scripts/skill_cooking/configs/gnome_cooking/battas.obj
spoilt_cocktail,Odd cocktail,,scripts/skill_cooking/configs/gnome_cooking/cocktails.obj
spoilt_cocktail_creamy,Odd cocktail,,scripts/skill_cooking/configs/gnome_cooking/cocktails.obj
spoilt_cocktail_fruity,Odd cocktail,,scripts/skill_cooking/configs/gnome_cooking/cocktails.obj
spoilt_cocktail_slice,Odd cocktail,,scripts/skill_cooking/configs/gnome_cooking/cocktails.obj
spoilt_crunchies,Odd crunchies,,scripts/skill_cooking/configs/gnome_cooking/crunchies.obj
spoilt_gnomebowl,Odd gnomebowl,,scripts/skill_cooking/configs/gnome_cooking/gnomebowls.obj
square_sandwich,Square sandwich,,scripts/_unpack/377/all.obj
staff_of_air,Staff of air,,scripts/_unpack/377/all.obj
staff_of_earth,Staff of earth,,scripts/_unpack/377/all.obj
staff_of_fire,Staff of fire,,scripts/_unpack/377/all.obj
staff_of_water,Staff of water,,scripts/_unpack/377/all.obj
staff_of_zaros,Ancient staff,,scripts/_unpack/377/all.obj
stafforb,Unpowered orb,,scripts/_unpack/377/all.obj
stake,Stake,,scripts/_unpack/377/all.obj
steamrune,Steam rune,,scripts/_unpack/377/all.obj
steel_2h_sword,Steel 2h sword,,scripts/_unpack/377/all.obj
steel_armoured_boots,Steel boots,,scripts/_unpack/377/all.obj
steel_arrow,Steel arrow,,scripts/_unpack/377/all.obj
steel_arrow_2,,,scripts/_unpack/377/all.obj
steel_arrow_3,,,scripts/_unpack/377/all.obj
steel_arrow_4,,,scripts/_unpack/377/all.obj
steel_arrow_5,,,scripts/_unpack/377/all.obj
steel_arrow_p,Steel arrow(p),,scripts/_unpack/377/all.obj
steel_arrow_p_2,,,scripts/_unpack/377/all.obj
steel_arrow_p_3,,,scripts/_unpack/377/all.obj
steel_arrow_p_4,,,scripts/_unpack/377/all.obj
steel_arrow_p_5,,,scripts/_unpack/377/all.obj
steel_arrowheads,Steel arrowtips,,scripts/_unpack/377/all.obj
steel_axe,Steel axe,,scripts/skill_woodcutting/configs/axes/axes.obj
steel_bar,Steel bar,,scripts/_unpack/377/all.obj
steel_battleaxe,Steel battleaxe,,scripts/_unpack/377/all.obj
steel_chainbody,Steel chainbody,,scripts/_unpack/377/all.obj
steel_claws,Steel claws,,scripts/skill_combat/configs/melee/claws.obj
steel_dagger,Steel dagger,,scripts/_unpack/377/all.obj
steel_dagger_p,Steel dagger(p),,scripts/_unpack/377/all.obj
steel_dart,Steel dart,,scripts/_unpack/377/all.obj
steel_dart_p,Steel dart(p),,scripts/_unpack/377/all.obj
steel_dart_tip,Steel dart tip,,scripts/_unpack/377/all.obj
steel_full_helm,Steel full helm,,scripts/_unpack/377/all.obj
steel_gauntlets,Steel gauntlets,,scripts/_unpack/377/all.obj
steel_halberd,Steel halberd,,scripts/_unpack/377/all.obj
steel_javelin,Steel javelin,,scripts/_unpack/377/all.obj
steel_javelin_p,Steel javelin(p),,scripts/_unpack/377/all.obj
steel_kiteshield,Steel kiteshield,,scripts/_unpack/377/all.obj
steel_knife,Steel knife,,scripts/_unpack/377/all.obj
steel_knife_p,Steel knife(p),,scripts/_unpack/377/all.obj
steel_litarrow,Steel fire arrows,,scripts/_unpack/377/all.obj
steel_longsword,Steel longsword,,scripts/_unpack/377/all.obj
steel_mace,Steel mace,,scripts/_unpack/377/all.obj
steel_med_helm,Steel med helm,,scripts/_unpack/377/all.obj
steel_pickaxe,Steel pickaxe,,scripts/_unpack/377/all.obj
steel_platebody,Steel platebody,,scripts/_unpack/377/all.obj
steel_platelegs,Steel platelegs,,scripts/_unpack/377/all.obj
steel_plateskirt,Steel plateskirt,,scripts/_unpack/377/all.obj
steel_scimitar,Steel scimitar,,scripts/_unpack/377/all.obj
steel_spear,Steel spear,,scripts/_unpack/377/all.obj
steel_spear_p,Steel spear(p),,scripts/_unpack/377/all.obj
steel_sq_shield,Steel sq shield,,scripts/_unpack/377/all.obj
steel_sword,Steel sword,,scripts/_unpack/377/all.obj
steel_thrownaxe,Steel thrownaxe,,scripts/_unpack/377/all.obj
steel_unlitarrow,Steel fire arrows,,scripts/_unpack/377/all.obj
steel_warhammer,Steel warhammer,,scripts/_unpack/377/all.obj
stew,Stew,,scripts/skill_cooking/configs/cooking_inv/configs/stew/stew.obj
stew1,Incomplete stew,,scripts/skill_cooking/configs/cooking_inv/configs/stew/stew.obj
stew2,Incomplete stew,,scripts/skill_cooking/configs/cooking_inv/configs/stew/stew.obj
stolen_gold,Gold,,scripts/_unpack/377/all.obj
strawberry,Strawberry,,scripts/_unpack/377/all.obj
strawberry_seed,Strawberry seed,,scripts/_unpack/377/all.obj
strawberry_seed_2,,,scripts/_unpack/377/all.obj
strawberry_seed_3,,,scripts/_unpack/377/all.obj
strawberry_seed_4,,,scripts/_unpack/377/all.obj
strawberry_seed_5,,,scripts/_unpack/377/all.obj
strawboater_black,Black boater,,scripts/_unpack/377/all.obj
strawboater_blue,Blue boater,,scripts/_unpack/377/all.obj
strawboater_green,Green boater,,scripts/_unpack/377/all.obj
strawboater_orange,Orange boater,,scripts/_unpack/377/all.obj
strawboater_red,Red boater,,scripts/_unpack/377/all.obj
strength4,Strength potion(4),,scripts/_unpack/377/all.obj
stringsnake,Unpowered symbol,,scripts/_unpack/377/all.obj
stringstar,Unblessed symbol,,scripts/_unpack/377/all.obj
strung_diamond_amulet,Diamond amulet,,scripts/_unpack/377/all.obj
strung_dragonstone_amulet,Dragonstone ammy,,scripts/_unpack/377/all.obj
strung_emerald_amulet,Emerald amulet,,scripts/_unpack/377/all.obj
strung_gold_amulet,Gold amulet,,scripts/_unpack/377/all.obj
strung_onyx_amulet,Onyx amulet,,scripts/_unpack/377/all.obj
strung_ruby_amulet,Ruby amulet,,scripts/_unpack/377/all.obj
strung_sapphire_amulet,Sapphire amulet,,scripts/_unpack/377/all.obj
studded_body,Studded body,,scripts/_unpack/377/all.obj
studded_body_trim_fur,Studded body (t),,scripts/_unpack/377/all.obj
studded_body_trim_gold,Studded body (g),,scripts/_unpack/377/all.obj
studded_chaps,Studded chaps,,scripts/_unpack/377/all.obj
studded_chaps_trim_fur,Studded chaps (t),,scripts/_unpack/377/all.obj
studded_chaps_trim_gold,Studded chaps (g),,scripts/_unpack/377/all.obj
studs,Steel studs,,scripts/_unpack/377/all.obj
sulphuric_broline,Sulphuric broline,,scripts/_unpack/377/all.obj
summer_pie,Summer pie,,scripts/_unpack/377/all.obj
super_kebab,Super kebab,,scripts/_unpack/377/all.obj
supercompost_potion_1,Compost potion(1),,scripts/_unpack/377/all.obj
supercompost_potion_2,Compost potion(2),,scripts/_unpack/377/all.obj
supercompost_potion_3,Compost potion(3),,scripts/_unpack/377/all.obj
supercompost_potion_4,Compost potion(4),,scripts/_unpack/377/all.obj
superhot_kebab_sauce,Red hot sauce,,scripts/_unpack/377/all.obj
swamp_cave_bug,Swamp cave bug,,scripts/_unpack/377/all.obj
swamp_cave_slime,Swamp cave slime,,scripts/_unpack/377/all.obj
swamp_tar,Swamp tar,,scripts/skill_cooking/configs/cooking_generic/cooking.obj
swamp_toad,Swamp toad,,scripts/skill_cooking/configs/gnome_cooking/gnome_cooking.obj
swamp_wallbeast,Swamp wallbeast,,scripts/_unpack/377/all.obj
swamppaste,Swamp paste,,scripts/skill_cooking/configs/cooking_generic/cooking.obj
swamprocks1,Rock,,scripts/_unpack/377/all.obj
swan_army,Bone seeds,,scripts/_unpack/377/all.obj
swan_book,Herman's book,,scripts/_unpack/377/all.obj
swan_monkfish,Fresh monkfish,,scripts/_unpack/377/all.obj
swan_raw_monkfish,Fresh monkfish,,scripts/_unpack/377/all.obj
sweetcorn,Sweetcorn,,scripts/_unpack/377/all.obj
sweetcorn_burnt,Burnt sweetcorn,,scripts/_unpack/377/all.obj
sweetcorn_cooked,Sweetcorn,,scripts/_unpack/377/all.obj
sweetcorn_seed,Sweetcorn seed,,scripts/_unpack/377/all.obj
sweetcorn_seed_2,,,scripts/_unpack/377/all.obj
sweetcorn_seed_3,,,scripts/_unpack/377/all.obj
sweetcorn_seed_4,,,scripts/_unpack/377/all.obj
sweetcorn_seed_5,,,scripts/_unpack/377/all.obj
swordfish,Swordfish,,scripts/_unpack/377/all.obj
tangled_toads_legs,Tangled toad's legs,,scripts/skill_cooking/configs/gnome_cooking/gnomebowls.obj
tarromin,Tarromin,,scripts/skill_herblore/configs/herbs.obj
tarromin_seed,Tarromin seed,,scripts/_unpack/377/all.obj
tarrominvial,Unfinished potion,,scripts/_unpack/377/all.obj
tbw_skewer_stick,Skewer stick,,scripts/_unpack/377/all.obj
tbw_spider_on_shaft_burnt,Spider on shaft,,scripts/_unpack/377/all.obj
tbw_spider_on_shaft_cooked,Spider on shaft,,scripts/_unpack/377/all.obj
tbw_spider_on_shaft_raw,Spider on shaft,,scripts/_unpack/377/all.obj
tbw_spider_on_stick_burnt,Burnt spider,,scripts/_unpack/377/all.obj
tbw_spider_on_stick_cooked,Spider on stick,,scripts/_unpack/377/all.obj
tbw_spider_on_stick_raw,Spider on stick,,scripts/_unpack/377/all.obj
tbw_villager_armband_blue,Villager armband,,scripts/_unpack/377/all.obj
tbw_villager_armband_cream,Villager armband,,scripts/_unpack/377/all.obj
tbw_villager_armband_purple,Villager armband,,scripts/_unpack/377/all.obj
tbw_villager_armband_yellow,Villager armband,,scripts/_unpack/377/all.obj
tbw_villager_hat_blue,Villager hat,,scripts/_unpack/377/all.obj
tbw_villager_hat_cream,Villager hat,,scripts/_unpack/377/all.obj
tbw_villager_hat_purple,Villager hat,,scripts/_unpack/377/all.obj
tbw_villager_hat_yellow,Villager hat,,scripts/_unpack/377/all.obj
tbw_villager_robe_blue,Villager robe,,scripts/_unpack/377/all.obj
tbw_villager_robe_cream,Villager robe,,scripts/_unpack/377/all.obj
tbw_villager_robe_purple,Villager robe,,scripts/_unpack/377/all.obj
tbw_villager_robe_yellow,Villager robe,,scripts/_unpack/377/all.obj
tbw_villager_sandals_blue,Villager sandals,,scripts/_unpack/377/all.obj
tbw_villager_sandals_cream,Villager sandals,,scripts/_unpack/377/all.obj
tbw_villager_sandals_purple,Villager sandals,,scripts/_unpack/377/all.obj
tbw_villager_sandals_yellow,Villager sandals,,scripts/_unpack/377/all.obj
tbw_villager_shirt_blue,Tribal top,,scripts/_unpack/377/all.obj
tbw_villager_shirt_cream,Tribal top,,scripts/_unpack/377/all.obj
tbw_villager_shirt_purple,Tribal top,,scripts/_unpack/377/all.obj
tbw_villager_shirt_yellow,Tribal top,,scripts/_unpack/377/all.obj
tbwt_adamant_spear_kp,Adamant spear(kp),,scripts/_unpack/377/all.obj
tbwt_banana_in_karamja_rum,Karamjan rum,,scripts/_unpack/377/all.obj
tbwt_beast_bones,Shaikahan bones,,scripts/_unpack/377/all.obj
tbwt_black_spear_kp,Black spear(kp),,scripts/_unpack/377/all.obj
tbwt_bronze_spear_kp,Bronze spear(kp),,scripts/_unpack/377/all.obj
tbwt_burnt_jogre_bones,Burnt jogre bones,,scripts/_unpack/377/all.obj
tbwt_burnt_jogre_bones_in_cooked_karambwanji_paste,Pasty jogre bones,,scripts/_unpack/377/all.obj
tbwt_burnt_jogre_bones_in_raw_karambwanji_paste,Pasty jogre bones,,scripts/_unpack/377/all.obj
tbwt_burnt_jogre_bones_marinated_in_karambwanji,Marinated j' bones,,scripts/_unpack/377/all.obj
tbwt_burnt_karambwan,Burnt karambwan,,scripts/_unpack/377/all.obj
tbwt_cleaning_cloth,Cleaning cloth,,scripts/_unpack/377/all.obj
tbwt_cooked_karambwan,Cooked karambwan,,scripts/_unpack/377/all.obj
tbwt_cooked_karambwan_paste,Karambwan paste,,scripts/_unpack/377/all.obj
tbwt_cooked_karambwanji,Karambwanji,,scripts/_unpack/377/all.obj
tbwt_cooked_karambwanji_paste,Karambwanji paste,,scripts/_unpack/377/all.obj
tbwt_crafting_manual,Crafting manual,,scripts/_unpack/377/all.obj
tbwt_dragon_spear_kp,Dragon spear(kp),,scripts/_unpack/377/all.obj
tbwt_iron_spear_kp,Iron spear(kp),,scripts/_unpack/377/all.obj
tbwt_jogre_bones,Jogre bones,,scripts/_unpack/377/all.obj
tbwt_jogre_bones_in_cooked_karambwanji_paste,Pasty jogre bones,,scripts/_unpack/377/all.obj
tbwt_jogre_bones_in_raw_karambwanji_paste,Pasty jogre bones,,scripts/_unpack/377/all.obj
tbwt_jogre_bones_marinated_in_karambwanji,Marinated j' bones,,scripts/_unpack/377/all.obj
tbwt_karambwan_vessel,Karambwan vessel,,scripts/_unpack/377/all.obj
tbwt_karambwan_vessel_loaded_with_karambwanji,Karambwan vessel,,scripts/_unpack/377/all.obj
tbwt_mithril_spear_kp,Mithril spear(kp),,scripts/_unpack/377/all.obj
tbwt_monkey_corpse,Monkey corpse,,scripts/_unpack/377/all.obj
tbwt_monkey_skin,Monkey skin,,scripts/_unpack/377/all.obj
tbwt_poisonous_karambwan_paste,Karambwan paste,,scripts/_unpack/377/all.obj
tbwt_poorly_cooked_karambwan,Cooked karambwan,,scripts/_unpack/377/all.obj
tbwt_raw_karambwan,Raw karambwan,,scripts/_unpack/377/all.obj
tbwt_raw_karambwan_paste,Karambwan paste,,scripts/_unpack/377/all.obj
tbwt_raw_karambwanji,Raw karambwanji,,scripts/_unpack/377/all.obj
tbwt_raw_karambwanji_paste,Karambwanji paste,,scripts/_unpack/377/all.obj
tbwt_rune_spear_kp,Rune spear(kp),,scripts/_unpack/377/all.obj
tbwt_seaweed_in_monkey_corpse,Stuffed monkey,,scripts/_unpack/377/all.obj
tbwt_seaweed_in_monkey_skin_sandwich,Seaweed sandwich,,scripts/_unpack/377/all.obj
tbwt_sliced_banana,Sliced banana,,scripts/_unpack/377/all.obj
tbwt_sliced_banana_in_karamja_rum,Karamjan rum,,scripts/_unpack/377/all.obj
tbwt_steel_spear_kp,Steel spear(kp),,scripts/_unpack/377/all.obj
teak_logs,Teak logs,,scripts/skill_firemaking/configs/firemaking.obj
teak_logs_pyre,Teak pyre logs,,scripts/_unpack/377/all.obj
telescope_dummy,,,scripts/_unpack/377/all.obj
template_for_cert,,,scripts/_unpack/377/all.obj
templetrek_blue_token,Reward token,,scripts/_unpack/377/all.obj
templetrek_long_vine,Long vine,,scripts/_unpack/377/all.obj
templetrek_red_token,Reward token,,scripts/_unpack/377/all.obj
templetrek_short_vine,Short vine,,scripts/_unpack/377/all.obj
templetrek_snail_shell,Snail shell,,scripts/_unpack/377/all.obj
templetrek_swamp_snake_hide,Snake hide,,scripts/_unpack/377/all.obj
templetrek_swamptree_branch,Branch,,scripts/_unpack/377/all.obj
templetrek_tome_agility_level_1,Agility tome,,scripts/_unpack/377/all.obj
templetrek_tome_agility_level_2,Agility tome,,scripts/_unpack/377/all.obj
templetrek_tome_agility_level_3,Agility tome,,scripts/_unpack/377/all.obj
templetrek_tome_firemaking_level_1,Firemaking tome,,scripts/_unpack/377/all.obj
templetrek_tome_firemaking_level_2,Firemaking tome,,scripts/_unpack/377/all.obj
templetrek_tome_firemaking_level_3,Firemaking tome,,scripts/_unpack/377/all.obj
templetrek_tome_fishing_level_1,Fishing tome,,scripts/_unpack/377/all.obj
templetrek_tome_fishing_level_2,Fishing tome,,scripts/_unpack/377/all.obj
templetrek_tome_fishing_level_3,Fishing tome,,scripts/_unpack/377/all.obj
templetrek_tome_mining_level_1,Mining tome,,scripts/_unpack/377/all.obj
templetrek_tome_mining_level_2,Mining tome,,scripts/_unpack/377/all.obj
templetrek_tome_mining_level_3,Mining tome,,scripts/_unpack/377/all.obj
templetrek_tome_slayer_level_1,Slayer tome,,scripts/_unpack/377/all.obj
templetrek_tome_slayer_level_2,Slayer tome,,scripts/_unpack/377/all.obj
templetrek_tome_slayer_level_3,Slayer tome,,scripts/_unpack/377/all.obj
templetrek_tome_thieving_level_1,Thieving tome,,scripts/_unpack/377/all.obj
templetrek_tome_thieving_level_2,Thieving tome,,scripts/_unpack/377/all.obj
templetrek_tome_thieving_level_3,Thieving tome,,scripts/_unpack/377/all.obj
templetrek_tome_woodcutting_level_1,Woodcutting tome,,scripts/_unpack/377/all.obj
templetrek_tome_woodcutting_level_2,Woodcutting tome,,scripts/_unpack/377/all.obj
templetrek_tome_woodcutting_level_3,Woodcutting tome,,scripts/_unpack/377/all.obj
templetrek_yellow_token,Reward token,,scripts/_unpack/377/all.obj
tentipineapple,Tenti pineapple,,scripts/_unpack/377/all.obj
thanainabarrel,Ana in a barrel,,scripts/_unpack/377/all.obj
thatching_spar_dense,Thatch spar dense,,scripts/_unpack/377/all.obj
thatching_spar_light,Thatch spar light,,scripts/_unpack/377/all.obj
thatching_spar_med,Thatch spar med,,scripts/_unpack/377/all.obj
thbedobinkey,Bedabin key,,scripts/_unpack/377/all.obj
thcaptplans,Technical plans,,scripts/_unpack/377/all.obj
thcelldoorkey,Cell door key,,scripts/_unpack/377/all.obj
the_shield_of_arrav,Book,,scripts/_unpack/377/all.obj
thgoodminekey,Wrought iron key,,scripts/_unpack/377/all.obj
thkaramjamap,Radimus notes,,scripts/_unpack/377/all.obj
thkaramjamapcomp,Radimus notes,,scripts/_unpack/377/all.obj
thkebabinstructs,Scrumpled paper,,scripts/_unpack/377/all.obj
thminebarrel_empty,Barrel,,scripts/_unpack/377/all.obj
thosf_reward_lamp,Antique lamp,,scripts/_unpack/377/all.obj
thprotodart,Prototype dart,,scripts/_unpack/377/all.obj
thprotodarttip,Prototype dart tip,,scripts/_unpack/377/all.obj
thpunishrock,Rock,,scripts/_unpack/377/all.obj
thread,Thread,,scripts/_unpack/377/all.obj
throwingrope,Throwing rope,,scripts/_unpack/377/all.obj
thshantaydisc,Shantay disclaimer,,scripts/_unpack/377/all.obj
thtotempole,Yommi totem,,scripts/_unpack/377/all.obj
thtotempolegift,Gilded totem,,scripts/_unpack/377/all.obj
tiara,Tiara,,scripts/_unpack/377/all.obj
tiara_air,Air tiara,,scripts/skill_runecraft/configs/runecraft.obj
tiara_blood,Blood tiara,,scripts/skill_runecraft/configs/runecraft.obj
tiara_body,Body tiara,,scripts/skill_runecraft/configs/runecraft.obj
tiara_chaos,Chaos tiara,,scripts/skill_runecraft/configs/runecraft.obj
tiara_cosmic,Cosmic tiara,,scripts/skill_runecraft/configs/runecraft.obj
tiara_death,Death tiara,,scripts/skill_runecraft/configs/runecraft.obj
tiara_earth,Earth tiara,,scripts/skill_runecraft/configs/runecraft.obj
tiara_fire,Fire tiara,,scripts/skill_runecraft/configs/runecraft.obj
tiara_law,Law tiara,,scripts/skill_runecraft/configs/runecraft.obj
tiara_mind,Mind tiara,,scripts/skill_runecraft/configs/runecraft.obj
tiara_mould,Tiara mould,,scripts/_unpack/377/all.obj
tiara_nature,Nature tiara,,scripts/skill_runecraft/configs/runecraft.obj
tiara_soul,Soul tiara,,scripts/skill_runecraft/configs/runecraft.obj
tiara_water,Water tiara,,scripts/skill_runecraft/configs/runecraft.obj
tin_ore,Tin ore,,scripts/_unpack/377/all.obj
tinderbox,Tinderbox,,scripts/_unpack/377/all.obj
tiny_net,Tiny net,,scripts/_unpack/377/all.obj
toad_batta,Cheese+tom batta,,scripts/skill_cooking/configs/gnome_cooking/battas.obj
toad_crunchies,Toad crunchies,,scripts/skill_cooking/configs/gnome_cooking/crunchies.obj
toadflax,Toadflax,,scripts/_unpack/377/all.obj
toadflax_seed,Toadflax seed,,scripts/_unpack/377/all.obj
toadflaxvial,Unfinished potion,,scripts/_unpack/377/all.obj
toads_legs,Toad's legs,,scripts/skill_cooking/configs/gnome_cooking/gnome_cooking.obj
toban_key,Toban's key,,scripts/_unpack/377/all.obj
tog_bowl,Stone bowl,,scripts/_unpack/377/all.obj
tog_sapphire_lantern_empty,Sapphire lantern,,scripts/_unpack/377/all.obj
tog_sapphire_lantern_lit,Sapphire lantern,,scripts/_unpack/377/all.obj
tog_sapphire_lantern_unlit,Sapphire lantern,,scripts/_unpack/377/all.obj
tog_stone,Magic stone,,scripts/_unpack/377/all.obj
tomato,Tomato,,scripts/skill_cooking/configs/cooking_inv/configs/pizza/pizza.obj
tomato_seed,Tomato seed,,scripts/_unpack/377/all.obj
tomato_seed_2,,,scripts/_unpack/377/all.obj
tomato_seed_3,,,scripts/_unpack/377/all.obj
tomato_seed_4,,,scripts/_unpack/377/all.obj
tomato_seed_5,,,scripts/_unpack/377/all.obj
torch_lit,Torch,,scripts/_unpack/377/all.obj
torch_unlit,Torch,,scripts/_unpack/377/all.obj
torstol,Torstol,,scripts/skill_herblore/configs/herbs.obj
torstol_seed,Torstol seed,,scripts/_unpack/377/all.obj
torstolvial,Unfinished potion,,scripts/_unpack/377/all.obj
touch_paper,Touch paper,,scripts/_unpack/377/all.obj
trail_chart,Chart,,scripts/_unpack/377/all.obj
trail_clue_easy_map001,Clue scroll,,scripts/_unpack/377/all.obj
trail_clue_easy_map001_casket,Casket,,scripts/_unpack/377/all.obj
trail_clue_easy_map002,Clue scroll,,scripts/_unpack/377/all.obj
trail_clue_easy_map002_casket,Casket,,scripts/_unpack/377/all.obj
trail_clue_easy_map003,Clue scroll,,scripts/_unpack/377/all.obj
trail_clue_easy_map003_casket,Casket,,scripts/_unpack/377/all.obj
trail_clue_easy_map004,Clue scroll,,scripts/_unpack/377/all.obj
trail_clue_easy_map004_casket,Casket,,scripts/_unpack/377/all.obj
trail_clue_easy_map005,Clue scroll,,scripts/_unpack/377/all.obj
trail_clue_easy_map005_casket,Casket,,scripts/_unpack/377/all.obj
trail_clue_easy_map006,Clue scroll,,scripts/_unpack/377/all.obj
trail_clue_easy_map006_casket,Casket,,scripts/_unpack/377/all.obj
trail_clue_easy_simple001,Clue scroll,,scripts/_unpack/377/all.obj
trail_clue_easy_simple002,Clue scroll,,scripts/_unpack/377/all.obj
trail_clue_easy_simple003,Clue scroll,,scripts/_unpack/377/all.obj
trail_clue_easy_simple004,Clue scroll,,scripts/_unpack/377/all.obj
trail_clue_easy_simple005,Clue scroll,,scripts/_unpack/377/all.obj
trail_clue_easy_simple006,Clue scroll,,scripts/_unpack/377/all.obj
trail_clue_easy_simple007,Clue scroll,,scripts/_unpack/377/all.obj
trail_clue_easy_simple008,Clue scroll,,scripts/_unpack/377/all.obj
trail_clue_easy_simple009,Clue scroll,,scripts/_unpack/377/all.obj
trail_clue_easy_simple010,Clue scroll,,scripts/_unpack/377/all.obj
trail_clue_easy_simple011,Clue scroll,,scripts/_unpack/377/all.obj
trail_clue_easy_simple012,Clue scroll,,scripts/_unpack/377/all.obj
trail_clue_easy_simple013,Clue scroll,,scripts/_unpack/377/all.obj
trail_clue_easy_simple014,Clue scroll,,scripts/_unpack/377/all.obj
trail_clue_easy_simple015,Clue scroll,,scripts/_unpack/377/all.obj
trail_clue_easy_simple016,Clue scroll,,scripts/_unpack/377/all.obj
trail_clue_easy_simple017,Clue scroll,,scripts/_unpack/377/all.obj
trail_clue_easy_simple018,Clue scroll,,scripts/_unpack/377/all.obj
trail_clue_easy_simple019,Clue scroll,,scripts/_unpack/377/all.obj
trail_clue_easy_simple020,Clue scroll,,scripts/_unpack/377/all.obj
trail_clue_easy_simple021,Clue scroll,,scripts/_unpack/377/all.obj
trail_clue_easy_simple022,Clue scroll,,scripts/_unpack/377/all.obj
trail_clue_easy_simple023,Clue scroll,,scripts/_unpack/377/all.obj
trail_clue_easy_simple024,Clue scroll,,scripts/_unpack/377/all.obj
trail_clue_easy_simple025,Clue scroll,,scripts/_unpack/377/all.obj
trail_clue_easy_simple026,Clue scroll,,scripts/_unpack/377/all.obj
trail_clue_easy_simple027,Clue scroll,,scripts/_unpack/377/all.obj
trail_clue_easy_simple028,Clue scroll,,scripts/_unpack/377/all.obj
trail_clue_easy_simple029,Clue scroll,,scripts/_unpack/377/all.obj
trail_clue_easy_simple030,Clue scroll,,scripts/_unpack/377/all.obj
trail_clue_easy_simple031,Clue scroll,,scripts/_unpack/377/all.obj
trail_clue_easy_vague001,Clue scroll,,scripts/_unpack/377/all.obj
trail_clue_easy_vague002,Clue scroll,,scripts/_unpack/377/all.obj
trail_clue_easy_vague003,Clue scroll,,scripts/_unpack/377/all.obj
trail_clue_easy_vague004,Clue scroll,,scripts/_unpack/377/all.obj
trail_clue_easy_vague005,Clue scroll,,scripts/_unpack/377/all.obj
trail_clue_easy_vague006,Clue scroll,,scripts/_unpack/377/all.obj
trail_clue_easy_vague007,Clue scroll,,scripts/_unpack/377/all.obj
trail_clue_easy_vague008,Clue scroll,,scripts/_unpack/377/all.obj
trail_clue_easy_vague009,Clue scroll,,scripts/_unpack/377/all.obj
trail_clue_easy_vague010,Clue scroll,,scripts/_unpack/377/all.obj
trail_clue_easy_vague011,Clue scroll,,scripts/_unpack/377/all.obj
trail_clue_easy_vague012,Clue scroll,,scripts/_unpack/377/all.obj
trail_clue_easy_vague013,Clue scroll,,scripts/_unpack/377/all.obj
trail_clue_easy_vague014,Clue scroll,,scripts/_unpack/377/all.obj
trail_clue_easy_vague015,Clue scroll,,scripts/_unpack/377/all.obj
trail_clue_easy_vague016,Clue scroll,,scripts/_unpack/377/all.obj
trail_clue_easy_vague017,Clue scroll,,scripts/_unpack/377/all.obj
trail_clue_easy_vague018,Clue scroll,,scripts/_unpack/377/all.obj
trail_clue_easy_vague019,Clue scroll,,scripts/_unpack/377/all.obj
trail_clue_easy_vague020,Clue scroll,,scripts/_unpack/377/all.obj
trail_clue_easy_vague021,Clue scroll,,scripts/_unpack/377/all.obj
trail_clue_easy_vague022,Clue scroll,,scripts/_unpack/377/all.obj
trail_clue_easy_vague023,Clue scroll,,scripts/_unpack/377/all.obj
trail_clue_easy_vague024,Clue scroll,,scripts/_unpack/377/all.obj
trail_clue_easy_vague025,Clue scroll,,scripts/_unpack/377/all.obj
trail_clue_easy_vague026,Clue scroll,,scripts/_unpack/377/all.obj
trail_clue_easy_vague026_casket,Casket,,scripts/_unpack/377/all.obj
trail_clue_easy_vague027,Clue scroll,,scripts/_unpack/377/all.obj
trail_clue_easy_vague028,Clue scroll,,scripts/_unpack/377/all.obj
trail_clue_easy_vague029,Clue scroll,,scripts/_unpack/377/all.obj
trail_clue_easy_vague030,Clue scroll,,scripts/_unpack/377/all.obj
trail_clue_easy_vague031,Clue scroll,,scripts/_unpack/377/all.obj
trail_clue_hard_anagram001,Clue scroll,,scripts/_unpack/377/all.obj
trail_clue_hard_anagram001_challenge,Challenge scroll,,scripts/_unpack/377/all.obj
trail_clue_hard_anagram002,Clue scroll,,scripts/_unpack/377/all.obj
trail_clue_hard_anagram002_challenge,Challenge scroll,,scripts/_unpack/377/all.obj
trail_clue_hard_anagram003,Clue scroll,,scripts/_unpack/377/all.obj
trail_clue_hard_anagram003_challenge,Challenge scroll,,scripts/_unpack/377/all.obj
trail_clue_hard_map001,Clue scroll,,scripts/_unpack/377/all.obj
trail_clue_hard_map002,Clue scroll,,scripts/_unpack/377/all.obj
trail_clue_hard_map002_casket,Casket,,scripts/_unpack/377/all.obj
trail_clue_hard_map003,Clue scroll,,scripts/_unpack/377/all.obj
trail_clue_hard_map003_casket,Casket,,scripts/_unpack/377/all.obj
trail_clue_hard_map004,Clue scroll,,scripts/_unpack/377/all.obj
trail_clue_hard_map005,Clue scroll,,scripts/_unpack/377/all.obj
trail_clue_hard_map006,Clue scroll,,scripts/_unpack/377/all.obj
trail_clue_hard_map006_casket,Casket,,scripts/_unpack/377/all.obj
trail_clue_hard_map007,Clue scroll,,scripts/_unpack/377/all.obj
trail_clue_hard_map007_casket,Casket,,scripts/_unpack/377/all.obj
trail_clue_hard_riddle001,Clue scroll,,scripts/_unpack/377/all.obj
trail_clue_hard_riddle002,Clue scroll,,scripts/_unpack/377/all.obj
trail_clue_hard_riddle002_casket,Casket,,scripts/_unpack/377/all.obj
trail_clue_hard_riddle003,Clue scroll,,scripts/_unpack/377/all.obj
trail_clue_hard_riddle003_casket,Casket,,scripts/_unpack/377/all.obj
trail_clue_hard_riddle004,Clue scroll,,scripts/_unpack/377/all.obj
trail_clue_hard_riddle004_casket,Casket,,scripts/_unpack/377/all.obj
trail_clue_hard_riddle005,Clue scroll,,scripts/_unpack/377/all.obj
trail_clue_hard_riddle005_casket,Casket,,scripts/_unpack/377/all.obj
trail_clue_hard_riddle006,Clue scroll,,scripts/_unpack/377/all.obj
trail_clue_hard_riddle007,Clue scroll,,scripts/_unpack/377/all.obj
trail_clue_hard_riddle007_casket,Casket,,scripts/_unpack/377/all.obj
trail_clue_hard_riddle008,Clue scroll,,scripts/_unpack/377/all.obj
trail_clue_hard_riddle009,Clue scroll,,scripts/_unpack/377/all.obj
trail_clue_hard_riddle009_casket,Casket,,scripts/_unpack/377/all.obj
trail_clue_hard_riddle010,Clue scroll,,scripts/_unpack/377/all.obj
trail_clue_hard_riddle010_casket,Casket,,scripts/_unpack/377/all.obj
trail_clue_hard_riddle011,Clue scroll,,scripts/_unpack/377/all.obj
trail_clue_hard_riddle011_casket,Casket,,scripts/_unpack/377/all.obj
trail_clue_hard_riddle012,Clue scroll,,scripts/_unpack/377/all.obj
trail_clue_hard_riddle013,Clue scroll,,scripts/_unpack/377/all.obj
trail_clue_hard_riddle014,Clue scroll,,scripts/_unpack/377/all.obj
trail_clue_hard_riddle014_puzzlebox,Puzzle box,,scripts/_unpack/377/all.obj
trail_clue_hard_riddle015,Clue scroll,,scripts/_unpack/377/all.obj
trail_clue_hard_riddle016,Clue scroll,,scripts/_unpack/377/all.obj
trail_clue_hard_riddle016_puzzlebox,Puzzle box,,scripts/_unpack/377/all.obj
trail_clue_hard_riddle017,Clue scroll,,scripts/_unpack/377/all.obj
trail_clue_hard_riddle017_puzzlebox,Puzzle box,,scripts/_unpack/377/all.obj
trail_clue_hard_riddle018,Clue scroll,,scripts/_unpack/377/all.obj
trail_clue_hard_riddle018_puzzlebox,Puzzle box,,scripts/_unpack/377/all.obj
trail_clue_hard_riddle019,Clue scroll,,scripts/_unpack/377/all.obj
trail_clue_hard_riddle019_puzzlebox,Puzzle box,,scripts/_unpack/377/all.obj
trail_clue_hard_riddle020,Clue scroll,,scripts/_unpack/377/all.obj
trail_clue_hard_riddle020_puzzlebox,Puzzle box,,scripts/_unpack/377/all.obj
trail_clue_hard_riddle021,Clue scroll,,scripts/_unpack/377/all.obj
trail_clue_hard_riddle021_puzzlebox,Puzzle box,,scripts/_unpack/377/all.obj
trail_clue_hard_riddle022,Clue scroll,,scripts/_unpack/377/all.obj
trail_clue_hard_riddle023,Clue scroll,,scripts/_unpack/377/all.obj
trail_clue_hard_riddle024,Clue scroll,,scripts/_unpack/377/all.obj
trail_clue_hard_riddle025,Clue scroll,,scripts/_unpack/377/all.obj
trail_clue_hard_riddle025_puzzlebox,Puzzle box,,scripts/_unpack/377/all.obj
trail_clue_hard_riddle026,Clue scroll,,scripts/_unpack/377/all.obj
trail_clue_hard_riddle026_puzzlebox,Puzzle box,,scripts/_unpack/377/all.obj
trail_clue_hard_riddle027,Clue scroll,,scripts/_unpack/377/all.obj
trail_clue_hard_riddle028,Clue scroll,,scripts/_unpack/377/all.obj
trail_clue_hard_riddle028_casket,Casket,,scripts/_unpack/377/all.obj
trail_clue_hard_riddle029,Clue scroll,,scripts/_unpack/377/all.obj
trail_clue_hard_riddle029_casket,Casket,,scripts/_unpack/377/all.obj
trail_clue_hard_riddle030,Clue scroll,,scripts/_unpack/377/all.obj
trail_clue_hard_riddle030_casket,Casket,,scripts/_unpack/377/all.obj
trail_clue_hard_riddle031,Clue scroll,,scripts/_unpack/377/all.obj
trail_clue_hard_riddle032,Clue scroll,,scripts/_unpack/377/all.obj
trail_clue_hard_riddle033,Clue scroll,,scripts/_unpack/377/all.obj
trail_clue_hard_riddle034,Clue scroll,,scripts/_unpack/377/all.obj
trail_clue_hard_riddle035,Clue scroll,,scripts/_unpack/377/all.obj
trail_clue_hard_riddle036,Clue scroll,,scripts/_unpack/377/all.obj
trail_clue_hard_riddle037,Clue scroll,,scripts/_unpack/377/all.obj
trail_clue_hard_riddle038,Clue scroll,,scripts/_unpack/377/all.obj
trail_clue_hard_riddle039,Clue scroll,,scripts/_unpack/377/all.obj
trail_clue_hard_sextant001,Clue scroll,,scripts/_unpack/377/all.obj
trail_clue_hard_sextant001_casket,Casket,,scripts/_unpack/377/all.obj
trail_clue_hard_sextant002,Clue scroll,,scripts/_unpack/377/all.obj
trail_clue_hard_sextant002_casket,Casket,,scripts/_unpack/377/all.obj
trail_clue_hard_sextant003,Clue scroll,,scripts/_unpack/377/all.obj
trail_clue_hard_sextant003_casket,Casket,,scripts/_unpack/377/all.obj
trail_clue_hard_sextant004,Clue scroll,,scripts/_unpack/377/all.obj
trail_clue_hard_sextant004_casket,Casket,,scripts/_unpack/377/all.obj
trail_clue_hard_sextant005,Clue scroll,,scripts/_unpack/377/all.obj
trail_clue_hard_sextant005_casket,Casket,,scripts/_unpack/377/all.obj
trail_clue_hard_sextant006,Clue scroll,,scripts/_unpack/377/all.obj
trail_clue_hard_sextant006_casket,Casket,,scripts/_unpack/377/all.obj
trail_clue_hard_sextant007,Clue scroll,,scripts/_unpack/377/all.obj
trail_clue_hard_sextant007_casket,Casket,,scripts/_unpack/377/all.obj
trail_clue_hard_sextant008,Clue scroll,,scripts/_unpack/377/all.obj
trail_clue_hard_sextant008_casket,Casket,,scripts/_unpack/377/all.obj
trail_clue_hard_sextant009,Clue scroll,,scripts/_unpack/377/all.obj
trail_clue_hard_sextant009_casket,Casket,,scripts/_unpack/377/all.obj
trail_clue_hard_sextant010,Clue scroll,,scripts/_unpack/377/all.obj
trail_clue_hard_sextant010_casket,Casket,,scripts/_unpack/377/all.obj
trail_clue_hard_sextant011,Clue scroll,,scripts/_unpack/377/all.obj
trail_clue_hard_sextant011_casket,Casket,,scripts/_unpack/377/all.obj
trail_clue_hard_sextant012,Clue scroll,,scripts/_unpack/377/all.obj
trail_clue_hard_sextant012_casket,Casket,,scripts/_unpack/377/all.obj
trail_clue_hard_sextant013,Clue scroll,,scripts/_unpack/377/all.obj
trail_clue_hard_sextant013_casket,Casket,,scripts/_unpack/377/all.obj
trail_clue_hard_sextant014,Clue scroll,,scripts/_unpack/377/all.obj
trail_clue_hard_sextant014_casket,Casket,,scripts/_unpack/377/all.obj
trail_clue_hard_sextant015,Clue scroll,,scripts/_unpack/377/all.obj
trail_clue_hard_sextant015_casket,Casket,,scripts/_unpack/377/all.obj
trail_clue_hard_sextant016,Clue scroll,,scripts/_unpack/377/all.obj
trail_clue_hard_sextant016_casket,Casket,,scripts/_unpack/377/all.obj
trail_clue_hard_sextant017,Clue scroll,,scripts/_unpack/377/all.obj
trail_clue_hard_sextant017_casket,Casket,,scripts/_unpack/377/all.obj
trail_clue_hard_sextant018,Clue scroll,,scripts/_unpack/377/all.obj
trail_clue_hard_sextant018_casket,Casket,,scripts/_unpack/377/all.obj
trail_clue_hard_sextant019,Clue scroll,,scripts/_unpack/377/all.obj
trail_clue_hard_sextant019_casket,Casket,,scripts/_unpack/377/all.obj
trail_clue_hard_sextant020,Clue scroll,,scripts/_unpack/377/all.obj
trail_clue_hard_sextant020_casket,Casket,,scripts/_unpack/377/all.obj
trail_clue_hard_sextant021,Clue scroll,,scripts/_unpack/377/all.obj
trail_clue_hard_sextant021_casket,Casket,,scripts/_unpack/377/all.obj
trail_clue_hard_sextant022,Clue scroll,,scripts/_unpack/377/all.obj
trail_clue_hard_sextant022_casket,Casket,,scripts/_unpack/377/all.obj
trail_clue_hard_sextant023,Clue scroll,,scripts/_unpack/377/all.obj
trail_clue_hard_sextant023_casket,Casket,,scripts/_unpack/377/all.obj
trail_clue_hard_sextant024,Clue scroll,,scripts/_unpack/377/all.obj
trail_clue_hard_sextant024_casket,Casket,,scripts/_unpack/377/all.obj
trail_clue_hard_sextant025,Clue scroll,,scripts/_unpack/377/all.obj
trail_clue_hard_sextant025_casket,Casket,,scripts/_unpack/377/all.obj
trail_clue_hard_sextant026,Clue scroll,,scripts/_unpack/377/all.obj
trail_clue_hard_sextant026_casket,Casket,,scripts/_unpack/377/all.obj
trail_clue_hard_sextant027,Clue scroll,,scripts/_unpack/377/all.obj
trail_clue_hard_sextant027_casket,Casket,,scripts/_unpack/377/all.obj
trail_clue_hard_sextant028,Clue scroll,,scripts/_unpack/377/all.obj
trail_clue_hard_sextant028_casket,Casket,,scripts/_unpack/377/all.obj
trail_clue_hard_sextant029,Clue scroll,,scripts/_unpack/377/all.obj
trail_clue_hard_sextant029_casket,Casket,,scripts/_unpack/377/all.obj
trail_clue_hard_sextant030,Clue scroll,,scripts/_unpack/377/all.obj
trail_clue_hard_sextant030_casket,Casket,,scripts/_unpack/377/all.obj
trail_clue_hard_sextant031,Clue scroll,,scripts/_unpack/377/all.obj
trail_clue_hard_sextant031_casket,Casket,,scripts/_unpack/377/all.obj
trail_clue_hard_sextant032,Clue scroll,,scripts/_unpack/377/all.obj
trail_clue_hard_sextant032_casket,Casket,,scripts/_unpack/377/all.obj
trail_clue_hard_sextant033,Clue scroll,,scripts/_unpack/377/all.obj
trail_clue_hard_sextant033_casket,Casket,,scripts/_unpack/377/all.obj
trail_clue_hard_sextant034,Clue scroll,,scripts/_unpack/377/all.obj
trail_clue_hard_sextant034_casket,Casket,,scripts/_unpack/377/all.obj
trail_clue_hard_sextant035,Clue scroll,,scripts/_unpack/377/all.obj
trail_clue_hard_sextant035_casket,Casket,,scripts/_unpack/377/all.obj
trail_clue_hard_sextant036,Clue scroll,,scripts/_unpack/377/all.obj
trail_clue_hard_sextant036_casket,Casket,,scripts/_unpack/377/all.obj
trail_clue_hard_sextant037,Clue scroll,,scripts/_unpack/377/all.obj
trail_clue_hard_sextant037_casket,Casket,,scripts/_unpack/377/all.obj
trail_clue_hard_sextant038,Clue scroll,,scripts/_unpack/377/all.obj
trail_clue_hard_sextant038_casket,Casket,,scripts/_unpack/377/all.obj
trail_clue_medium_anagram001,Clue scroll,,scripts/_unpack/377/all.obj
trail_clue_medium_anagram001_challenge,Challenge scroll,,scripts/_unpack/377/all.obj
trail_clue_medium_anagram002,Clue scroll,,scripts/_unpack/377/all.obj
trail_clue_medium_anagram002_challenge,Challenge scroll,,scripts/_unpack/377/all.obj
trail_clue_medium_anagram003,Clue scroll,,scripts/_unpack/377/all.obj
trail_clue_medium_anagram003_challenge,Challenge scroll,,scripts/_unpack/377/all.obj
trail_clue_medium_anagram004,Clue scroll,,scripts/_unpack/377/all.obj
trail_clue_medium_anagram005,Clue scroll,,scripts/_unpack/377/all.obj
trail_clue_medium_anagram006,Clue scroll,,scripts/_unpack/377/all.obj
trail_clue_medium_anagram006_challenge,Challenge scroll,,scripts/_unpack/377/all.obj
trail_clue_medium_anagram007,Clue scroll,,scripts/_unpack/377/all.obj
trail_clue_medium_anagram007_challenge,Challenge scroll,,scripts/_unpack/377/all.obj
trail_clue_medium_anagram008,Clue scroll,,scripts/_unpack/377/all.obj
trail_clue_medium_anagram008_challenge,Challenge scroll,,scripts/_unpack/377/all.obj
trail_clue_medium_anagram009,Clue scroll,,scripts/_unpack/377/all.obj
trail_clue_medium_anagram010,Clue scroll,,scripts/_unpack/377/all.obj
trail_clue_medium_anagram011,Clue scroll,,scripts/_unpack/377/all.obj
trail_clue_medium_anagram012,Clue scroll,,scripts/_unpack/377/all.obj
trail_clue_medium_anagram013,Clue scroll,,scripts/_unpack/377/all.obj
trail_clue_medium_anagram014,Clue scroll,,scripts/_unpack/377/all.obj
trail_clue_medium_anagram015,Clue scroll,,scripts/_unpack/377/all.obj
trail_clue_medium_anagram016,Clue scroll,,scripts/_unpack/377/all.obj
trail_clue_medium_anagram017,Clue scroll,,scripts/_unpack/377/all.obj
trail_clue_medium_anagram018,Clue scroll,,scripts/_unpack/377/all.obj
trail_clue_medium_anagram019,Clue scroll,,scripts/_unpack/377/all.obj
trail_clue_medium_anagram020,Clue scroll,,scripts/_unpack/377/all.obj
trail_clue_medium_anagram021,Clue scroll,,scripts/_unpack/377/all.obj
trail_clue_medium_anagram021_challenge,Challenge scroll,,scripts/_unpack/377/all.obj
trail_clue_medium_anagram022,Clue scroll,,scripts/_unpack/377/all.obj
trail_clue_medium_anagram022_challenge,Challenge scroll,,scripts/_unpack/377/all.obj
trail_clue_medium_anagram023,Clue scroll,,scripts/_unpack/377/all.obj
trail_clue_medium_anagram023_challenge,Challenge scroll,,scripts/_unpack/377/all.obj
trail_clue_medium_anagram024,Clue scroll,,scripts/_unpack/377/all.obj
trail_clue_medium_anagram024_challenge,Challenge scroll,,scripts/_unpack/377/all.obj
trail_clue_medium_anagram025,Clue scroll,,scripts/_unpack/377/all.obj
trail_clue_medium_anagram025_challenge,Challenge scroll,,scripts/_unpack/377/all.obj
trail_clue_medium_anagram026,Clue scroll,,scripts/_unpack/377/all.obj
trail_clue_medium_anagram026_challenge,Challenge scroll,,scripts/_unpack/377/all.obj
trail_clue_medium_map001,Clue scroll,,scripts/_unpack/377/all.obj
trail_clue_medium_map001_casket,Casket,,scripts/_unpack/377/all.obj
trail_clue_medium_map002,Clue scroll,,scripts/_unpack/377/all.obj
trail_clue_medium_map002_casket,Casket,,scripts/_unpack/377/all.obj
trail_clue_medium_map003,Clue scroll,,scripts/_unpack/377/all.obj
trail_clue_medium_map003_casket,Casket,,scripts/_unpack/377/all.obj
trail_clue_medium_map004,Clue scroll,,scripts/_unpack/377/all.obj
trail_clue_medium_map005,Clue scroll,,scripts/_unpack/377/all.obj
trail_clue_medium_map005_casket,Casket,,scripts/_unpack/377/all.obj
trail_clue_medium_map006,Clue scroll,,scripts/_unpack/377/all.obj
trail_clue_medium_map007,Clue scroll,,scripts/_unpack/377/all.obj
trail_clue_medium_map007_casket,Casket,,scripts/_unpack/377/all.obj
trail_clue_medium_map008,Clue scroll,,scripts/_unpack/377/all.obj
trail_clue_medium_map008_casket,Casket,,scripts/_unpack/377/all.obj
trail_clue_medium_map009,Clue scroll,,scripts/_unpack/377/all.obj
trail_clue_medium_map009_casket,Casket,,scripts/_unpack/377/all.obj
trail_clue_medium_map010,Clue scroll,,scripts/_unpack/377/all.obj
trail_clue_medium_map010_casket,Casket,,scripts/_unpack/377/all.obj
trail_clue_medium_map011,Clue scroll,,scripts/_unpack/377/all.obj
trail_clue_medium_map011_casket,Casket,,scripts/_unpack/377/all.obj
trail_clue_medium_map012,Clue scroll,,scripts/_unpack/377/all.obj
trail_clue_medium_map012_casket,Casket,,scripts/_unpack/377/all.obj
trail_clue_medium_riddle001,Clue scroll,,scripts/_unpack/377/all.obj
trail_clue_medium_riddle001_key,Key,,scripts/_unpack/377/all.obj
trail_clue_medium_riddle002,Clue scroll,,scripts/_unpack/377/all.obj
trail_clue_medium_riddle002_key,Key,,scripts/_unpack/377/all.obj
trail_clue_medium_riddle003,Clue scroll,,scripts/_unpack/377/all.obj
trail_clue_medium_riddle003_key,Key,,scripts/_unpack/377/all.obj
trail_clue_medium_riddle004,Clue scroll,,scripts/_unpack/377/all.obj
trail_clue_medium_riddle004_key,Key,,scripts/_unpack/377/all.obj
trail_clue_medium_riddle005,Clue scroll,,scripts/_unpack/377/all.obj
trail_clue_medium_riddle005_key,Key,,scripts/_unpack/377/all.obj
trail_clue_medium_riddle006,Clue scroll,,scripts/_unpack/377/all.obj
trail_clue_medium_riddle007,Clue scroll,,scripts/_unpack/377/all.obj
trail_clue_medium_riddle007_key,Key,,scripts/_unpack/377/all.obj
trail_clue_medium_riddle008,Clue scroll,,scripts/_unpack/377/all.obj
trail_clue_medium_riddle008_key,Key,,scripts/_unpack/377/all.obj
trail_clue_medium_riddle009,Clue scroll,,scripts/_unpack/377/all.obj
trail_clue_medium_riddle010,Clue scroll,,scripts/_unpack/377/all.obj
trail_clue_medium_riddle011,Clue scroll,,scripts/_unpack/377/all.obj
trail_clue_medium_riddle011_key,Key,,scripts/_unpack/377/all.obj
trail_clue_medium_riddle012,Clue scroll,,scripts/_unpack/377/all.obj
trail_clue_medium_riddle012_key,Key,,scripts/_unpack/377/all.obj
trail_clue_medium_riddle013,Clue scroll,,scripts/_unpack/377/all.obj
trail_clue_medium_riddle014,Clue scroll,,scripts/_unpack/377/all.obj
trail_clue_medium_riddle014_key,Key,,scripts/_unpack/377/all.obj
trail_clue_medium_riddle015,Clue scroll,,scripts/_unpack/377/all.obj
trail_clue_medium_riddle016,Clue scroll,,scripts/_unpack/377/all.obj
trail_clue_medium_sextant001,Clue scroll,,scripts/_unpack/377/all.obj
trail_clue_medium_sextant001_casket,Casket,,scripts/_unpack/377/all.obj
trail_clue_medium_sextant002,Clue scroll,,scripts/_unpack/377/all.obj
trail_clue_medium_sextant002_casket,Casket,,scripts/_unpack/377/all.obj
trail_clue_medium_sextant003,Clue scroll,,scripts/_unpack/377/all.obj
trail_clue_medium_sextant003_casket,Casket,,scripts/_unpack/377/all.obj
trail_clue_medium_sextant004,Clue scroll,,scripts/_unpack/377/all.obj
trail_clue_medium_sextant004_casket,Casket,,scripts/_unpack/377/all.obj
trail_clue_medium_sextant005,Clue scroll,,scripts/_unpack/377/all.obj
trail_clue_medium_sextant005_casket,Casket,,scripts/_unpack/377/all.obj
trail_clue_medium_sextant006,Clue scroll,,scripts/_unpack/377/all.obj
trail_clue_medium_sextant006_casket,Casket,,scripts/_unpack/377/all.obj
trail_clue_medium_sextant007,Clue scroll,,scripts/_unpack/377/all.obj
trail_clue_medium_sextant007_casket,Casket,,scripts/_unpack/377/all.obj
trail_clue_medium_sextant008,Clue scroll,,scripts/_unpack/377/all.obj
trail_clue_medium_sextant008_casket,Casket,,scripts/_unpack/377/all.obj
trail_clue_medium_sextant009,Clue scroll,,scripts/_unpack/377/all.obj
trail_clue_medium_sextant009_casket,Casket,,scripts/_unpack/377/all.obj
trail_clue_medium_sextant010,Clue scroll,,scripts/_unpack/377/all.obj
trail_clue_medium_sextant010_casket,Casket,,scripts/_unpack/377/all.obj
trail_clue_medium_sextant011,Clue scroll,,scripts/_unpack/377/all.obj
trail_clue_medium_sextant011_casket,Casket,,scripts/_unpack/377/all.obj
trail_clue_medium_sextant012,Clue scroll,,scripts/_unpack/377/all.obj
trail_clue_medium_sextant012_casket,Casket,,scripts/_unpack/377/all.obj
trail_clue_medium_sextant013,Clue scroll,,scripts/_unpack/377/all.obj
trail_clue_medium_sextant013_casket,Casket,,scripts/_unpack/377/all.obj
trail_clue_medium_sextant014,Clue scroll,,scripts/_unpack/377/all.obj
trail_clue_medium_sextant014_casket,Casket,,scripts/_unpack/377/all.obj
trail_clue_medium_sextant015,Clue scroll,,scripts/_unpack/377/all.obj
trail_clue_medium_sextant015_casket,Casket,,scripts/_unpack/377/all.obj
trail_clue_medium_sextant016,Clue scroll,,scripts/_unpack/377/all.obj
trail_clue_medium_sextant016_casket,Casket,,scripts/_unpack/377/all.obj
trail_clue_medium_sextant017,Clue scroll,,scripts/_unpack/377/all.obj
trail_clue_medium_sextant017_casket,Casket,,scripts/_unpack/377/all.obj
trail_clue_medium_sextant018,Clue scroll,,scripts/_unpack/377/all.obj
trail_clue_medium_sextant018_casket,Casket,,scripts/_unpack/377/all.obj
trail_clue_medium_sextant019,Clue scroll,,scripts/_unpack/377/all.obj
trail_clue_medium_sextant019_casket,Casket,,scripts/_unpack/377/all.obj
trail_clue_medium_sextant020,Clue scroll,,scripts/_unpack/377/all.obj
trail_clue_medium_sextant020_casket,Casket,,scripts/_unpack/377/all.obj
trail_clue_medium_sextant021,Clue scroll,,scripts/_unpack/377/all.obj
trail_clue_medium_sextant021_casket,Casket,,scripts/_unpack/377/all.obj
trail_clue_medium_sextant022,Clue scroll,,scripts/_unpack/377/all.obj
trail_clue_medium_sextant022_casket,Casket,,scripts/_unpack/377/all.obj
trail_clue_medium_sextant023,Clue scroll,,scripts/_unpack/377/all.obj
trail_clue_medium_sextant023_casket,Casket,,scripts/_unpack/377/all.obj
trail_clue_medium_sextant024,Clue scroll,,scripts/_unpack/377/all.obj
trail_clue_medium_sextant024_casket,Casket,,scripts/_unpack/377/all.obj
trail_clue_medium_sextant025,Clue scroll,,scripts/_unpack/377/all.obj
trail_clue_medium_sextant025_casket,Casket,,scripts/_unpack/377/all.obj
trail_clue_medium_sextant026,Clue scroll,,scripts/_unpack/377/all.obj
trail_clue_medium_sextant026_casket,Casket,,scripts/_unpack/377/all.obj
trail_clue_medium_sextant027,Clue scroll,,scripts/_unpack/377/all.obj
trail_clue_medium_sextant027_casket,Casket,,scripts/_unpack/377/all.obj
trail_sextant,Sextant,,scripts/_unpack/377/all.obj
trail_slidingpuzzleb01,Sliding piece,,scripts/_unpack/377/all.obj
trail_slidingpuzzleb02,Sliding piece,,scripts/_unpack/377/all.obj
trail_slidingpuzzleb03,Sliding piece,,scripts/_unpack/377/all.obj
trail_slidingpuzzleb04,Sliding piece,,scripts/_unpack/377/all.obj
trail_slidingpuzzleb05,Sliding piece,,scripts/_unpack/377/all.obj
trail_slidingpuzzleb06,Sliding piece,,scripts/_unpack/377/all.obj
trail_slidingpuzzleb07,Sliding piece,,scripts/_unpack/377/all.obj
trail_slidingpuzzleb08,Sliding piece,,scripts/_unpack/377/all.obj
trail_slidingpuzzleb09,Sliding piece,,scripts/_unpack/377/all.obj
trail_slidingpuzzleb10,Sliding piece,,scripts/_unpack/377/all.obj
trail_slidingpuzzleb11,Sliding piece,,scripts/_unpack/377/all.obj
trail_slidingpuzzleb12,Sliding piece,,scripts/_unpack/377/all.obj
trail_slidingpuzzleb13,Sliding piece,,scripts/_unpack/377/all.obj
trail_slidingpuzzleb14,Sliding piece,,scripts/_unpack/377/all.obj
trail_slidingpuzzleb15,Sliding piece,,scripts/_unpack/377/all.obj
trail_slidingpuzzleb16,Sliding piece,,scripts/_unpack/377/all.obj
trail_slidingpuzzleb17,Sliding piece,,scripts/_unpack/377/all.obj
trail_slidingpuzzleb18,Sliding piece,,scripts/_unpack/377/all.obj
trail_slidingpuzzleb19,Sliding piece,,scripts/_unpack/377/all.obj
trail_slidingpuzzleb20,Sliding piece,,scripts/_unpack/377/all.obj
trail_slidingpuzzleb21,Sliding piece,,scripts/_unpack/377/all.obj
trail_slidingpuzzleb22,Sliding piece,,scripts/_unpack/377/all.obj
trail_slidingpuzzleb23,Sliding piece,,scripts/_unpack/377/all.obj
trail_slidingpuzzleb24,Sliding piece,,scripts/_unpack/377/all.obj
trail_slidingpuzzlec01,Sliding piece,,scripts/_unpack/377/all.obj
trail_slidingpuzzlec02,Sliding piece,,scripts/_unpack/377/all.obj
trail_slidingpuzzlec03,Sliding piece,,scripts/_unpack/377/all.obj
trail_slidingpuzzlec04,Sliding piece,,scripts/_unpack/377/all.obj
trail_slidingpuzzlec05,Sliding piece,,scripts/_unpack/377/all.obj
trail_slidingpuzzlec06,Sliding piece,,scripts/_unpack/377/all.obj
trail_slidingpuzzlec07,Sliding piece,,scripts/_unpack/377/all.obj
trail_slidingpuzzlec08,Sliding piece,,scripts/_unpack/377/all.obj
trail_slidingpuzzlec09,Sliding piece,,scripts/_unpack/377/all.obj
trail_slidingpuzzlec10,Sliding piece,,scripts/_unpack/377/all.obj
trail_slidingpuzzlec11,Sliding piece,,scripts/_unpack/377/all.obj
trail_slidingpuzzlec12,Sliding piece,,scripts/_unpack/377/all.obj
trail_slidingpuzzlec13,Sliding piece,,scripts/_unpack/377/all.obj
trail_slidingpuzzlec14,Sliding piece,,scripts/_unpack/377/all.obj
trail_slidingpuzzlec15,Sliding piece,,scripts/_unpack/377/all.obj
trail_slidingpuzzlec16,Sliding piece,,scripts/_unpack/377/all.obj
trail_slidingpuzzlec17,Sliding piece,,scripts/_unpack/377/all.obj
trail_slidingpuzzlec18,Sliding piece,,scripts/_unpack/377/all.obj
trail_slidingpuzzlec19,Sliding piece,,scripts/_unpack/377/all.obj
trail_slidingpuzzlec20,Sliding piece,,scripts/_unpack/377/all.obj
trail_slidingpuzzlec21,Sliding piece,,scripts/_unpack/377/all.obj
trail_slidingpuzzlec22,Sliding piece,,scripts/_unpack/377/all.obj
trail_slidingpuzzlec23,Sliding piece,,scripts/_unpack/377/all.obj
trail_slidingpuzzlec24,Sliding piece,,scripts/_unpack/377/all.obj
trail_slidingpuzzled01,Sliding piece,,scripts/_unpack/377/all.obj
trail_slidingpuzzled02,Sliding piece,,scripts/_unpack/377/all.obj
trail_slidingpuzzled03,Sliding piece,,scripts/_unpack/377/all.obj
trail_slidingpuzzled04,Sliding piece,,scripts/_unpack/377/all.obj
trail_slidingpuzzled05,Sliding piece,,scripts/_unpack/377/all.obj
trail_slidingpuzzled06,Sliding piece,,scripts/_unpack/377/all.obj
trail_slidingpuzzled07,Sliding piece,,scripts/_unpack/377/all.obj
trail_slidingpuzzled08,Sliding piece,,scripts/_unpack/377/all.obj
trail_slidingpuzzled09,Sliding piece,,scripts/_unpack/377/all.obj
trail_slidingpuzzled10,Sliding piece,,scripts/_unpack/377/all.obj
trail_slidingpuzzled11,Sliding piece,,scripts/_unpack/377/all.obj
trail_slidingpuzzled12,Sliding piece,,scripts/_unpack/377/all.obj
trail_slidingpuzzled13,Sliding piece,,scripts/_unpack/377/all.obj
trail_slidingpuzzled14,Sliding piece,,scripts/_unpack/377/all.obj
trail_slidingpuzzled15,Sliding piece,,scripts/_unpack/377/all.obj
trail_slidingpuzzled16,Sliding piece,,scripts/_unpack/377/all.obj
trail_slidingpuzzled17,Sliding piece,,scripts/_unpack/377/all.obj
trail_slidingpuzzled18,Sliding piece,,scripts/_unpack/377/all.obj
trail_slidingpuzzled19,Sliding piece,,scripts/_unpack/377/all.obj
trail_slidingpuzzled20,Sliding piece,,scripts/_unpack/377/all.obj
trail_slidingpuzzled21,Sliding piece,,scripts/_unpack/377/all.obj
trail_slidingpuzzled22,Sliding piece,,scripts/_unpack/377/all.obj
trail_slidingpuzzled23,Sliding piece,,scripts/_unpack/377/all.obj
trail_slidingpuzzled24,Sliding piece,,scripts/_unpack/377/all.obj
trail_watch,Watch,,scripts/_unpack/377/all.obj
tray_empty,Panning tray,,scripts/_unpack/377/all.obj
tray_gold,Panning tray,,scripts/_unpack/377/all.obj
tray_mud,Panning tray,,scripts/_unpack/377/all.obj
triangle_sandwich,Triangle sandwich,,scripts/_unpack/377/all.obj
tribal_totem,Totem,,scripts/_unpack/377/all.obj
tribal_totem_label,Address label,,scripts/_unpack/377/all.obj
trick_or_treat_head,Zombie head,,scripts/_unpack/377/all.obj
troll_key_eadgar,Cell key 2,,scripts/_unpack/377/all.obj
troll_key_godric,Cell key 1,,scripts/_unpack/377/all.obj
troll_key_prison,Prison key,,scripts/_unpack/377/all.obj
trollromance_rare_flower,Trollweiss,,scripts/quests/quest_troll_love/configs/quest_troll_love.obj
trollromance_toboggon,Sled,,scripts/quests/quest_troll_love/configs/quest_troll_love.obj
trollromance_toboggon_waxed,Sled,,scripts/quests/quest_troll_love/configs/quest_troll_love.obj
trollromance_wax,Wax,,scripts/quests/quest_troll_love/configs/quest_troll_love.obj
trout,Trout,,scripts/_unpack/377/all.obj
trowel,Trowel,,scripts/_unpack/377/all.obj
tuna,Tuna,,scripts/_unpack/377/all.obj
turnip_book,Book,,scripts/_unpack/377/all.obj
turnleft_trackjunction_control_card,Square stone,,scripts/_unpack/377/all.obj
turnright_trackjunction_control_card,Square stone,,scripts/_unpack/377/all.obj
twocats_amuletofcatspeak,Catspeak amulet(e),,scripts/_unpack/377/all.obj
twocats_chores,Chores,,scripts/_unpack/377/all.obj
twocats_doctors_hat,Doctors hat,,scripts/_unpack/377/all.obj
twocats_mouse_toy,Mouse toy,,scripts/_unpack/377/all.obj
twocats_nurses_hat,Nurse hat,,scripts/_unpack/377/all.obj
twocats_present,Present,,scripts/_unpack/377/all.obj
twocats_recipe,Recipe,,scripts/_unpack/377/all.obj
twocats_rewardlamp,Antique lamp,,scripts/_unpack/377/all.obj
twpart1,Cannon base,,scripts/_unpack/377/all.obj
twpart2,Cannon stand,,scripts/_unpack/377/all.obj
twpart3,Cannon barrels,,scripts/_unpack/377/all.obj
twpart4,Cannon furnace,,scripts/_unpack/377/all.obj
tzhaar_cape_fire,Fire cape,,scripts/_unpack/377/all.obj
tzhaar_cape_obsidian,Obsidian cape,,scripts/_unpack/377/all.obj
tzhaar_knife,Toktz-xil-ek,,scripts/skill_combat/configs/melee/obsidian.obj
tzhaar_mace,Tzhaar-ket-em,,scripts/skill_combat/configs/melee/obsidian.obj
tzhaar_maul,Tzhaar-ket-om,,scripts/skill_combat/configs/melee/obsidian.obj
tzhaar_spikeshield,Toktz-ket-xil,,scripts/skill_combat/configs/melee/obsidian.obj
tzhaar_splitsword,Toktz-xil-ak,,scripts/skill_combat/configs/melee/obsidian.obj
tzhaar_staff,Toktz-mej-tal,,scripts/_unpack/377/all.obj
tzhaar_throwingring,Toktz-xil-ul,,scripts/_unpack/377/all.obj
tzhaar_token,Tokkul,,scripts/_unpack/377/all.obj
tzhaar_token_2,,,scripts/_unpack/377/all.obj
tzhaar_token_25,,,scripts/_unpack/377/all.obj
tzhaar_token_3,,,scripts/_unpack/377/all.obj
tzhaar_token_4,,,scripts/_unpack/377/all.obj
tzhaar_token_5,,,scripts/_unpack/377/all.obj
ugthanki_kebab,Ugthanki kebab,,scripts/skill_cooking/configs/cooking_inv/configs/ugthanki_kebab/ugthanki_kebab.obj
ugthanki_kebab_bad,Ugthanki kebab,,scripts/skill_cooking/configs/cooking_inv/configs/ugthanki_kebab/ugthanki_kebab.obj
uncooked_admiral_pie,Raw admiral pie,,scripts/_unpack/377/all.obj
uncooked_apple_pie,Uncooked apple pie,,scripts/skill_cooking/configs/cooking_inv/configs/pies/pies_uncooked.obj
uncooked_cake,Uncooked cake,,scripts/skill_cooking/configs/cooking_inv/configs/cakes/cakes_uncooked.obj
uncooked_curry,Uncooked curry,,scripts/skill_cooking/configs/cooking_inv/configs/stew/stew_uncooked.obj
uncooked_fish_pie,Raw fish pie,,scripts/_unpack/377/all.obj
uncooked_garden_pie,Raw garden pie,,scripts/_unpack/377/all.obj
uncooked_meat_pie,Uncooked meat pie,,scripts/skill_cooking/configs/cooking_inv/configs/pies/pies_uncooked.obj
uncooked_mud_pie,Raw mud pie,,scripts/_unpack/377/all.obj
uncooked_pitta_bread,Pitta dough,,scripts/skill_cooking/configs/cooking_inv/configs/dough/dough.obj
uncooked_pizza,Uncooked pizza,,scripts/skill_cooking/configs/cooking_inv/configs/pizza/pizza_uncooked.obj
uncooked_redberry_pie,Uncooked berry pie,,scripts/skill_cooking/configs/cooking_inv/configs/pies/pies_uncooked.obj
uncooked_stew,Uncooked stew,,scripts/skill_cooking/configs/cooking_inv/configs/stew/stew_uncooked.obj
uncooked_summer_pie,Raw summer pie,,scripts/_unpack/377/all.obj
uncooked_wild_pie,Raw wild pie,,scripts/_unpack/377/all.obj
uncut_diamond,Uncut diamond,,scripts/_unpack/377/all.obj
uncut_dragonstone,Uncut dragonstone,,scripts/_unpack/377/all.obj
uncut_emerald,Uncut emerald,,scripts/_unpack/377/all.obj
uncut_jade,Uncut jade,,scripts/_unpack/377/all.obj
uncut_onyx,Uncut onyx,,scripts/_unpack/377/all.obj
uncut_opal,Uncut opal,,scripts/_unpack/377/all.obj
uncut_red_topaz,Uncut red topaz,,scripts/_unpack/377/all.obj
uncut_ruby,Uncut ruby,,scripts/_unpack/377/all.obj
uncut_sapphire,Uncut sapphire,,scripts/_unpack/377/all.obj
unfinished_admiral_pie_1,Part admiral pie,,scripts/_unpack/377/all.obj
unfinished_admiral_pie_2,Part admiral pie,,scripts/_unpack/377/all.obj
unfinished_blurberry_special1,Unfinished cocktail,,scripts/skill_cooking/configs/gnome_cooking/cocktails.obj
unfinished_blurberry_special2,Unfinished cocktail,,scripts/skill_cooking/configs/gnome_cooking/cocktails.obj
unfinished_blurberry_special3,Unfinished cocktail,,scripts/skill_cooking/configs/gnome_cooking/cocktails.obj
unfinished_blurberry_special4,Unfinished cocktail,,scripts/skill_cooking/configs/gnome_cooking/cocktails.obj
unfinished_chocchip_crunchies,Unfinished crunchy,,scripts/skill_cooking/configs/gnome_cooking/crunchies.obj
unfinished_chocolate_bomb1,Unfinished bowl,,scripts/skill_cooking/configs/gnome_cooking/gnomebowls.obj
unfinished_chocolate_bomb2,Unfinished bowl,,scripts/skill_cooking/configs/gnome_cooking/gnomebowls.obj
unfinished_chocolate_bomb3,Unfinished bowl,,scripts/skill_cooking/configs/gnome_cooking/gnomebowls.obj
unfinished_chocolate_saturday1,Unfinished cocktail,,scripts/skill_cooking/configs/gnome_cooking/cocktails.obj
unfinished_chocolate_saturday2,Unfinished cocktail,,scripts/skill_cooking/configs/gnome_cooking/cocktails.obj
unfinished_chocolate_saturday3,Unfinished cocktail,,scripts/skill_cooking/configs/gnome_cooking/cocktails.obj
unfinished_chocolate_saturday4,Unfinished cocktail,,scripts/skill_cooking/configs/gnome_cooking/cocktails.obj
unfinished_drunk_dragon1,Unfinished cocktail,,scripts/skill_cooking/configs/gnome_cooking/cocktails.obj
unfinished_drunk_dragon2,Unfinished cocktail,,scripts/skill_cooking/configs/gnome_cooking/cocktails.obj
unfinished_drunk_dragon3,Unfinished cocktail,,scripts/skill_cooking/configs/gnome_cooking/cocktails.obj
unfinished_fish_pie_1,Part fish pie,,scripts/_unpack/377/all.obj
unfinished_fish_pie_2,Part fish pie,,scripts/_unpack/377/all.obj
unfinished_fruit_batta,Unfinished batta,,scripts/skill_cooking/configs/gnome_cooking/battas.obj
unfinished_fruit_blast1,Unfinished cocktail,,scripts/skill_cooking/configs/gnome_cooking/cocktails.obj
unfinished_garden_pie_1,Part garden pie,,scripts/_unpack/377/all.obj
unfinished_garden_pie_2,Part garden pie,,scripts/_unpack/377/all.obj
unfinished_guthixbook,Damaged book,,scripts/_unpack/377/all.obj
unfinished_mud_pie_1,Part mud pie,,scripts/_unpack/377/all.obj
unfinished_mud_pie_2,Part mud pie,,scripts/_unpack/377/all.obj
unfinished_pineapple_punch1,Unfinished cocktail,,scripts/skill_cooking/configs/gnome_cooking/cocktails.obj
unfinished_pineapple_punch2,Unfinished cocktail,,scripts/skill_cooking/configs/gnome_cooking/cocktails.obj
unfinished_pineapple_punch3,Unfinished cocktail,,scripts/skill_cooking/configs/gnome_cooking/cocktails.obj
unfinished_saradominbook,Damaged book,,scripts/_unpack/377/all.obj
unfinished_sgg1,Unfinished cocktail,,scripts/skill_cooking/configs/gnome_cooking/cocktails.obj
unfinished_sgg2,Unfinished cocktail,,scripts/skill_cooking/configs/gnome_cooking/cocktails.obj
unfinished_spicy_crunchies,Unfinished crunchy,,scripts/skill_cooking/configs/gnome_cooking/crunchies.obj
unfinished_summer_pie_1,Part summer pie,,scripts/_unpack/377/all.obj
unfinished_summer_pie_2,Part summer pie,,scripts/_unpack/377/all.obj
unfinished_toad_crunchies,Unfinished crunchy,,scripts/skill_cooking/configs/gnome_cooking/crunchies.obj
unfinished_veg_ball,Unfinished bowl,,scripts/skill_cooking/configs/gnome_cooking/gnomebowls.obj
unfinished_vegetable_batta,Unfinished batta,,scripts/skill_cooking/configs/gnome_cooking/battas.obj
unfinished_wild_pie_1,Part wild pie,,scripts/_unpack/377/all.obj
unfinished_wild_pie_2,Part wild pie,,scripts/_unpack/377/all.obj
unfinished_wizard_blizzard1,Unfinished cocktail,,scripts/skill_cooking/configs/gnome_cooking/cocktails.obj
unfinished_wizard_blizzard2,Unfinished cocktail,,scripts/skill_cooking/configs/gnome_cooking/cocktails.obj
unfinished_worm_batta,Unfinished batta,,scripts/skill_cooking/configs/gnome_cooking/battas.obj
unfinished_worm_crunchies,Unfinished crunchy,,scripts/skill_cooking/configs/gnome_cooking/crunchies.obj
unfinished_worm_hole,Unfinished bowl,,scripts/skill_cooking/configs/gnome_cooking/gnomebowls.obj
unfinished_zamorakbook,Damaged book,,scripts/_unpack/377/all.obj
unholy_symbol_mould,Unholy mould,,scripts/_unpack/377/all.obj
unicorn_horn,Unicorn horn,,scripts/_unpack/377/all.obj
unicorn_horn_dust,Unicorn horn dust,,scripts/_unpack/377/all.obj
unidentified_ardrigal,Herb,,scripts/_unpack/377/all.obj
unidentified_avantoe,Herb,,scripts/_unpack/377/all.obj
unidentified_cadantine,Herb,,scripts/_unpack/377/all.obj
unidentified_dwarf_weed,Herb,,scripts/_unpack/377/all.obj
unidentified_guam,Herb,,scripts/_unpack/377/all.obj
unidentified_harralander,Herb,,scripts/_unpack/377/all.obj
unidentified_irit,Herb,,scripts/_unpack/377/all.obj
unidentified_kwuarm,Herb,,scripts/_unpack/377/all.obj
unidentified_lantadyme,Herb,,scripts/_unpack/377/all.obj
unidentified_liquid,Unidentified liquid,,scripts/_unpack/377/all.obj
unidentified_marentill,Herb,,scripts/_unpack/377/all.obj
unidentified_powder,Chemical powder,,scripts/_unpack/377/all.obj
unidentified_ranarr,Herb,,scripts/_unpack/377/all.obj
unidentified_rogues_purse,Herb,,scripts/_unpack/377/all.obj
unidentified_sito_foil,Herb,,scripts/_unpack/377/all.obj
unidentified_snake_weed,Herb,,scripts/_unpack/377/all.obj
unidentified_snapdragon,Herb,,scripts/_unpack/377/all.obj
unidentified_tarromin,Herb,,scripts/_unpack/377/all.obj
unidentified_toadflax,Herb,,scripts/_unpack/377/all.obj
unidentified_torstol,Herb,,scripts/_unpack/377/all.obj
unidentified_volencia_moss,Herb,,scripts/_unpack/377/all.obj
unlit_black_candle,Black candle,,scripts/_unpack/377/all.obj
unlit_candle,Candle,,scripts/_unpack/377/all.obj
unlitarrow,Bronze fire arrows,,scripts/_unpack/377/all.obj
unlitarrow_2,,,scripts/_unpack/377/all.obj
unlitarrow_3,,,scripts/_unpack/377/all.obj
unlitarrow_4,,,scripts/_unpack/377/all.obj
unlitarrow_5,,,scripts/_unpack/377/all.obj
unstrung_diamond_amulet,Diamond amulet,,scripts/_unpack/377/all.obj
unstrung_dragonstone_amulet,Dragonstone ammy,,scripts/_unpack/377/all.obj
unstrung_emerald_amulet,Emerald amulet,,scripts/_unpack/377/all.obj
unstrung_gold_amulet,Gold amulet,,scripts/_unpack/377/all.obj
unstrung_longbow,Longbow (u),,scripts/_unpack/377/all.obj
unstrung_magic_longbow,Magic longbow (u),,scripts/_unpack/377/all.obj
unstrung_magic_shortbow,Magic shortbow (u),,scripts/_unpack/377/all.obj
unstrung_maple_longbow,Maple longbow (u),,scripts/_unpack/377/all.obj
unstrung_maple_shortbow,Maple shortbow (u),,scripts/_unpack/377/all.obj
unstrung_oak_longbow,Oak longbow (u),,scripts/_unpack/377/all.obj
unstrung_oak_shortbow,Oak shortbow (u),,scripts/_unpack/377/all.obj
unstrung_onyx_amulet,Onyx amulet,,scripts/_unpack/377/all.obj
unstrung_ruby_amulet,Ruby amulet,,scripts/_unpack/377/all.obj
unstrung_sapphire_amulet,Sapphire amulet,,scripts/_unpack/377/all.obj
unstrung_shortbow,Shortbow (u),,scripts/_unpack/377/all.obj
unstrung_willow_longbow,Willow longbow (u),,scripts/_unpack/377/all.obj
unstrung_willow_shortbow,Willow shortbow (u),,scripts/_unpack/377/all.obj
unstrung_yew_longbow,Yew longbow (u),,scripts/_unpack/377/all.obj
unstrung_yew_shortbow,Yew shortbow (u),,scripts/_unpack/377/all.obj
unstrung_zogre_bow,Unstrung comp bow,,scripts/_unpack/377/all.obj
upass_journal,Old journal,,scripts/_unpack/377/all.obj
upassdwarfbrew,Dwarf brew,,scripts/_unpack/377/all.obj
used_bloom_spell,A used spell,,scripts/_unpack/377/all.obj
vampire_dust,Vampire dust,,scripts/_unpack/377/all.obj
vc_rat_pole,Rat pole,,scripts/_unpack/377/all.obj
vc_rat_pole_1,Rat pole,,scripts/_unpack/377/all.obj
vc_rat_pole_2,Rat pole,,scripts/_unpack/377/all.obj
vc_rat_pole_3,Rat pole,,scripts/_unpack/377/all.obj
vc_rat_pole_4,Rat pole,,scripts/_unpack/377/all.obj
vc_rat_pole_5,Rat pole,,scripts/_unpack/377/all.obj
vc_rat_pole_6,Rat pole,,scripts/_unpack/377/all.obj
veg_ball,Veg ball,,scripts/skill_cooking/configs/gnome_cooking/gnomebowls.obj
vegetable_batta,Vegetable batta,,scripts/skill_cooking/configs/gnome_cooking/battas.obj
vial_coconut_milk,Antidote++(1),antidote++1,scripts/_unpack/377/all.obj
vial_empty,Vial,,scripts/_unpack/377/all.obj
vial_enchanted,Enchanted vial,,scripts/_unpack/377/all.obj
vial_water,Vial of water,,scripts/_unpack/377/all.obj
viking_airtight_vase,Vase,,scripts/_unpack/377/all.obj
viking_airtight_vase_frozen,Frozen vase,,scripts/_unpack/377/all.obj
viking_airtight_vase_water,Vase of water,,scripts/_unpack/377/all.obj
viking_airtight_vase_with_lid,Sealed vase,,scripts/_unpack/377/all.obj
viking_airtight_vase_with_lid_frozen,Sealed vase,,scripts/_unpack/377/all.obj
viking_airtight_vase_with_lid_water,Sealed vase,,scripts/_unpack/377/all.obj
viking_another_map,Sea fishing map,,scripts/_unpack/377/all.obj
viking_beerkeg,Keg of beer,,scripts/_unpack/377/all.obj
viking_bowstring,Custom bow string,,scripts/_unpack/377/all.obj
viking_bucket_1,1/5ths full bucket,,scripts/_unpack/377/all.obj
viking_bucket_2,2/5ths full bucket,,scripts/_unpack/377/all.obj
viking_bucket_3,3/5ths full bucket,,scripts/_unpack/377/all.obj
viking_bucket_4,4/5ths full bucket,,scripts/_unpack/377/all.obj
viking_bucket_5,Full bucket,,scripts/_unpack/377/all.obj
viking_bucket_empty,Empty bucket,,scripts/_unpack/377/all.obj
viking_bucket_frozen,Frozen bucket,,scripts/_unpack/377/all.obj
viking_champion_token,Champions token,,scripts/_unpack/377/all.obj
viking_cloak_black,Fremennik cloak,,scripts/_unpack/377/all.obj
viking_cloak_brown,Fremennik cloak,,scripts/_unpack/377/all.obj
viking_cloak_darkbrown,Fremennik cloak,,scripts/_unpack/377/all.obj
viking_cloak_green,Fremennik cloak,,scripts/_unpack/377/all.obj
viking_cloak_grey,Fremennik cloak,,scripts/_unpack/377/all.obj
viking_cloak_lightbrown,Fremennik cloak,,scripts/_unpack/377/all.obj
viking_cloak_ocean,Fremennik cloak,,scripts/_unpack/377/all.obj
viking_cloak_pink,Fremennik cloak,,scripts/_unpack/377/all.obj
viking_cloak_purple,Fremennik cloak,,scripts/_unpack/377/all.obj
viking_cloak_red,Fremennik cloak,,scripts/_unpack/377/all.obj
viking_cloak_tangerine,Fremennik cloak,,scripts/_unpack/377/all.obj
viking_draugen_talisman,Hunters' talisman,,scripts/_unpack/377/all.obj
viking_draugen_talisman_uncharged,Hunters' talisman,,scripts/_unpack/377/all.obj
viking_dummy_coin,Red disk,,scripts/_unpack/377/all.obj
viking_dummy_coin2,Red disk,,scripts/_unpack/377/all.obj
viking_dummy_lid,,,scripts/_unpack/377/all.obj
viking_enchanted_strung_lyre,Enchanted lyre,,scripts/_unpack/377/all.obj
viking_firecracker,Strange object,,scripts/_unpack/377/all.obj
viking_firecracker_lit,Lit strange object,,scripts/_unpack/377/all.obj
viking_golden_fleece,Golden fleece,,scripts/_unpack/377/all.obj
viking_golden_wool,Golden wool,,scripts/_unpack/377/all.obj
viking_helmet,Fremennik helm,,scripts/_unpack/377/all.obj
viking_helmet_crush,Berserker helm,,scripts/_unpack/377/all.obj
viking_helmet_magic,Farseer helm,,scripts/_unpack/377/all.obj
viking_helmet_range,Archer helm,,scripts/_unpack/377/all.obj
viking_helmet_slash,Warrior helm,,scripts/_unpack/377/all.obj
viking_jug_1,1/3rds full jug,,scripts/_unpack/377/all.obj
viking_jug_2,2/3rds full jug,,scripts/_unpack/377/all.obj
viking_jug_3,Full jug,,scripts/_unpack/377/all.obj
viking_jug_empty,Empty jug,,scripts/_unpack/377/all.obj
viking_jug_frozen,Frozen jug,,scripts/_unpack/377/all.obj
viking_key,Seer's key,,scripts/_unpack/377/all.obj
viking_key_in_ice,Frozen key,,scripts/_unpack/377/all.obj
viking_legendary_cocktail,Legendary cocktail,,scripts/_unpack/377/all.obj
viking_low_alcahol_beerkeg,Low alcohol keg,,scripts/_unpack/377/all.obj
viking_map_to_hunting_grounds,Hunters map,,scripts/_unpack/377/all.obj
viking_musical_tree_branch,Branch,,scripts/_unpack/377/all.obj
viking_new_boots,Sturdy boots,,scripts/_unpack/377/all.obj
viking_pointless_magnet,Magnet,,scripts/_unpack/377/all.obj
viking_pointless_pick,Small pick,,scripts/_unpack/377/all.obj
viking_pointless_shiptoy,Toy ship,,scripts/_unpack/377/all.obj
viking_pointless_thread,Blue thread,,scripts/_unpack/377/all.obj
viking_promissary_note,Fiscal statement,,scripts/_unpack/377/all.obj
viking_promissary_note2,Promissory note,,scripts/_unpack/377/all.obj
viking_promissary_note3,Warriors' contract,,scripts/_unpack/377/all.obj
viking_rare_flower,Exotic flower,,scripts/_unpack/377/all.obj
viking_red_herring,Red herring,,scripts/_unpack/377/all.obj
viking_red_splat,Sticky red goop,,scripts/_unpack/377/all.obj
viking_red_wooden_coin,Red disk,,scripts/_unpack/377/all.obj
viking_shield,Fremennik shield,,scripts/_unpack/377/all.obj
viking_song,Fremennik ballad,,scripts/_unpack/377/all.obj
viking_strung_lyre,Lyre,,scripts/_unpack/377/all.obj
viking_sword,Fremennik blade,,scripts/_unpack/377/all.obj
viking_tankard_empty,Tankard,,scripts/_unpack/377/all.obj
viking_tankard_full,Beer,,scripts/_unpack/377/all.obj
viking_top_beige,Fremennik shirt,,scripts/_unpack/377/all.obj
viking_top_blue,Fremennik shirt,,scripts/_unpack/377/all.obj
viking_top_darkbrown,Fremennik shirt,,scripts/_unpack/377/all.obj
viking_top_green,Fremennik shirt,,scripts/_unpack/377/all.obj
viking_top_red,Fremennik shirt,,scripts/_unpack/377/all.obj
viking_toyship,Lifeboat,,scripts/_unpack/377/all.obj
viking_uncoloured_wooden_coin,Wooden disk,,scripts/_unpack/377/all.obj
viking_unique_fish,Unusual fish,,scripts/_unpack/377/all.obj
viking_unstrung_lyre,Unstrung lyre,,scripts/_unpack/377/all.obj
viking_vase_lid,Vase lid,,scripts/_unpack/377/all.obj
viking_weather_forecast,Weather forecast,,scripts/_unpack/377/all.obj
vikingboots,Fremennik boots,,scripts/_unpack/377/all.obj
vikinggloves,Gloves,,scripts/_unpack/377/all.obj
vikinghat,Fremennik hat,,scripts/_unpack/377/all.obj
vikingrobebottom,Fremennik skirt,,scripts/_unpack/377/all.obj
vikingrobetop,Fremennik robe,,scripts/_unpack/377/all.obj
village_rare_tuber,Gout tuber,,scripts/_unpack/377/all.obj
village_snake_hide,Snake hide,,scripts/_unpack/377/all.obj
village_snake_skin,Snakeskin,,scripts/_unpack/377/all.obj
village_spider_carcass,Spider carcass,,scripts/_unpack/377/all.obj
village_trade_sticks,Trading sticks,,scripts/_unpack/377/all.obj
village_trade_sticks2,,,scripts/_unpack/377/all.obj
village_trade_sticks3,,,scripts/_unpack/377/all.obj
village_trade_sticks4,,,scripts/_unpack/377/all.obj
village_trade_sticks5,,,scripts/_unpack/377/all.obj
vine_seed_2,,,scripts/_unpack/377/all.obj
vine_seed_3,,,scripts/_unpack/377/all.obj
vine_seed_4,,,scripts/_unpack/377/all.obj
vine_seed_5,,,scripts/_unpack/377/all.obj
viyeldihat,Blue hat,,scripts/_unpack/377/all.obj
vodka,Vodka,,scripts/skill_cooking/configs/gnome_cooking/cocktails.obj
volencia_moss,Volencia moss,,scripts/_unpack/377/all.obj
vt_useless_rock,Pet rock,,scripts/_unpack/377/all.obj
waa_helper,Wolfbane lever,,scripts/_unpack/377/all.obj
waa_stick,Stick,,scripts/_unpack/377/all.obj
wallbeast_spike_helmet,Spiny helmet,,scripts/_unpack/377/all.obj
wanted_crystal_ball,Commorb,,scripts/_unpack/377/all.obj
wanted_solus_trophy,Solus's hat,,scripts/_unpack/377/all.obj
warhammer,Warhammer,,scripts/_unpack/377/all.obj
warrant,Warrant,,scripts/_unpack/377/all.obj
warrior_ring,Warrior ring,,scripts/_unpack/377/all.obj
watch_eye_patch,Tattered eye patch,,scripts/_unpack/377/all.obj
watchtowerarmour,Unusual armour,,scripts/_unpack/377/all.obj
watchtowerdagger,Damaged dagger,,scripts/_unpack/377/all.obj
watchtowerrobe,Old robe,,scripts/_unpack/377/all.obj
watchtowerspell,Spell scroll,,scripts/_unpack/377/all.obj
water_battlestaff,Water battlestaff,,scripts/_unpack/377/all.obj
water_orb,Water orb,,scripts/_unpack/377/all.obj
water_skin0,Waterskin(0),,scripts/_unpack/377/all.obj
water_skin1,Waterskin(1),,scripts/_unpack/377/all.obj
water_skin2,Waterskin(2),,scripts/_unpack/377/all.obj
water_skin3,Waterskin(3),,scripts/_unpack/377/all.obj
water_skin4,Waterskin(4),,scripts/_unpack/377/all.obj
water_talisman,Water talisman,,scripts/skill_runecraft/configs/runecraft.obj
watering_can_0,Watering can,,scripts/_unpack/377/all.obj
watering_can_1,Watering can(1),,scripts/_unpack/377/all.obj
watering_can_2,Watering can(2),,scripts/_unpack/377/all.obj
watering_can_3,Watering can(3),,scripts/_unpack/377/all.obj
watering_can_4,Watering can(4),,scripts/_unpack/377/all.obj
watering_can_5,Watering can(5),,scripts/_unpack/377/all.obj
watering_can_6,Watering can(6),,scripts/_unpack/377/all.obj
watering_can_7,Watering can(7),,scripts/_unpack/377/all.obj
watering_can_8,Watering can(8),,scripts/_unpack/377/all.obj
watering_can_dummy,Watering can,,scripts/_unpack/377/all.obj
watermelon,Watermelon,,scripts/_unpack/377/all.obj
watermelon_seed,Watermelon seed,,scripts/_unpack/377/all.obj
watermelon_seed_2,,,scripts/_unpack/377/all.obj
watermelon_seed_3,,,scripts/_unpack/377/all.obj
watermelon_seed_4,,,scripts/_unpack/377/all.obj
watermelon_seed_5,,,scripts/_unpack/377/all.obj
watermelon_slice,Watermelon slice,,scripts/_unpack/377/all.obj
waterrune,Water rune,,scripts/_unpack/377/all.obj
weapon_poison,Weapon poison,,scripts/_unpack/377/all.obj
wearable_stool_white,Stool,,scripts/_unpack/377/all.obj
weeds,Weeds,,scripts/_unpack/377/all.obj
werewolf_slide_hold,Mouth grip,,scripts/_unpack/377/all.obj
werewolve_fur,Fur,,scripts/_unpack/377/all.obj
whisky,Whisky,,scripts/skill_cooking/configs/gnome_cooking/cocktails.obj
white_2h_sword,White 2h sword,,scripts/_unpack/377/all.obj
white_apron,White apron,,scripts/_unpack/377/all.obj
white_armoured_boots,White boots,,scripts/_unpack/377/all.obj
white_battleaxe,White battleaxe,,scripts/_unpack/377/all.obj
white_bead,White bead,,scripts/quests/quest_imp/configs/quest_imp.obj
white_berries,White berries,,scripts/_unpack/377/all.obj
white_chainbody,White chainbody,,scripts/_unpack/377/all.obj
white_claws,White claws,,scripts/_unpack/377/all.obj
white_dagger,White dagger,,scripts/_unpack/377/all.obj
white_dagger_p,White dagger(p),,scripts/_unpack/377/all.obj
white_full_helm,White full helm,,scripts/_unpack/377/all.obj
white_gloves,White gloves,,scripts/_unpack/377/all.obj
white_halberd,White halberd,,scripts/_unpack/377/all.obj
white_kiteshield,White kiteshield,,scripts/_unpack/377/all.obj
white_longsword,White longsword,,scripts/_unpack/377/all.obj
white_mace,White mace,,scripts/_unpack/377/all.obj
white_magic_staff,Magic staff,,scripts/_unpack/377/all.obj
white_med_helm,White med helm,,scripts/_unpack/377/all.obj
white_partyhat,White partyhat,,scripts/_unpack/377/all.obj
white_platebody,White platebody,,scripts/_unpack/377/all.obj
white_platelegs,White platelegs,,scripts/_unpack/377/all.obj
white_plateskirt,White plateskirt,,scripts/_unpack/377/all.obj
white_scimitar,White scimitar,,scripts/_unpack/377/all.obj
white_sq_shield,White sq shield,,scripts/_unpack/377/all.obj
white_sword,White sword,,scripts/_unpack/377/all.obj
white_warhammer,White warhammer,,scripts/_unpack/377/all.obj
whiteberry_bush_seed,Whiteberry seed,,scripts/_unpack/377/all.obj
whiteberry_seed_2,,,scripts/_unpack/377/all.obj
whiteberry_seed_3,,,scripts/_unpack/377/all.obj
whiteberry_seed_4,,,scripts/_unpack/377/all.obj
whiteberry_seed_5,,,scripts/_unpack/377/all.obj
whitecog,Cog,,scripts/_unpack/377/all.obj
wild_pie,Wild pie,,scripts/_unpack/377/all.obj
wildblood_hop_seed,Wildblood seed,,scripts/_unpack/377/all.obj
wildblood_hop_seed_2,,,scripts/_unpack/377/all.obj
wildblood_hop_seed_3,,,scripts/_unpack/377/all.obj
wildblood_hop_seed_4,,,scripts/_unpack/377/all.obj
wildblood_hop_seed_5,,,scripts/_unpack/377/all.obj
wildblood_hops,Wildblood hops,,scripts/_unpack/377/all.obj
wilderness_cape_1,Team-1 cape,,scripts/_unpack/377/all.obj
wilderness_cape_10,Team-10 cape,,scripts/_unpack/377/all.obj
wilderness_cape_11,Team-11 cape,,scripts/_unpack/377/all.obj
wilderness_cape_12,Team-12 cape,,scripts/_unpack/377/all.obj
wilderness_cape_13,Team-13 cape,,scripts/_unpack/377/all.obj
wilderness_cape_14,Team-14 cape,,scripts/_unpack/377/all.obj
wilderness_cape_15,Team-15 cape,,scripts/_unpack/377/all.obj
wilderness_cape_16,Team-16 cape,,scripts/_unpack/377/all.obj
wilderness_cape_17,Team-17 cape,,scripts/_unpack/377/all.obj
wilderness_cape_18,Team-18 cape,,scripts/_unpack/377/all.obj
wilderness_cape_19,Team-19 cape,,scripts/_unpack/377/all.obj
wilderness_cape_2,Team-2 cape,,scripts/_unpack/377/all.obj
wilderness_cape_20,Team-20 cape,,scripts/_unpack/377/all.obj
wilderness_cape_21,Team-21 cape,,scripts/_unpack/377/all.obj
wilderness_cape_22,Team-22 cape,,scripts/_unpack/377/all.obj
wilderness_cape_23,Team-23 cape,,scripts/_unpack/377/all.obj
wilderness_cape_24,Team-24 cape,,scripts/_unpack/377/all.obj
wilderness_cape_25,Team-25 cape,,scripts/_unpack/377/all.obj
wilderness_cape_26,Team-26 cape,,scripts/_unpack/377/all.obj
wilderness_cape_27,Team-27 cape,,scripts/_unpack/377/all.obj
wilderness_cape_28,Team-28 cape,,scripts/_unpack/377/all.obj
wilderness_cape_29,Team-29 cape,,scripts/_unpack/377/all.obj
wilderness_cape_3,Team-3 cape,,scripts/_unpack/377/all.obj
wilderness_cape_30,Team-30 cape,,scripts/_unpack/377/all.obj
wilderness_cape_31,Team-31 cape,,scripts/_unpack/377/all.obj
wilderness_cape_32,Team-32 cape,,scripts/_unpack/377/all.obj
wilderness_cape_33,Team-33 cape,,scripts/_unpack/377/all.obj
wilderness_cape_34,Team-34 cape,,scripts/_unpack/377/all.obj
wilderness_cape_35,Team-35 cape,,scripts/_unpack/377/all.obj
wilderness_cape_36,Team-36 cape,,scripts/_unpack/377/all.obj
wilderness_cape_37,Team-37 cape,,scripts/_unpack/377/all.obj
wilderness_cape_38,Team-38 cape,,scripts/_unpack/377/all.obj
wilderness_cape_39,Team-39 cape,,scripts/_unpack/377/all.obj
wilderness_cape_4,Team-4 cape,,scripts/_unpack/377/all.obj
wilderness_cape_40,Team-40 cape,,scripts/_unpack/377/all.obj
wilderness_cape_41,Team-41 cape,,scripts/_unpack/377/all.obj
wilderness_cape_42,Team-42 cape,,scripts/_unpack/377/all.obj
wilderness_cape_43,Team-43 cape,,scripts/_unpack/377/all.obj
wilderness_cape_44,Team-44 cape,,scripts/_unpack/377/all.obj
wilderness_cape_45,Team-45 cape,,scripts/_unpack/377/all.obj
wilderness_cape_46,Team-46 cape,,scripts/_unpack/377/all.obj
wilderness_cape_47,Team-47 cape,,scripts/_unpack/377/all.obj
wilderness_cape_48,Team-48 cape,,scripts/_unpack/377/all.obj
wilderness_cape_49,Team-49 cape,,scripts/_unpack/377/all.obj
wilderness_cape_5,Team-5 cape,,scripts/_unpack/377/all.obj
wilderness_cape_50,Team-50 cape,,scripts/_unpack/377/all.obj
wilderness_cape_6,Team-6 cape,,scripts/_unpack/377/all.obj
wilderness_cape_7,Team-7 cape,,scripts/_unpack/377/all.obj
wilderness_cape_8,Team-8 cape,,scripts/_unpack/377/all.obj
wilderness_cape_9,Team-9 cape,,scripts/_unpack/377/all.obj
wileycatobject,Wily cat,,scripts/_unpack/377/all.obj
wileycatobject_black,Wily cat,,scripts/_unpack/377/all.obj
wileycatobject_bluegrey,Wily cat,,scripts/_unpack/377/all.obj
wileycatobject_brown,Wily cat,,scripts/_unpack/377/all.obj
wileycatobject_browngrey,Wily cat,,scripts/_unpack/377/all.obj
wileycatobject_hell,Wily hellcat,,scripts/_unpack/377/all.obj
wileycatobject_light,Wily cat,,scripts/_unpack/377/all.obj
willow_branch,Willow branch,,scripts/_unpack/377/all.obj
willow_logs,Willow logs,,scripts/skill_firemaking/configs/firemaking.obj
willow_logs_pyre,Willow pyre logs,,scripts/_unpack/377/all.obj
willow_longbow,Willow longbow,,scripts/_unpack/377/all.obj
willow_roots,Willow roots,,scripts/_unpack/377/all.obj
willow_seed,Willow seed,,scripts/_unpack/377/all.obj
willow_seeds_2,,,scripts/_unpack/377/all.obj
willow_seeds_3,,,scripts/_unpack/377/all.obj
willow_seeds_4,,,scripts/_unpack/377/all.obj
willow_seeds_5,,,scripts/_unpack/377/all.obj
willow_shortbow,Willow shortbow,,scripts/_unpack/377/all.obj
win05_20bauble_box,Bauble box,,scripts/_unpack/377/all.obj
win05_20bauble_box_full,Bauble box,,scripts/_unpack/377/all.obj
win05_20puppet_box,Puppet box,,scripts/_unpack/377/all.obj
win05_20puppet_box_full,Puppet box,,scripts/_unpack/377/all.obj
win05_bellbauble_blue,Bell bauble,,scripts/_unpack/377/all.obj
win05_bellbauble_green,Bell bauble,,scripts/_unpack/377/all.obj
win05_bellbauble_pink,Bell bauble,,scripts/_unpack/377/all.obj
win05_bellbauble_red,Bell bauble,,scripts/_unpack/377/all.obj
win05_bellbauble_unpainted,Bell bauble,,scripts/_unpack/377/all.obj
win05_bellbauble_yellow,Bell bauble,,scripts/_unpack/377/all.obj
win05_boxbauble_blue,Box bauble,,scripts/_unpack/377/all.obj
win05_boxbauble_green,Box bauble,,scripts/_unpack/377/all.obj
win05_boxbauble_pink,Box bauble,,scripts/_unpack/377/all.obj
win05_boxbauble_red,Box bauble,,scripts/_unpack/377/all.obj
win05_boxbauble_unpainted,Box bauble,,scripts/_unpack/377/all.obj
win05_boxbauble_yellow,Box bauble,,scripts/_unpack/377/all.obj
win05_diamondbauble_blue,Diamond bauble,,scripts/_unpack/377/all.obj
win05_diamondbauble_green,Diamond bauble,,scripts/_unpack/377/all.obj
win05_diamondbauble_pink,Diamond bauble,,scripts/_unpack/377/all.obj
win05_diamondbauble_red,Diamond bauble,,scripts/_unpack/377/all.obj
win05_diamondbauble_unpainted,Diamond bauble,,scripts/_unpack/377/all.obj
win05_diamondbauble_yellow,Diamond bauble,,scripts/_unpack/377/all.obj
win05_hat1,Bobble hat,,scripts/_unpack/377/all.obj
win05_hat2,Jester hat,,scripts/_unpack/377/all.obj
win05_hat3,Tri-jester hat,,scripts/_unpack/377/all.obj
win05_hat4,Woolly hat,,scripts/_unpack/377/all.obj
win05_marionette_complete_blue,Blue marionette,,scripts/_unpack/377/all.obj
win05_marionette_complete_blue_alive,Blue marionette,,scripts/_unpack/377/all.obj
win05_marionette_complete_green,Green marionette,,scripts/_unpack/377/all.obj
win05_marionette_complete_green_alive,Green marionette,,scripts/_unpack/377/all.obj
win05_marionette_complete_red,Red marionette,,scripts/_unpack/377/all.obj
win05_marionette_complete_red_alive,Red marionette,,scripts/_unpack/377/all.obj
win05_marionette_handle,Marionette handle,,scripts/_unpack/377/all.obj
win05_marionette_stage1_blue,Blue marionette,,scripts/_unpack/377/all.obj
win05_marionette_stage1_green,Green marionette,,scripts/_unpack/377/all.obj
win05_marionette_stage1_red,Red marionette,,scripts/_unpack/377/all.obj
win05_marionette_stage2_blue,Blue marionette,,scripts/_unpack/377/all.obj
win05_marionette_stage2_green,Green marionette,,scripts/_unpack/377/all.obj
win05_marionette_stage2_red,Red marionette,,scripts/_unpack/377/all.obj
win05_marionette_stage3_blue,Blue marionette,,scripts/_unpack/377/all.obj
win05_marionette_stage3_green,Green marionette,,scripts/_unpack/377/all.obj
win05_marionette_stage3_red,Red marionette,,scripts/_unpack/377/all.obj
win05_marionette_stage4_blue,Blue marionette,,scripts/_unpack/377/all.obj
win05_marionette_stage4_green,Green marionette,,scripts/_unpack/377/all.obj
win05_marionette_stage4_red,Red marionette,,scripts/_unpack/377/all.obj
win05_scarf1,Bobble scarf,,scripts/_unpack/377/all.obj
win05_scarf2,Jester scarf,,scripts/_unpack/377/all.obj
win05_scarf3,Tri-jester scarf,,scripts/_unpack/377/all.obj
win05_scarf4,Woolly scarf,,scripts/_unpack/377/all.obj
win05_starbauble_blue,Star bauble,,scripts/_unpack/377/all.obj
win05_starbauble_green,Star bauble,,scripts/_unpack/377/all.obj
win05_starbauble_pink,Star bauble,,scripts/_unpack/377/all.obj
win05_starbauble_red,Star bauble,,scripts/_unpack/377/all.obj
win05_starbauble_unpainted,Star bauble,,scripts/_unpack/377/all.obj
win05_starbauble_yellow,Star bauble,,scripts/_unpack/377/all.obj
win05_treebauble_blue,Tree bauble,,scripts/_unpack/377/all.obj
win05_treebauble_green,Tree bauble,,scripts/_unpack/377/all.obj
win05_treebauble_pink,Tree bauble,,scripts/_unpack/377/all.obj
win05_treebauble_red,Tree bauble,,scripts/_unpack/377/all.obj
win05_treebauble_unpainted,Tree bauble,,scripts/_unpack/377/all.obj
win05_treebauble_yellow,Tree bauble,,scripts/_unpack/377/all.obj
wine_of_zamorak,Wine of zamorak,,scripts/_unpack/377/all.obj
witches_diary,Diary,,scripts/_unpack/377/all.obj
witches_doorkey,Door key,,scripts/_unpack/377/all.obj
witches_shedkey,Key,,scripts/_unpack/377/all.obj
wizard_blizzard,Wizard blizzard,,scripts/skill_cooking/configs/gnome_cooking/cocktails.obj
wizards_mind_bomb,Wizard's mind bomb,,scripts/skill_cooking/configs/cooking_generic/cooking.obj
wizards_robe,Wizard robe,,scripts/_unpack/377/all.obj
wizards_robe_trim,Wizard robe (t),,scripts/_unpack/377/all.obj
wizards_robe_trim_gold,Wizard robe (g),,scripts/_unpack/377/all.obj
woad_seed,Woad seed,,scripts/_unpack/377/all.obj
woad_seed_2,,,scripts/_unpack/377/all.obj
woad_seed_3,,,scripts/_unpack/377/all.obj
woad_seed_4,,,scripts/_unpack/377/all.obj
woad_seed_5,,,scripts/_unpack/377/all.obj
woadleaf,Woad leaf,,scripts/_unpack/377/all.obj
woadleaf_2,,,scripts/_unpack/377/all.obj
woadleaf_3,,,scripts/_unpack/377/all.obj
woadleaf_4,,,scripts/_unpack/377/all.obj
woadleaf_5,,,scripts/_unpack/377/all.obj
woadleaf_dummy,Woad leaf,,scripts/_unpack/377/all.obj
wolf_bones,Wolf bones,,scripts/_unpack/377/all.obj
wolfbone_arrowheads,Wolfbone arrowtips,,scripts/_unpack/377/all.obj
wolfenboots_crimson,Boots,,scripts/_unpack/377/all.obj
wolfenboots_grey,Boots,,scripts/_unpack/377/all.obj
wolfenboots_ocean,Boots,,scripts/_unpack/377/all.obj
wolfenboots_purple,Boots,,scripts/_unpack/377/all.obj
wolfenboots_tangerine,Boots,,scripts/_unpack/377/all.obj
wolfengloves_crimson,Gloves,,scripts/_unpack/377/all.obj
wolfengloves_grey,Gloves,,scripts/_unpack/377/all.obj
wolfengloves_ocean,Gloves,,scripts/_unpack/377/all.obj
wolfengloves_purple,Gloves,,scripts/_unpack/377/all.obj
wolfengloves_tangerine,Gloves,,scripts/_unpack/377/all.obj
wolfenhat_crimson,Hat,,scripts/_unpack/377/all.obj
wolfenhat_grey,Hat,,scripts/_unpack/377/all.obj
wolfenhat_ocean,Hat,,scripts/_unpack/377/all.obj
wolfenhat_purple,Hat,,scripts/_unpack/377/all.obj
wolfenhat_tangerine,Hat,,scripts/_unpack/377/all.obj
wolfenrobebottom_crimson,Robe bottoms,,scripts/_unpack/377/all.obj
wolfenrobebottom_grey,Robe bottoms,,scripts/_unpack/377/all.obj
wolfenrobebottom_ocean,Robe bottoms,,scripts/_unpack/377/all.obj
wolfenrobebottom_purple,Robe bottoms,,scripts/_unpack/377/all.obj
wolfenrobebottom_tangerine,Robe bottoms,,scripts/_unpack/377/all.obj
wolfenrobetop_crimson,Robe top,,scripts/_unpack/377/all.obj
wolfenrobetop_grey,Robe top,,scripts/_unpack/377/all.obj
wolfenrobetop_ocean,Robe top,,scripts/_unpack/377/all.obj
wolfenrobetop_purple,Robe top,,scripts/_unpack/377/all.obj
wolfenrobetop_tangerine,Robe top,,scripts/_unpack/377/all.obj
wom_book_1,Strange book,,scripts/_unpack/377/all.obj
wom_book_2,Book of folklore,,scripts/_unpack/377/all.obj
wom_chicken_book,Book on chickens,,scripts/_unpack/377/all.obj
wom_message,Old man's message,,scripts/_unpack/377/all.obj
wooden_shield,Wooden shield,,scripts/_unpack/377/all.obj
woodplank,Plank,,scripts/_unpack/377/all.obj
wool,Wool,,scripts/_unpack/377/all.obj
worm,Worm,,scripts/_unpack/377/all.obj
worm_batta,Worm batta,,scripts/skill_cooking/configs/gnome_cooking/battas.obj
worm_crunchies,Worm crunchies,,scripts/skill_cooking/configs/gnome_cooking/crunchies.obj
worm_hole,Worm hole,,scripts/skill_cooking/configs/gnome_cooking/gnomebowls.obj
wrapped_oomlie,Wrapped oomlie,,scripts/skill_cooking/configs/cooking_inv/configs/oomlie_bird_meat/oomlie_bird_meat.obj
wyvern_bones,Wyvern bones,,scripts/_unpack/377/all.obj
xmas_yoyo,Yo-yo,,scripts/_unpack/377/all.obj
xmas_yoyoworn,,,scripts/_unpack/377/all.obj
yanillian_hop_seed,Yanillian seed,,scripts/_unpack/377/all.obj
yanillian_hop_seed_2,,,scripts/_unpack/377/all.obj
yanillian_hop_seed_3,,,scripts/_unpack/377/all.obj
yanillian_hop_seed_4,,,scripts/_unpack/377/all.obj
yanillian_hop_seed_5,,,scripts/_unpack/377/all.obj
yanillian_hops,Yanillian hops,,scripts/_unpack/377/all.obj
yellow_bead,Yellow bead,,scripts/quests/quest_imp/configs/quest_imp.obj
yellow_cape,Cape,,scripts/_unpack/377/all.obj
yellow_partyhat,Yellow partyhat,,scripts/_unpack/377/all.obj
yellowdye,Yellow dye,,scripts/_unpack/377/all.obj
yellowkey,Key,,scripts/_unpack/377/all.obj
yew_logs,Yew logs,,scripts/skill_firemaking/configs/firemaking.obj
yew_logs_pyre,Yew pyre logs,,scripts/_unpack/377/all.obj
yew_longbow,Yew longbow,,scripts/_unpack/377/all.obj
yew_roots,Yew roots,,scripts/_unpack/377/all.obj
yew_seed,Yew seed,,scripts/_unpack/377/all.obj
yew_seed_2,,,scripts/_unpack/377/all.obj
yew_seed_3,,,scripts/_unpack/377/all.obj
yew_seed_4,,,scripts/_unpack/377/all.obj
yew_seed_5,,,scripts/_unpack/377/all.obj
yew_shortbow,Yew shortbow,,scripts/_unpack/377/all.obj
yommiseeds,Yommi tree seeds,,scripts/_unpack/377/all.obj
yommiseeds_germ,Yommi tree seeds,,scripts/_unpack/377/all.obj
zamorak_cape,Zamorak cape,,scripts/_unpack/377/all.obj
zamorak_staff,Zamorak staff,,scripts/_unpack/377/all.obj
zamorakbook_complete,Unholy book,,scripts/_unpack/377/all.obj
zamrobebottom,Zamorak robe,,scripts/_unpack/377/all.obj
zamrobetop,Zamorak robe,,scripts/_unpack/377/all.obj
zarosstonetablet,Stone tablet,,scripts/_unpack/377/all.obj
zogre_ancestral_bones_fayg,Fayrg bones,,scripts/_unpack/377/all.obj
zogre_ancestral_bones_ourg,Ourg bones,,scripts/_unpack/377/all.obj
zogre_ancestral_bones_raurg,Raurg bones,,scripts/_unpack/377/all.obj
zogre_artifacts,Ogre artefact,,scripts/_unpack/377/all.obj
zogre_black_prism,Black prism,,scripts/_unpack/377/all.obj
zogre_bones,Zogre bones,,scripts/_unpack/377/all.obj
zogre_bow,Comp ogre bow,,scripts/_unpack/377/all.obj
zogre_brentle_vahn_backpack,Ruined backpack,,scripts/_unpack/377/all.obj
zogre_brutal_adamant,Adamant brutal,,scripts/_unpack/377/all.obj
zogre_brutal_adamant2,,,scripts/_unpack/377/all.obj
zogre_brutal_adamant3,,,scripts/_unpack/377/all.obj
zogre_brutal_adamant4,,,scripts/_unpack/377/all.obj
zogre_brutal_adamant5,,,scripts/_unpack/377/all.obj
zogre_brutal_black,Black brutal,,scripts/_unpack/377/all.obj
zogre_brutal_black2,,,scripts/_unpack/377/all.obj
zogre_brutal_black3,,,scripts/_unpack/377/all.obj
zogre_brutal_black4,,,scripts/_unpack/377/all.obj
zogre_brutal_black5,,,scripts/_unpack/377/all.obj
zogre_brutal_bronze,Bronze brutal,,scripts/_unpack/377/all.obj
zogre_brutal_bronze2,,,scripts/_unpack/377/all.obj
zogre_brutal_bronze3,,,scripts/_unpack/377/all.obj
zogre_brutal_bronze4,,,scripts/_unpack/377/all.obj
zogre_brutal_bronze5,,,scripts/_unpack/377/all.obj
zogre_brutal_iron,Iron brutal,,scripts/_unpack/377/all.obj
zogre_brutal_iron2,,,scripts/_unpack/377/all.obj
zogre_brutal_iron3,,,scripts/_unpack/377/all.obj
zogre_brutal_iron4,,,scripts/_unpack/377/all.obj
zogre_brutal_iron5,,,scripts/_unpack/377/all.obj
zogre_brutal_mithril,Mithril brutal,,scripts/_unpack/377/all.obj
zogre_brutal_mithril2,,,scripts/_unpack/377/all.obj
zogre_brutal_mithril3,,,scripts/_unpack/377/all.obj
zogre_brutal_mithril4,,,scripts/_unpack/377/all.obj
zogre_brutal_mithril5,,,scripts/_unpack/377/all.obj
zogre_brutal_rune,Rune brutal,,scripts/_unpack/377/all.obj
zogre_brutal_rune2,,,scripts/_unpack/377/all.obj
zogre_brutal_rune3,,,scripts/_unpack/377/all.obj
zogre_brutal_rune4,,,scripts/_unpack/377/all.obj
zogre_brutal_rune5,,,scripts/_unpack/377/all.obj
zogre_brutal_steel,Steel brutal,,scripts/_unpack/377/all.obj
zogre_brutal_steel2,,,scripts/_unpack/377/all.obj
zogre_brutal_steel3,,,scripts/_unpack/377/all.obj
zogre_brutal_steel4,,,scripts/_unpack/377/all.obj
zogre_brutal_steel5,,,scripts/_unpack/377/all.obj
zogre_coffinkey,Ogre coffin key,,scripts/_unpack/377/all.obj
zogre_cup_of_tea_sithix,Cup of tea,,scripts/_unpack/377/all.obj
zogre_dragon_tankard,Dragon inn tankard,,scripts/_unpack/377/all.obj
zogre_hambook,Book of 'h.a.m',,scripts/_unpack/377/all.obj
zogre_necrobook,Necromancy book,,scripts/_unpack/377/all.obj
zogre_necromantic_page,Torn page,,scripts/_unpack/377/all.obj
zogre_ogre_trans_potion,Strange potion,,scripts/_unpack/377/all.obj
zogre_portrait_book,Book of portraiture,,scripts/_unpack/377/all.obj
zogre_sithik_portrait_bad,Sithik portrait,,scripts/_unpack/377/all.obj
zogre_sithik_portrait_good,Sithik portrait,,scripts/_unpack/377/all.obj
zogre_sithik_portrait_signed,Signed portrait,,scripts/_unpack/377/all.obj
zogre_tomb_artefact_key,Ogre gate key,,scripts/_unpack/377/all.obj
zqberviriusscroll,Tattered scroll,,scripts/_unpack/377/all.obj
zqberviriusscroll2,Bervirius notes,,scripts/_unpack/377/all.obj
zqbevsword,Sword pommel,,scripts/_unpack/377/all.obj
zqbonebeads,Bone beads,,scripts/_unpack/377/all.obj
zqbonekey,Bone key,,scripts/_unpack/377/all.obj
zqboneshard,Bone shard,,scripts/_unpack/377/all.obj
zqcorpse,Rashiliyia corpse,,scripts/_unpack/377/all.obj
zqcrystal,Locating crystal,,scripts/_unpack/377/all.obj
zqcrystal_blue,Locating crystal,,scripts/_unpack/377/all.obj
zqcrystal_red,Locating crystal,,scripts/_unpack/377/all.obj
zqcrystal_white,Locating crystal,,scripts/_unpack/377/all.obj
zqcrystal_yellow,Locating crystal,,scripts/_unpack/377/all.obj
zqdeadbeads,Beads of the dead,,scripts/_unpack/377/all.obj
zqplaque,Stone-plaque,,scripts/_unpack/377/all.obj
zqrashiliyiascroll,Crumpled scroll,,scripts/_unpack/377/all.obj
zqzadimusbones,Zadimus corpse,,scripts/_unpack/377/all.obj
